Student ID,Age,Grade,School,Q1,Q1_Response Time Score,Q2,Q2_Response Time Score,Q3,Q3_Response Time Score,Q4,Q4_Response Time Score,Q5,Q5_Response Time Score,Q6,Q6_Response Time Score,Q7,Q7_Response Time Score,Q8,Q8_Response Time Score,Q9,Q9_Response Time Score,Q10,Q10_Response Time Score,Q11,Q11_Response Time Score,Q12,Q12_Response Time Score,Q13,Q13_Response Time Score,Q14,Q14_Response Time Score,Q15,Q15_Response Time Score,Q16,Q16_Response Time Score,Q17,Q17_Response Time Score,Q18,Q18_Response Time Score,Q19,Q19_Response Time Score,Q20,Q20_Response Time Score,Q21,Q21_Response Time Score,Q22,Q22_Response Time Score,Q23,Q23_Response Time Score,Q24,Q24_Response Time Score,Q1_Time,Q1_Time by Grade,Q2_Time,Q2_Time by Grade,Q3_Time,Q3_Time by Grade,Q4_Time,Q4_Time by Grade,Q5_Time,Q5_Time by Grade,Q6_Time,Q6_Time by Grade,Q7_Time,Q7_Time by Grade,Q8_Time,Q8_Time by Grade,Q9_Time,Q9_Time by Grade,Q10_Time,Q10_Time by Grade,Q11_Time,Q11_Time by Grade,Q12_Time,Q12_Time by Grade,Q13_Time,Q13_Time by Grade,Q14_Time,Q14_Time by Grade,Q15_Time,Q15_Time by Grade,Q16_Time,Q16_Time by Grade,Q17_Time,Q17_Time by Grade,Q18_Time,Q18_Time by Grade,Q19_Time,Q19_Time by Grade,Q20_Time,Q20_Time by Grade,Q21_Time,Q21_Time by Grade,Q22_Time,Q22_Time by Grade,Q23_Time,Q23_Time by Grade,Q24_Time,Q24_Time by Grade,How much did the student enjoy the activity,How is the student feeling,Total Score,Was your child's birth weight considered very low (3 pounds or less)?,Was your child born prematurely (before 37 weeks)?,Any birth complications or known birth defects?,Is there a family history (parent/sibling) of significant difficulty with mathematics or diagnosed dyscalculia?,Do you think your child particularly struggles in mathematics?,"Performance in Math
(original grades)","Performance in Math
(derived grades)","Performance in Other Subjects
(original grades)","Performance in Other Subjects
(derived grades)",Do you think the child struggles specifically in Math?
_ anaya-3,,3,NEWLANDS,1,0,1,0,1,0,1,0,1,0,1,0,1,0,1,0,1,-1,1,0,1,-1,0,0,0,0,1,0,0,-1,0,0,1,0,1,0,0,0,1,-1,0,0,1,0,1,0,1,0,16.66,Average,9.33,Slightly Below Avg,11.93,Slightly Above Avg,7.61,Average,11.57,Average,12.2,Slightly Above Avg,7.31,Average,6.37,Average,10.53,Way Above Avg,6.97,Average,15.49,Way Above Avg,32.17,Average,16.58,Average,18.9,Average,57.67,Way Above Avg,20.07,Slightly Above Avg,22.1,Average,10.01,Average,24.54,Average,59.06,Way Above Avg,19.1,Average,7.48,Average,8.76,Average,22.22,Average,1,1,14,,,,,,,,,,
_abdullah hassan-2,,2,NEWLANDS,1,1,0,0,1,0,1,0,1,0,1,0,1,0,1,0,1,0,1,0,1,0,0.5,0,1,0,1,0,1,0,1,-1,0,0,1,0,1,0,1,0,1,0,1,0,1,0,1,0,10.14,Way Below Avg,29.16,Average,12.29,Slightly Above Avg,9.95,Average,9.34,Average,8.28,Average,8.1,Average,8.36,Average,6.94,Average,7.4,Average,10.17,Slightly Above Avg,45.7,Average,29.21,Average,19.19,Average,40.33,Slightly Above Avg,46.05,Way Above Avg,28.1,Average,23.69,Slightly Above Avg,22.9,Average,37.22,Slightly Above Avg,39.58,Average,16.15,Average,12.88,Slightly Above Avg,58.79,Slightly Above Avg,1,1,21.5,,,,,,,,,,
3-Jan,,3,NEWLANDS,1,0,1,0,1,0,1,-1,0,-1,0,0,1,0,1,0,1,0,1,0,1,0,1,0,0.5,0,1,0,1,0,0,0,0,0,1,0,1,0,1,0,0,0,1,0,1,0,1,0,8.94,Slightly Below Avg,11.9,Average,12.62,Slightly Above Avg,13.98,Way Above Avg,35.94,Way Above Avg,12.36,Slightly Above Avg,5.76,Average,5.57,Average,7.2,Slightly Above Avg,6.31,Average,5.51,Average,14.79,Slightly Below Avg,20.06,Average,14.18,Average,25.16,Average,17.09,Average,18.98,Average,15.08,Average,15.62,Average,14.79,Slightly Below Avg,15.98,Slightly Below Avg,8.65,Average,9.7,Average,25.26,Average,1,1,16.5,,,,,,,,,,
1016,8,2,AL-BAYAN,1,0,1,0,1,0,1,0,1,0,1,0,1,0,1,0,1,0,1,0,0,0,0,0,0,0,1,0,1,0,0,0,0,0,1,0,1,0,1,0,0,0,1,0,1,0,1,0,74.41,Slightly Above Avg,37.94,Slightly Above Avg,10.18,Average,11.03,Slightly Above Avg,26.45,Slightly Above Avg,8.06,Average,15.41,Slightly Above Avg,11.42,Slightly Above Avg,8.81,Slightly Above Avg,12.78,Average,14.89,Slightly Above Avg,9.11,Way Below Avg,10.7,Slightly Below Avg,38.82,Average,17.36,Average,13.16,Average,10.62,Slightly Below Avg,7.52,Slightly Below Avg,26.05,Average,27.03,Average,28.22,Average,11.89,Average,11.1,Average,41.95,Average,2,2,18,No,No,No,No,No,Meeting Class Benchmarks,Good,Meeting Class Benchmarks,Good,No
1017,8,2,AL-BAYAN,1,0,1,0,1,0,1,1,1,0,1,0,1,0,1,0,0,0,1,0,0,-1,0,0,1,0,1,0,0,0,0,0,1,1,1,1,1,0,1,0,0,0,1,1,1,0,1,0,18.95,Average,50.66,Slightly Above Avg,5.53,Slightly Below Avg,4.13,Way Below Avg,7.7,Slightly Below Avg,19.28,Slightly Above Avg,10.66,Average,11.44,Slightly Above Avg,8.7,Slightly Above Avg,14.08,Slightly Above Avg,35.11,Way Above Avg,22.02,Slightly Below Avg,24.21,Average,29.12,Average,11.88,Slightly Below Avg,8.45,Slightly Below Avg,6.22,Way Below Avg,4.3,Way Below Avg,21.96,Average,24.14,Average,48.84,Average,5.04,Way Below Avg,8.96,Average,46.6,Average,1,1,21,,,,,,62.50%,Above Average,80.00%,Good,No
1020,8,2,AL-BAYAN,1,0,1,0,1,0,1,0,0,0,1,0,1,0,1,0,1,0,0,0,1,0,1,0,1,0,1,0,1,0,0,0,1,0,1,1,1,0,1,0,1,0,1,0,1,0,1,0,47.27,Slightly Above Avg,12.83,Slightly Below Avg,9.32,Average,8.29,Average,8.38,Average,12.46,Average,11.71,Average,7.92,Average,4.94,Slightly Below Avg,25.52,Slightly Above Avg,5.54,Average,21.96,Slightly Below Avg,24.29,Average,24.29,Average,15.21,Slightly Below Avg,7.46,Slightly Below Avg,15.86,Average,5.66,Way Below Avg,16.05,Slightly Below Avg,30.37,Average,46.04,Average,7.38,Slightly Below Avg,5.76,Slightly Below Avg,36.3,Average,1,2,22,No,No,No,No,No,Meeting Class Benchmarks,Good,Meeting Class Benchmarks,Good,No
1022,9,3,AL-BAYAN,1,0,0,0,1,0,1,0,1,0,1,-1,1,0,1,0,1,0,1,0,1,0,1,0,1,0,1,0,0,0,0,0,1,0,1,0,1,0,1,0,1,0,1,0,1,0,1,0,24.21,Slightly Above Avg,18.18,Average,12.72,Slightly Above Avg,6.25,Average,18.3,Slightly Above Avg,21.26,Way Above Avg,5.58,Average,5.39,Average,8.67,Slightly Above Avg,7,Average,5.52,Average,38.77,Slightly Above Avg,24.03,Average,23.06,Average,12.72,Slightly Below Avg,27.99,Slightly Above Avg,25.06,Average,7.5,Slightly Below Avg,16.86,Average,22.7,Average,27.55,Average,10.8,Average,9.06,Average,39.23,Slightly Above Avg,1,1,20,No,No,No,No,No,Meeting Class Benchmarks,Good,Meeting Class Benchmarks,Good,No
1024,9,3,AL-BAYAN,1,-1,1,0,1,-1,1,-1,0,-1,0,0,1,0,1,-1,1,-1,0,-1,0,-1,0.5,-1,1,-1,1,0,1,-1,0,0,0,0,1,-1,1,-1,1,-1,0,0,1,0,1,-1,1,-1,67.21,Way Above Avg,24.76,Slightly Above Avg,20.12,Way Above Avg,14.69,Way Above Avg,49.68,Way Above Avg,15.35,Slightly Above Avg,14.22,Slightly Above Avg,19.07,Way Above Avg,19.38,Way Above Avg,14.53,Way Above Avg,15.06,Way Above Avg,77.02,Way Above Avg,58.04,Way Above Avg,29.99,Slightly Above Avg,59.99,Way Above Avg,19.24,Slightly Above Avg,38.32,Slightly Above Avg,40.41,Way Above Avg,57.88,Way Above Avg,79.83,Way Above Avg,52.66,Slightly Above Avg,12.04,Slightly Above Avg,16.87,Way Above Avg,71.99,Way Above Avg,2,1,0.5,,,,,,A,Good,B,Above Average,No
1025,8,3,AL-BAYAN,1,0,1,0,1,0,1,0,1,0,0,0,1,-1,1,0,1,0,1,0,1,0,0.5,0,1,0,1,0,0,0,1,0,1,1,1,1,1,0,1,-1,0,0,1,0,1,0,1,0,21.73,Slightly Above Avg,23.23,Slightly Above Avg,7.34,Average,11.35,Slightly Above Avg,14.66,Slightly Above Avg,14.29,Slightly Above Avg,15.1,Way Above Avg,6.88,Average,7.84,Slightly Above Avg,7.38,Average,7.32,Slightly Above Avg,11.86,Slightly Below Avg,10.09,Slightly Below Avg,21.06,Average,16.71,Average,8.88,Slightly Below Avg,2.72,Way Below Avg,3.11,Way Below Avg,26.14,Slightly Above Avg,72.46,Way Above Avg,35.16,Average,11.6,Slightly Above Avg,13.93,Slightly Above Avg,36.02,Average,1,2,20.5,No,No,No,No,No,Meeting Class Benchmarks,Good,Meeting Class Benchmarks,Good,No
1026,12,3,AL-BAYAN,1,0,1,0,1,0,1,0,0,0,1,0,1,0,1,1,1,0,0,0,1,0,1,0,1,0,1,0,1,0,0,0,1,0,1,0,1,0,1,0,1,0,1,0,1,1,1,0,15.84,Average,8.14,Slightly Below Avg,5.31,Slightly Below Avg,5.66,Average,13.09,Slightly Above Avg,10.29,Slightly Above Avg,5.77,Average,2.51,Way Below Avg,4.87,Average,10.09,Slightly Above Avg,7.58,Slightly Above Avg,45.44,Slightly Above Avg,17.8,Average,15.69,Average,14.22,Average,4.84,Way Below Avg,12.45,Slightly Below Avg,12.85,Average,13.02,Slightly Below Avg,16.73,Average,14.71,Slightly Below Avg,8.27,Average,4.9,Way Below Avg,22.02,Average,1,1,23,No,No,No,No,No,70.00%,Average,88.24%,Good,No
1029,10,3,AL-BAYAN,1,0,1,0,1,0,1,0,1,0,1,0,1,0,1,0,1,0,1,-1,1,-1,0,0,0.5,0,1,0,1,0,0,-1,1,0,1,0,1,-1,1,0,0,0,1,0,1,0,1,0,20.22,Average,30.22,Slightly Above Avg,7.16,Average,7.1,Average,14.89,Slightly Above Avg,17.2,Slightly Above Avg,7.15,Average,4.65,Average,9.95,Slightly Above Avg,13.58,Way Above Avg,21.84,Way Above Avg,10.84,Slightly Below Avg,38.41,Slightly Above Avg,15.5,Average,21.06,Average,36.94,Way Above Avg,21.18,Average,17.42,Average,41.09,Way Above Avg,23.99,Average,49.32,Slightly Above Avg,18.06,Slightly Above Avg,8.51,Average,18.06,Slightly Below Avg,2,1,16.5,No,No,No,Yes,No,70.00%,Average,73.14%,Average,No
1056,13,2,AL-BAYAN,0,0,1,0,1,0,1,0,1,0,0,0,1,0,0,0,1,0,1,0,1,0,0,0,0,0,1,0,1,0,0,0,1,0,1,0,1,0,0,0,1,0,1,0,1,0,1,0,27.31,Average,36.95,Slightly Above Avg,7.78,Average,7.43,Average,6.86,Slightly Below Avg,4.69,Way Below Avg,16.3,Slightly Above Avg,5.86,Average,9.97,Slightly Above Avg,23.62,Slightly Above Avg,9.4,Average,53.54,Slightly Above Avg,8.6,Way Below Avg,63.51,Slightly Above Avg,16.06,Slightly Below Avg,12.12,Average,19.28,Average,8.31,Slightly Below Avg,26.71,Average,39.99,Slightly Above Avg,42.51,Average,25.21,Slightly Above Avg,14.74,Slightly Above Avg,34.87,Average,1,2,17,,,,,,78.00%,Above Average,86.67%,Good,No
1098,9,3,AL-BAYAN,1,0,1,0,1,0,1,0,1,0,1,0,1,-1,1,-1,0,0,1,-1,1,0,0,0,1,0,1,0,1,0,0,0,1,0,0,-1,1,0,1,-1,0,-1,1,0,1,0,1,0,32.36,Slightly Above Avg,25.02,Slightly Above Avg,6.23,Average,6.28,Average,6.91,Average,13.63,Slightly Above Avg,34.3,Way Above Avg,17.14,Way Above Avg,6.33,Average,17.91,Way Above Avg,8.69,Slightly Above Avg,5.26,Way Below Avg,38.94,Slightly Above Avg,18.98,Average,15.9,Average,17.73,Average,29.7,Slightly Above Avg,59.28,Way Above Avg,33.16,Slightly Above Avg,47.62,Way Above Avg,154.78,Way Above Avg,10.72,Average,7.42,Average,36.05,Average,1,2,13,No,No,No,No,No,Meeting Class Benchmarks,Good,Meeting Class Benchmarks,Good,No
110101,8,2,CITY_SCHOOL,1,0,1,1,1,0,1,0,1,0,1,0,1,0,1,1,1,0,1,0,1,0,1,0,1,0,1,1,0,0,0,0,0,0,1,0,1,0,1,0,1,0,1,-1,1,0,1,0,16.85,Average,7.34,Way Below Avg,7.98,Average,6.65,Average,20.52,Slightly Above Avg,7.55,Average,7.92,Average,3.29,Way Below Avg,7.25,Average,7.01,Average,4.45,Slightly Below Avg,36.1,Average,61.38,Slightly Above Avg,7.13,Way Below Avg,31.63,Average,7.26,Slightly Below Avg,17.77,Average,10.32,Average,18.95,Slightly Below Avg,29.47,Average,30.9,Average,36.5,Way Above Avg,13.78,Slightly Above Avg,26.27,Slightly Below Avg,1,1,23,No,No,No,No,No,65.00%,Above Average,50.00%,Average,No
1103,10,2,AL-BAYAN,1,0,1,1,1,0,1,0,1,1,1,0,0,0,1,-1,1,0,0,0,0,0,0,0,0,0,1,0,1,0,0,0,0,0,0,0,1,0,1,-1,0,0,1,0,1,-1,1,0,19.49,Average,9.35,Way Below Avg,8.46,Average,5.53,Slightly Below Avg,4.91,Way Below Avg,26.22,Slightly Above Avg,14.58,Slightly Above Avg,25.13,Way Above Avg,7.69,Average,12.26,Average,8.88,Average,5.65,Way Below Avg,16.28,Average,61.11,Slightly Above Avg,44.22,Slightly Above Avg,10.38,Average,43.66,Slightly Above Avg,12.33,Average,32.94,Average,61.18,Way Above Avg,38.62,Average,20.81,Slightly Above Avg,42.82,Way Above Avg,79.3,Slightly Above Avg,1,4,14,No,No,No,No,No,78.00%,Above Average,92.35%,Good,No
1108,10,3,AL-BAYAN,1,0,0,-1,1,0,1,-1,1,-1,1,0,1,-1,0,-1,1,0,1,-1,1,0,1,0,1,0,1,-1,1,0,0,0,1,0,1,-1,1,0,1,0,0,-1,1,0,1,0,1,0,48.33,Slightly Above Avg,33.09,Way Above Avg,13.31,Slightly Above Avg,22.64,Way Above Avg,27.63,Way Above Avg,11.05,Slightly Above Avg,17.34,Way Above Avg,13.1,Way Above Avg,9.03,Slightly Above Avg,18.61,Way Above Avg,10.44,Slightly Above Avg,35.76,Slightly Above Avg,23.67,Average,103.37,Way Above Avg,19.2,Average,21.79,Slightly Above Avg,33.65,Slightly Above Avg,51.55,Way Above Avg,37.5,Slightly Above Avg,39.71,Slightly Above Avg,142.39,Way Above Avg,16.72,Slightly Above Avg,15.8,Slightly Above Avg,46.69,Slightly Above Avg,1,1,11,No,No,No,No,No,Meeting Class Benchmarks,Good,Meeting Class Benchmarks,Good,No
1126,8,1,AL-BAYAN,0,0,1,0,1,0,1,0,1,0,1,0,1,0,0,0,1,-1,1,-1,0,0,1,0,0.5,0,1,0,0,0,1,0,0,0,0,0,0,0,0,0,0,0,1,0,1,0,1,0,69.73,Slightly Above Avg,47.5,Slightly Above Avg,23.5,Slightly Above Avg,10.54,Average,26.78,Slightly Above Avg,14.17,Slightly Above Avg,16.89,Slightly Above Avg,15.51,Slightly Above Avg,19.73,Way Above Avg,31.71,Way Above Avg,17.32,Slightly Above Avg,39.94,Average,91.49,Slightly Above Avg,96.68,Slightly Above Avg,25.18,Average,21.66,Average,16.06,Average,14.46,Average,59.74,Slightly Above Avg,27.82,Average,41.02,Average,20,Slightly Above Avg,13.22,Slightly Above Avg,63.66,Average,1,1,12.5,No,No,No,No,No,Meeting Class Benchmarks,Good,Meeting Class Benchmarks,Good,No
1131,10,2,AL-BAYAN,1,0,1,0,1,-1,1,-1,1,0,1,0,1,0,1,0,1,0,0,0,1,-1,1,0,0.5,0,1,0,0,0,0,0,1,-1,1,0,1,0,0,-1,0,0,1,0,0,0,1,0,29.72,Average,25.28,Average,27.3,Way Above Avg,17.73,Way Above Avg,20.02,Slightly Above Avg,6.11,Slightly Below Avg,11.01,Average,9.26,Average,7.07,Average,26.52,Slightly Above Avg,19.2,Way Above Avg,48.93,Average,48.94,Slightly Above Avg,65.02,Slightly Above Avg,16.36,Slightly Below Avg,31.19,Slightly Above Avg,52.83,Way Above Avg,23.94,Slightly Above Avg,59.11,Slightly Above Avg,69.27,Way Above Avg,50.69,Average,13.33,Average,10.72,Average,68.21,Slightly Above Avg,2,1,12.5,,,,,,66.67%,Above Average,80.00%,Good,No
1133,8,2,AL-BAYAN,1,-1,1,0,1,-1,1,-1,1,0,1,-1,1,-1,1,-1,0,-1,1,-1,1,-1,0,-1,1,-1,1,0,1,0,0,-1,1,0,0,-1,1,-1,0,0,0,0,1,-1,1,0,1,0,156.88,Way Above Avg,44.98,Slightly Above Avg,43.51,Way Above Avg,20.75,Way Above Avg,30.48,Slightly Above Avg,46.51,Way Above Avg,27.21,Way Above Avg,41.52,Way Above Avg,42.53,Way Above Avg,53.67,Way Above Avg,25.53,Way Above Avg,106.02,Way Above Avg,162.06,Way Above Avg,78.04,Slightly Above Avg,68.17,Slightly Above Avg,88.23,Way Above Avg,42.02,Slightly Above Avg,51.29,Way Above Avg,76.73,Way Above Avg,44.58,Slightly Above Avg,47.9,Average,89.7,Way Above Avg,13.13,Slightly Above Avg,46.28,Average,1,2,3,,,,,,A,Good,A,Good,No
1135,10,2,AL-BAYAN,1,0,1,0,1,0,1,0,1,0,0,0,1,-1,1,-1,1,0,1,0,1,0,0,0,0,0,1,0,1,0,0,0,1,0,0,0,0,-1,0,0,0,0,1,0,0,0,1,0,74.84,Slightly Above Avg,33.38,Average,13.85,Slightly Above Avg,12.77,Slightly Above Avg,29.49,Slightly Above Avg,14.26,Slightly Above Avg,31.3,Way Above Avg,30.65,Way Above Avg,12.08,Slightly Above Avg,13.5,Average,14.19,Slightly Above Avg,57.89,Slightly Above Avg,60.24,Slightly Above Avg,57.87,Slightly Above Avg,30.46,Average,13.08,Average,46.05,Slightly Above Avg,38.86,Slightly Above Avg,68.83,Way Above Avg,13.17,Way Below Avg,26.12,Slightly Below Avg,17.78,Slightly Above Avg,8.68,Average,47.61,Average,1,2,12,,,,,,Meeting Class Benchmarks,Good,Meeting Class Benchmarks,Good,No
1137,9,1,AL-BAYAN,1,0,0,0,1,0,1,0,1,0,0,0,0,0,1,1,1,0,0,0,0,0,0,0,0,0,1,0,0,0,0,0,1,0,0,0,1,0,0,0,0,0,1,0,0,0,1,0,21.66,Average,23.22,Average,8.02,Slightly Below Avg,9,Average,6.35,Slightly Below Avg,5.96,Slightly Below Avg,7.87,Slightly Below Avg,4.69,Way Below Avg,8.33,Average,8.52,Average,6.11,Average,10.82,Way Below Avg,23.58,Average,17.53,Slightly Below Avg,13.64,Way Below Avg,7.74,Slightly Below Avg,15.03,Average,14.2,Average,23.14,Slightly Below Avg,28.51,Average,40.84,Average,11.48,Slightly Below Avg,6.7,Slightly Below Avg,72.65,Slightly Above Avg,2,1,12,No,No,No,No,No,78.00%,Above Average,81.76%,Above Average,No
1142,7,1,AL-BAYAN,1,0,1,0,1,-1,1,0,1,0,1,0,1,0,1,0,1,0,1,1,1,0,1,0,1,0,1,0,1,1,1,1,1,1,1,0,1,0,0,0,0,0,1,0,0,0,1,0,78.33,Slightly Above Avg,22.83,Average,45.88,Way Above Avg,19.58,Slightly Above Avg,15.79,Average,16.27,Slightly Above Avg,22.6,Slightly Above Avg,5.75,Slightly Below Avg,6.39,Average,4.38,Way Below Avg,20.75,Slightly Above Avg,43.89,Average,31.33,Average,41.42,Average,6.08,Way Below Avg,6.29,Way Below Avg,7.75,Way Below Avg,18.81,Average,84.38,Slightly Above Avg,34.7,Average,84.1,Slightly Above Avg,12.26,Average,13.3,Slightly Above Avg,23.14,Slightly Below Avg,1,1,24,No,No,No,No,No,Meeting Class Benchmarks,Good,Meeting Class Benchmarks,Good,No
1153,7,1,AL-BAYAN,1,0,0,0,1,0,1,0,1,0,1,-1,1,0,1,0,0,0,1,0,1,0,1,0,0.5,0,1,0,0,0,1,0,1,0,1,0,1,0,1,0,1,0,1,-1,1,-1,1,0,35.44,Average,33.49,Average,11.89,Average,14.32,Slightly Above Avg,22.55,Average,48.57,Way Above Avg,15.18,Average,10.22,Average,11.14,Slightly Above Avg,22.01,Slightly Above Avg,11.16,Slightly Above Avg,88.83,Slightly Above Avg,14.39,Slightly Below Avg,36.31,Average,12.75,Way Below Avg,33.3,Slightly Above Avg,37.98,Slightly Above Avg,30.42,Slightly Above Avg,34.68,Average,43.58,Average,59.82,Average,34.51,Way Above Avg,63.73,Way Above Avg,73.66,Slightly Above Avg,1,1,17.5,No,No,No,Yes,No,78.00%,Above Average,87.84%,Good,No
1158,10,2,AL-BAYAN,1,0,1,0,0,-1,1,-1,1,0,1,0,1,0,0,0,1,0,1,0,1,0,1,0,1,-1,1,0,0,0,0,-1,0,0,1,0,1,0,0,-1,0,0,1,-1,1,0,1,-1,25.69,Average,21.69,Average,24.46,Way Above Avg,17.7,Way Above Avg,30.56,Slightly Above Avg,12.79,Average,9.19,Average,8.56,Average,6.37,Average,17.35,Slightly Above Avg,5.18,Slightly Below Avg,39.98,Average,70.19,Way Above Avg,79.3,Slightly Above Avg,17.46,Average,50.41,Way Above Avg,49.59,Slightly Above Avg,44.54,Slightly Above Avg,42.88,Slightly Above Avg,62.47,Way Above Avg,67.26,Slightly Above Avg,36.02,Way Above Avg,5.99,Slightly Below Avg,88.64,Way Above Avg,1,3,10,No,No,Yes,No,No,70.00%,Above Average,85.00%,Good,No
1162,11,3,AL-BAYAN,1,0,1,0,1,0,1,0,1,0,1,-1,1,0,1,0,1,0,1,-1,1,0,1,0,1,0,1,0,1,0,0,0,1,0,1,-1,1,0,1,0,0,-1,1,-1,1,-1,1,0,21.21,Average,14.22,Average,4.18,Slightly Below Avg,4.82,Slightly Below Avg,11.51,Average,22.69,Way Above Avg,13.41,Slightly Above Avg,7.92,Slightly Above Avg,6.57,Average,15.29,Way Above Avg,9.53,Slightly Above Avg,15.88,Average,10.98,Slightly Below Avg,10.6,Slightly Below Avg,11.06,Slightly Below Avg,4.11,Way Below Avg,20.38,Average,47.79,Way Above Avg,23.73,Average,25.1,Slightly Above Avg,105.11,Way Above Avg,48.88,Way Above Avg,57.19,Way Above Avg,15.46,Slightly Below Avg,1,2,16,No,No,No,No,No,70.00%,Above Average,65.00%,Above Average,No
1168,8,2,AL-BAYAN,1,-1,1,0,1,-1,1,-1,1,0,1,-1,1,0,0,0,1,0,1,0,1,-1,1,-1,1,-1,1,0,0,0,1,-1,1,-1,1,-1,1,-1,0,-1,0,-1,1,-1,1,0,1,-1,137.03,Way Above Avg,49.51,Slightly Above Avg,38.18,Way Above Avg,29.02,Way Above Avg,13.22,Average,36.11,Way Above Avg,15.74,Slightly Above Avg,9.35,Average,12.87,Slightly Above Avg,8.42,Average,19.83,Way Above Avg,92.44,Way Above Avg,120.1,Way Above Avg,31.96,Average,49.53,Slightly Above Avg,43.18,Way Above Avg,77.15,Way Above Avg,74.21,Way Above Avg,121.83,Way Above Avg,89.68,Way Above Avg,114.34,Way Above Avg,190.52,Way Above Avg,17.33,Slightly Above Avg,128.62,Way Above Avg,2,2,5,,,,,,A,Good,A,Good,No
1174,10,2,AL-BAYAN,1,0,0,0,1,0,1,0,1,0,1,0,1,-1,1,0,1,0,1,0,0,-1,1,0,1,0,1,0,1,0,0,0,0,0,1,0,1,0,1,0,0,0,0,0,1,-1,1,0,44.82,Slightly Above Avg,24.61,Average,11.34,Average,9.58,Average,30.45,Slightly Above Avg,15.51,Slightly Above Avg,22.35,Way Above Avg,14.62,Slightly Above Avg,14.7,Slightly Above Avg,15.72,Slightly Above Avg,20.76,Way Above Avg,54.59,Slightly Above Avg,28.97,Average,53.21,Slightly Above Avg,27.25,Average,5.78,Slightly Below Avg,12.6,Slightly Below Avg,37.47,Slightly Above Avg,54.14,Slightly Above Avg,34.49,Average,41.41,Average,5.92,Way Below Avg,20.61,Way Above Avg,48.4,Average,1,5,15,No,No,No,No,No,Meeting Class Benchmarks,Good,Meeting Class Benchmarks,Good,No
1180,8,1,AL-BAYAN,1,0,0,0,1,0,1,0,1,-1,1,0,1,0,1,-1,1,-1,1,0,1,-1,1,0,1,0,1,0,0,0,1,0,1,0,1,0,1,0,0,0,0,-1,1,0,1,0,1,0,37.74,Average,49.59,Slightly Above Avg,21.1,Slightly Above Avg,10.44,Average,47.44,Way Above Avg,22.73,Slightly Above Avg,10.31,Average,32.45,Way Above Avg,17.76,Way Above Avg,11.62,Average,54,Way Above Avg,32.65,Average,55.82,Slightly Above Avg,46.93,Average,36.3,Average,12.36,Average,16.71,Average,12.68,Average,69.29,Slightly Above Avg,59.23,Slightly Above Avg,163.9,Way Above Avg,12.46,Average,12.5,Average,27,Slightly Below Avg,1,1,15,No,No,No,No,No,96.00%,Excellent,80.78%,Above Average,No
1185,9,1,AL-BAYAN,1,0,1,0,1,0,1,0,1,0,0,0,1,0,1,0,0,0,0,0,1,0,0,0,0,0,1,0,1,0,0,0,1,-1,0,0,1,-1,1,-1,0,-1,1,0,0,-1,1,0,49.46,Average,37.61,Average,11.18,Average,10.22,Average,27.88,Slightly Above Avg,21.01,Slightly Above Avg,15.64,Average,8.5,Average,14.9,Slightly Above Avg,8.02,Average,4.8,Slightly Below Avg,19.15,Slightly Below Avg,9.4,Slightly Below Avg,55.76,Average,70.14,Slightly Above Avg,9.53,Slightly Below Avg,81.7,Way Above Avg,13.51,Average,173.22,Way Above Avg,158.8,Way Above Avg,202.79,Way Above Avg,18.57,Average,22.5,Way Above Avg,44.64,Average,1,2,10,No,No,No,No,No,73.33%,Above Average,52.00%,Average,No
1186,8,3,AL-BAYAN,0,0,0,0,1,0,1,0,1,0,0,0,1,0,1,-1,0,0,0,0,1,-1,0,0,0,0,1,0,1,0,0,0,0,0,0,0,1,0,0,0,0,0,0,0,1,-1,1,0,25.28,Slightly Above Avg,7.81,Slightly Below Avg,6.84,Average,7.93,Average,4.86,Slightly Below Avg,6.47,Average,5.89,Average,13.12,Way Above Avg,6.75,Average,7.91,Average,17.91,Way Above Avg,9.71,Way Below Avg,21.18,Average,18.09,Average,19.26,Average,7.13,Slightly Below Avg,12.17,Slightly Below Avg,11.68,Average,19.45,Average,28.75,Slightly Above Avg,58.48,Slightly Above Avg,6.11,Slightly Below Avg,23.98,Way Above Avg,16.91,Slightly Below Avg,1,1,8,No,No,No,No,No,Meeting Class Benchmarks,Good,Meeting Class Benchmarks,Good,No
1205,9,1,AL-BAYAN,1,0,0,0,1,0,1,0,1,0,1,0,0,0,0,0,1,0,0,0,1,0,0.5,0,0,0,1,0,0,0,0,0,1,0,1,0,1,0,1,0,1,0,1,1,1,0,1,0,26.65,Average,45.52,Slightly Above Avg,11.32,Average,6.08,Slightly Below Avg,7.58,Slightly Below Avg,8.19,Average,8.07,Average,13.86,Slightly Above Avg,10.3,Average,13.34,Average,11.32,Slightly Above Avg,20.4,Slightly Below Avg,23.07,Average,71.88,Slightly Above Avg,76.8,Slightly Above Avg,10.98,Average,21.34,Average,9.05,Slightly Below Avg,92.17,Slightly Above Avg,24.92,Slightly Below Avg,38.1,Average,6.42,Way Below Avg,7.86,Slightly Below Avg,46.54,Average,1,2,17.5,No,No,No,No,No,75.00%,Good,85.00%,Good,No
1213,9,1,AL-BAYAN,1,0,1,0,1,-1,1,-1,1,0,0,0,0,-1,0,-1,1,0,0,0,1,0,1,0,1,0,0,0,0,0,0,0,1,0,0,0,1,0,1,0,0,-1,1,-1,1,-1,1,0,52.49,Average,40.99,Slightly Above Avg,47.47,Way Above Avg,52.66,Way Above Avg,25.81,Slightly Above Avg,22.25,Slightly Above Avg,31.14,Way Above Avg,24.8,Way Above Avg,12.17,Slightly Above Avg,9.21,Average,9.7,Average,55.18,Average,56.55,Slightly Above Avg,55.02,Average,55.62,Slightly Above Avg,24.62,Slightly Above Avg,48.03,Slightly Above Avg,49.67,Slightly Above Avg,66.81,Slightly Above Avg,62.16,Slightly Above Avg,161.29,Way Above Avg,57.09,Way Above Avg,21.7,Way Above Avg,67.87,Slightly Above Avg,1,1,8,No,No,No,No,No,75.00%,Good,50.00%,Average,No
1214,11,3,AL-BAYAN,1,0,1,0,1,0,1,0,0,0,1,0,1,0,1,0,1,-1,0,0,1,0,1,-1,1,0,1,0,1,0,1,0,1,0,0,0,1,0,0,0,0,0,1,-1,1,1,1,0,18.7,Average,14.29,Average,7.35,Average,6.97,Average,9.75,Average,14.79,Slightly Above Avg,10.41,Slightly Above Avg,7.48,Slightly Above Avg,13.38,Way Above Avg,8.78,Slightly Above Avg,6.23,Average,101.01,Way Above Avg,27.91,Slightly Above Avg,22.46,Average,21.49,Average,15.32,Average,9.17,Slightly Below Avg,9.67,Average,19.96,Average,23.56,Average,73.23,Slightly Above Avg,25.84,Way Above Avg,4.23,Way Below Avg,40.45,Slightly Above Avg,1,4,17,No,Not Sure,Not Sure,No,No,75.00%,Good,80.00%,Good,No
1215,9,2,AL-BAYAN,1,0,1,0,1,0,1,0,1,0,0,0,0,0,0,0,1,1,0,0,1,0,1,0,1,0,1,0,1,0,0,0,1,0,1,0,1,0,1,0,1,0,1,0,1,0,1,0,60.3,Slightly Above Avg,23.8,Average,7.98,Average,8.14,Average,7.54,Slightly Below Avg,5.33,Slightly Below Avg,5.18,Slightly Below Avg,8.78,Average,3.61,Way Below Avg,5.73,Slightly Below Avg,4.59,Slightly Below Avg,45.94,Average,17.95,Average,30.14,Average,17.83,Average,33.08,Slightly Above Avg,37.81,Slightly Above Avg,16.01,Average,22.84,Average,32.39,Average,41.45,Average,17.91,Slightly Above Avg,14.21,Slightly Above Avg,62.27,Slightly Above Avg,2,2,20,No,No,No,No,No,Meeting Class Benchmarks,Good,Meeting Class Benchmarks,Good,No
1234,11,3,AL-BAYAN,1,-1,0,-1,1,-1,1,-1,0,0,1,-1,0,-1,1,0,0,-1,1,-1,0,-1,0.5,0,1,0,1,-1,1,0,1,-1,1,0,1,0,1,-1,1,-1,0,-1,1,-1,1,0,1,-1,79.16,Way Above Avg,33.23,Way Above Avg,21.74,Way Above Avg,23.41,Way Above Avg,13.69,Slightly Above Avg,17.74,Way Above Avg,23.83,Way Above Avg,9.38,Slightly Above Avg,10.72,Way Above Avg,22.36,Way Above Avg,12.53,Way Above Avg,41.19,Slightly Above Avg,17.92,Average,133.16,Way Above Avg,20.76,Average,37.05,Way Above Avg,17.56,Average,31.5,Slightly Above Avg,43.48,Way Above Avg,86.48,Way Above Avg,129.16,Way Above Avg,18.81,Way Above Avg,10.81,Slightly Above Avg,63.75,Way Above Avg,1,2,1.5,,,,,,A,Good,A,Good,No
1242,10,3,AL-BAYAN,1,0,1,0,1,0,1,0,0,0,0,0,0,0,0,0,1,-1,0,-1,1,0,0,0,0,0,1,0,1,0,0,-1,0,-1,0,0,0,-1,0,0,0,-1,1,0,1,0,1,0,23.09,Slightly Above Avg,16,Average,6.02,Average,5.1,Slightly Below Avg,12.37,Slightly Above Avg,5.3,Slightly Below Avg,7.81,Average,7.22,Average,14.07,Way Above Avg,15.42,Way Above Avg,9.03,Slightly Above Avg,53.78,Slightly Above Avg,26.24,Slightly Above Avg,38.29,Slightly Above Avg,45.4,Slightly Above Avg,52.47,Way Above Avg,78.61,Way Above Avg,30.3,Slightly Above Avg,83.5,Way Above Avg,32.29,Slightly Above Avg,94.42,Way Above Avg,17.77,Slightly Above Avg,7.6,Average,31.9,Average,1,2,5,No,No,No,No,No,Meeting Class Benchmarks,Good,Meeting Class Benchmarks,Good,No
1244,8,2,AL-BAYAN,1,-1,0,0,1,0,1,0,1,0,0,0,1,0,0,0,1,0,0,-1,1,-1,1,-1,1,0,1,0,0,0,1,-1,1,0,1,0,1,0,0,-1,0,-1,1,0,1,0,1,-1,178.04,Way Above Avg,51.88,Slightly Above Avg,16.01,Slightly Above Avg,15.76,Slightly Above Avg,36.16,Slightly Above Avg,9.47,Average,16.02,Slightly Above Avg,12.39,Slightly Above Avg,14.75,Slightly Above Avg,29.33,Way Above Avg,85.15,Way Above Avg,101.44,Way Above Avg,58.79,Slightly Above Avg,56.96,Slightly Above Avg,40.11,Slightly Above Avg,63.64,Way Above Avg,33.99,Slightly Above Avg,45.71,Slightly Above Avg,59.49,Slightly Above Avg,101.48,Way Above Avg,123.21,Way Above Avg,29.94,Slightly Above Avg,17.84,Slightly Above Avg,130.44,Way Above Avg,1,1,9,,,,,,A,Good,A,Good,No
1262,11,2,AL-BAYAN,0,0,0,0,1,0,1,0,1,0,0,0,1,0,1,0,1,0,1,-1,0,-1,1,0,1,0,1,-1,1,0,1,0,1,0,1,0,0,-1,1,0,0,-1,1,0,1,0,1,0,89.22,Slightly Above Avg,19.21,Average,9.54,Average,10.82,Slightly Above Avg,12.59,Average,8.33,Average,9.82,Average,11.84,Slightly Above Avg,9.4,Slightly Above Avg,27.94,Way Above Avg,29.42,Way Above Avg,30.2,Average,35.49,Average,87.96,Way Above Avg,27.13,Average,12.58,Average,12.69,Slightly Below Avg,25.51,Slightly Above Avg,77.94,Way Above Avg,41.67,Slightly Above Avg,143.09,Way Above Avg,20.47,Slightly Above Avg,9.26,Average,34.56,Average,1,1,13,,,,,No,Meeting Class Benchmarks,Good,Meeting Class Benchmarks,Good,No
1271,9,2,AL-BAYAN,1,0,0,0,1,0,1,0,1,0,1,-1,1,0,0,0,1,0,0,0,1,-1,0.5,0,1,0,1,0,1,0,0,0,0,0,0,0,0,0,1,0,0,0,1,0,1,0,1,0,20.97,Average,15.44,Average,13.4,Slightly Above Avg,7.49,Average,10.91,Average,48.58,Way Above Avg,7.96,Average,8.89,Average,7.8,Average,22.42,Slightly Above Avg,19.13,Way Above Avg,46.83,Average,42.24,Slightly Above Avg,22.69,Average,16.09,Slightly Below Avg,19.35,Average,21.71,Average,19.36,Average,34.98,Average,43.23,Slightly Above Avg,34.17,Average,24.88,Slightly Above Avg,14.63,Slightly Above Avg,66.9,Slightly Above Avg,1,1,13.5,No,No,No,No,No,75.00%,Good,65.00%,Above Average,No
1275,10,2,AL-BAYAN,1,0,1,0,1,0,1,0,0,0,1,-1,1,0,0,-1,1,0,0,-1,1,0,0,-1,0,0,1,0,0,0,0,-1,1,0,0,0,0,0,1,-1,0,0,1,0,1,0,1,0,101.26,Slightly Above Avg,36.47,Slightly Above Avg,9.09,Average,7.92,Average,33.58,Slightly Above Avg,32.53,Way Above Avg,9.65,Average,30.2,Way Above Avg,6.67,Average,32.65,Way Above Avg,16.3,Slightly Above Avg,114.74,Way Above Avg,18.13,Average,50.33,Slightly Above Avg,26.43,Average,89.66,Way Above Avg,36.05,Slightly Above Avg,37.63,Slightly Above Avg,20.03,Slightly Below Avg,124.87,Way Above Avg,102.34,Slightly Above Avg,12.38,Average,6.14,Slightly Below Avg,21.29,Slightly Below Avg,2,2,8,,,,,No,Meeting Class Benchmarks,Good,Meeting Class Benchmarks,Good,No
1282,7,1,AL-BAYAN,0,-1,1,-1,1,0,1,0,0,0,1,0,1,-1,1,-1,1,-1,1,0,1,0,1,0,1,-1,1,0,1,-1,1,0,1,0,1,0,1,0,0,0,1,0,1,0,1,-1,1,0,213.1,Way Above Avg,81.45,Way Above Avg,25.01,Slightly Above Avg,25.62,Slightly Above Avg,25.39,Average,19.46,Slightly Above Avg,50.74,Way Above Avg,34.18,Way Above Avg,27.01,Way Above Avg,17.63,Slightly Above Avg,15.68,Slightly Above Avg,51.65,Average,94.92,Way Above Avg,46.34,Average,117.65,Way Above Avg,36.7,Slightly Above Avg,25.41,Average,45.11,Slightly Above Avg,46.31,Average,92.14,Slightly Above Avg,81.29,Slightly Above Avg,22.54,Slightly Above Avg,23.38,Way Above Avg,70.7,Slightly Above Avg,1,1,13,,,,,,A,Good,B,Above Average,No
1292,12,3,AL-BAYAN,1,0,1,0,1,0,1,0,1,0,1,0,1,0,1,0,1,-1,1,0,1,0,1,0,1,1,1,0,1,0,1,0,1,0,1,1,1,0,1,1,0,0,1,0,1,0,1,0,8.92,Slightly Below Avg,12.9,Average,7.52,Average,4.02,Slightly Below Avg,6.38,Average,4.6,Slightly Below Avg,7.77,Average,8.47,Slightly Above Avg,13.79,Way Above Avg,6.58,Average,4.5,Average,47.19,Slightly Above Avg,7.7,Way Below Avg,35.93,Slightly Above Avg,9.57,Slightly Below Avg,8.1,Slightly Below Avg,11.53,Slightly Below Avg,3.92,Way Below Avg,14.52,Average,9.93,Way Below Avg,46.08,Slightly Above Avg,7.68,Average,5.73,Slightly Below Avg,36.81,Slightly Above Avg,1,2,25,No,No,No,No,Yes,B,Above Average,B,Above Average,No
1295,9,2,AL-BAYAN,1,0,1,0,1,0,1,0,1,0,1,0,1,-1,1,-1,1,0,1,-1,0,0,1,0,1,-1,1,0,1,0,1,-1,1,-1,0,-1,1,0,1,-1,0,-1,1,0,1,0,1,0,80.65,Slightly Above Avg,53.85,Slightly Above Avg,18.8,Slightly Above Avg,15.62,Slightly Above Avg,25.54,Slightly Above Avg,22.66,Slightly Above Avg,47.66,Way Above Avg,29.02,Way Above Avg,14.34,Slightly Above Avg,33.59,Way Above Avg,13.97,Slightly Above Avg,80.71,Slightly Above Avg,89.98,Way Above Avg,29.44,Average,49.35,Slightly Above Avg,105.94,Way Above Avg,57.84,Way Above Avg,86.7,Way Above Avg,54.67,Slightly Above Avg,66.74,Way Above Avg,300.26,Way Above Avg,24.98,Slightly Above Avg,11.79,Average,57.07,Slightly Above Avg,4,4,12,,,,,No,Meeting Class Benchmarks,Good,Meeting Class Benchmarks,Good,No
1296,10,2,AL-BAYAN,1,0,0,0,1,0,1,0,1,0,1,0,1,0,0,0,1,1,0,0,1,1,0,0,0,0,1,0,1,0,1,0,1,1,1,1,0,0,0,0,0,0,1,0,1,0,1,0,30.94,Average,5.54,Way Below Avg,6.14,Slightly Below Avg,6.66,Average,9.83,Average,8.56,Average,5.16,Slightly Below Avg,3.5,Way Below Avg,3.24,Way Below Avg,3.44,Way Below Avg,2.94,Way Below Avg,4.8,Way Below Avg,4.23,Way Below Avg,20.27,Average,38.64,Slightly Above Avg,7.51,Slightly Below Avg,6.71,Way Below Avg,6.34,Way Below Avg,26.39,Average,35.26,Average,38.06,Average,8.19,Slightly Below Avg,6.69,Slightly Below Avg,40.09,Average,1,2,20,No,No,No,No,No,75.00%,Above Average,80.00%,Above Average,No
1299,8,1,AL-BAYAN,1,0,0,0,1,0,1,0,1,0,0,0,0,0,1,0,0,0,1,0,1,0,0,0,0,0,1,0,0,0,0,0,1,0,0,0,1,-1,0,0,0,0,1,0,0,0,1,0,24.34,Average,30.11,Average,9.57,Average,9.94,Average,17.86,Average,13.17,Average,14.09,Average,10.02,Average,4.52,Slightly Below Avg,16.6,Slightly Above Avg,5.03,Slightly Below Avg,7.21,Way Below Avg,12.54,Slightly Below Avg,88.27,Slightly Above Avg,26.82,Average,12.14,Average,29.39,Slightly Above Avg,9.22,Slightly Below Avg,150.58,Way Above Avg,44.93,Average,41.73,Average,20.26,Slightly Above Avg,7.99,Slightly Below Avg,26.98,Slightly Below Avg,1,1,11,No,No,No,Not Sure,No,63.33%,Above Average,71.95%,Above Average,No
1316,8,3,AL-BAYAN,1,0,1,-1,0,0,1,0,0,0,0,0,1,0,1,0,0,0,0,0,0,0,0,0,0.5,0,1,-1,1,0,0,0,0,0,0,0,1,0,0,0,0,0,0,0,1,-1,1,0,28.49,Slightly Above Avg,40.96,Way Above Avg,11.81,Slightly Above Avg,8.21,Average,8.78,Average,11.28,Slightly Above Avg,5.27,Slightly Below Avg,5.44,Average,4.66,Average,4.41,Slightly Below Avg,5.92,Average,8.31,Way Below Avg,27.11,Slightly Above Avg,49.7,Way Above Avg,24.18,Average,9.2,Slightly Below Avg,17.66,Average,9.14,Slightly Below Avg,25.58,Slightly Above Avg,36.91,Slightly Above Avg,35.27,Average,8.08,Average,18.76,Way Above Avg,30.45,Average,1,2,7.5,No,No,No,No,No,62.86%,Above Average,68.85%,Above Average,No
1334,9,2,AL-BAYAN,1,0,1,0,1,0,1,0,1,0,1,0,1,-1,0,0,0,-1,1,0,1,0,0,0,0.5,0,0,0,0,0,0,0,1,0,0,0,0,-1,0,0,0,0,1,-1,0,0,1,0,44.7,Slightly Above Avg,44.31,Slightly Above Avg,13.28,Slightly Above Avg,16.22,Slightly Above Avg,16.05,Average,20.98,Slightly Above Avg,27.58,Way Above Avg,15.81,Slightly Above Avg,21.39,Way Above Avg,11.26,Average,13.55,Slightly Above Avg,43.23,Average,53.25,Slightly Above Avg,49.11,Slightly Above Avg,33.43,Average,28.3,Slightly Above Avg,20.34,Average,7.44,Slightly Below Avg,80.81,Way Above Avg,19.89,Average,39.34,Average,30.52,Way Above Avg,9.77,Average,43.53,Average,1,4,8.5,No,No,No,No,No,65.71%,Above Average,69.97%,Above Average,No
220202,8,1,CITY_SCHOOL,1,0,0,0,1,0,1,0,1,-1,1,0,1,0,1,0,0,0,1,0,0,0,1,-1,1,0,1,0,0,0,0,0,0,0,0,0,1,0,0,0,0,0,1,1,0,0,1,-1,26.71,Average,48.96,Slightly Above Avg,8.3,Slightly Below Avg,10.89,Average,51.53,Way Above Avg,21.63,Slightly Above Avg,14.74,Average,12.4,Slightly Above Avg,4.31,Slightly Below Avg,20.96,Slightly Above Avg,8.48,Average,126.34,Way Above Avg,56.96,Slightly Above Avg,23.26,Slightly Below Avg,29.54,Average,10.12,Slightly Below Avg,7.9,Way Below Avg,9.69,Average,74.04,Slightly Above Avg,27.59,Average,61.7,Average,6.11,Way Below Avg,9.08,Average,100.97,Way Above Avg,1,2,12,No,No,No,No,No,80.00%,Good,68.86%,Above Average,No
225785,9,3,NEWLANDS,1,0,1,0,1,1,1,0,1,0,1,0,1,0,1,0,1,0,1,0,1,0,1,0,1,0,1,1,0,0,0,0,1,-1,0,0,1,0,1,0,1,0,1,0,1,0,1,1,11.36,Average,11.96,Average,3.99,Way Below Avg,8.71,Average,4.94,Slightly Below Avg,8.69,Average,10.62,Slightly Above Avg,4.45,Slightly Below Avg,5.89,Average,4.94,Average,3.65,Slightly Below Avg,21.85,Average,29.17,Slightly Above Avg,8.71,Way Below Avg,7.92,Way Below Avg,15.97,Average,46.22,Way Above Avg,27.46,Slightly Above Avg,14.6,Average,21.41,Average,18.77,Average,9.74,Average,7.44,Average,11.9,Way Below Avg,1,1,23,No,No,No,No,No,80.00%,Good,53.64%,Average,No
228279,,3,TNS_Gulberg,1,0,1,0,1,0,1,0,1,0,1,0,1,0,1,0,1,0,1,0,1,0,1,0,1,0,1,1,1,0,0,0,0,0,0,-1,1,0,1,0,0,0,1,0,1,0,1,0,15.62,Average,13.34,Average,8.88,Average,10.93,Slightly Above Avg,5.7,Average,8.4,Average,10.3,Slightly Above Avg,4.67,Average,4.82,Average,6.63,Average,5.56,Average,14.55,Slightly Below Avg,16.02,Average,7.08,Way Below Avg,13.41,Average,20.18,Slightly Above Avg,9.94,Slightly Below Avg,45.64,Way Above Avg,14.96,Average,15.72,Average,18.26,Slightly Below Avg,7.6,Average,6.07,Slightly Below Avg,20.91,Average,1,1,20,,,,,,Average,Average,Above Average,Above Average,No
229398,,3,TNS_Gulberg,1,0,1,0,1,-1,1,0,1,0,1,0,1,0,1,0,1,0,1,0,1,0,1,0,1,0,1,0,1,1,0,-1,0,0,1,0,1,-1,1,-1,0,-1,1,0,1,0,0,0,13.17,Average,9.46,Slightly Below Avg,9.34,Slightly Above Avg,5.44,Average,4.34,Slightly Below Avg,4.4,Slightly Below Avg,7.43,Average,6.41,Average,4.93,Average,5.15,Average,4.62,Average,17.93,Average,7.77,Way Below Avg,12.01,Slightly Below Avg,12.48,Slightly Below Avg,11.22,Average,35.43,Slightly Above Avg,10.92,Average,11.9,Slightly Below Avg,15.94,Average,36.61,Average,48.74,Way Above Avg,7.27,Average,16.32,Slightly Below Avg,2,3,16,,,,,,Average,Average,Average,Average,No
229535,,3,TNS_Gulberg,1,0,1,1,1,0,1,0,1,0,1,0,1,0,1,0,1,0,1,0,1,0,1,0,1,0,1,1,1,0,0,0,1,0,1,-1,1,0,1,1,0,0,1,0,1,0,1,0,10.92,Average,5.01,Way Below Avg,4.72,Slightly Below Avg,4.8,Slightly Below Avg,5.1,Slightly Below Avg,6.57,Average,4.92,Slightly Below Avg,3.86,Slightly Below Avg,4.21,Slightly Below Avg,5.09,Average,5.47,Average,22.57,Average,11.26,Slightly Below Avg,6.38,Way Below Avg,23.16,Average,5.24,Way Below Avg,25.43,Slightly Above Avg,66.04,Way Above Avg,20.48,Average,10.5,Way Below Avg,11.83,Way Below Avg,5.22,Slightly Below Avg,6.14,Slightly Below Avg,31.58,Average,3,2,24,,,,,,Average,Average,Average,Average,No
229599,,3,TNS_Gulberg,1,0,1,1,1,0,1,0,1,0,1,1,1,0,1,0,1,0,1,0,1,0,1,0,1,0,1,0,1,1,0,0,0,0,1,0,1,1,1,1,1,0,1,0,1,0,1,0,8.66,Slightly Below Avg,7.43,Way Below Avg,4.69,Slightly Below Avg,4.07,Slightly Below Avg,4.53,Slightly Below Avg,3.52,Way Below Avg,8.83,Slightly Above Avg,4.67,Average,7.9,Slightly Above Avg,5.07,Average,4.16,Slightly Below Avg,13.33,Slightly Below Avg,27.72,Slightly Above Avg,9.53,Slightly Below Avg,8.31,Way Below Avg,6.53,Slightly Below Avg,8.31,Way Below Avg,19.66,Slightly Above Avg,10.68,Way Below Avg,10.48,Way Below Avg,16.11,Slightly Below Avg,5.76,Slightly Below Avg,8.68,Average,23.98,Average,3,3,27,,,,,,Average,Average,Good,Good,No
233911,,3,TNS_Gulberg,1,0,1,0,1,0,1,1,1,0,1,0,1,0,1,0,1,0,1,-1,1,0,1,0,1,0,1,1,1,1,0,0,0,0,1,0,1,0,1,0,0,0,1,0,1,0,1,0,10.24,Slightly Below Avg,14.63,Average,4.66,Slightly Below Avg,3.62,Way Below Avg,5.17,Slightly Below Avg,5.09,Slightly Below Avg,7.3,Average,4.67,Average,5.07,Average,14.61,Way Above Avg,4.89,Average,15,Slightly Below Avg,14.72,Average,6.44,Way Below Avg,6.47,Way Below Avg,7.2,Slightly Below Avg,26.25,Slightly Above Avg,25.36,Slightly Above Avg,13,Slightly Below Avg,12.32,Slightly Below Avg,18.75,Average,6.31,Slightly Below Avg,7.21,Average,25.07,Average,1,1,23,,,,,,Average,Average,Average,Average,No
238729,,2,TNS_Gulberg,1,-1,1,0,1,0,1,-1,1,0,1,-1,0,-1,1,0,1,-1,1,0,1,0,1,0,0.5,0,1,0,1,0,1,-1,0,0,1,0,1,-1,1,1,0,0,1,0,1,1,1,0,196.4,Way Above Avg,25.9,Average,10.83,Average,16.95,Way Above Avg,21.23,Slightly Above Avg,46.36,Way Above Avg,37.08,Way Above Avg,6.92,Average,31.77,Way Above Avg,10.35,Average,7.04,Average,62.13,Slightly Above Avg,46.05,Slightly Above Avg,38.54,Average,20.24,Average,55.53,Way Above Avg,10.24,Slightly Below Avg,16.28,Average,167.16,Way Above Avg,10.33,Way Below Avg,104.69,Slightly Above Avg,7.65,Slightly Below Avg,4.21,Way Below Avg,72.23,Slightly Above Avg,2,2,15.5,,,,,,Average,Average,Good,Good,No
239266,8.8,3,NEWLANDS,1,0,1,0,1,0,1,0,1,0,1,0,1,0,1,0,1,0,1,0,1,0,1,0,1,0,1,0,1,0,0,0,1,0,1,0,1,0,1,0,1,0,1,0,1,0,1,0,18.52,Average,26,Slightly Above Avg,4.87,Slightly Below Avg,6.74,Average,8.72,Average,5.5,Average,9.1,Slightly Above Avg,7.44,Slightly Above Avg,9.56,Slightly Above Avg,12.56,Slightly Above Avg,8.82,Slightly Above Avg,33.93,Slightly Above Avg,29.55,Slightly Above Avg,20.01,Average,43.22,Slightly Above Avg,5.14,Way Below Avg,26.27,Slightly Above Avg,16.7,Average,32.02,Slightly Above Avg,16.25,Average,33.22,Average,7.86,Average,8.14,Average,25.85,Average,1,2,23,No,No,No,No,No,80.00%,Good,85.00%,Good,No
239382,7.11,3,NEWLANDS,1,0,1,0,1,0,1,0,1,0,1,0,1,0,1,0,1,0,1,0,1,0,1,0,1,0,1,0,1,0,0,0,0,-1,1,0,0,0,0,-1,0,0,1,0,1,0,1,0,17.58,Average,15.41,Average,9.27,Slightly Above Avg,3.89,Slightly Below Avg,9.54,Average,6.46,Average,5.49,Average,4.83,Average,6.1,Average,9.22,Slightly Above Avg,5.88,Average,29.72,Average,33.52,Slightly Above Avg,19.69,Average,11.32,Slightly Below Avg,10.51,Average,53.97,Way Above Avg,10.3,Average,22.7,Average,43.76,Way Above Avg,43.05,Slightly Above Avg,7.02,Average,5.99,Slightly Below Avg,18.52,Slightly Below Avg,1,1,17,No,No,No,No,No,83.33%,Good,79.52%,Good,No
242048,,3,TNS_Gulberg,1,0,1,0,1,0,1,0,1,0,1,0,1,0,1,0,1,0,1,0,1,0,0.5,0,0,0,1,0,1,0,0,0,1,1,1,1,0,0,0,0,0,0,1,0,1,-1,1,0,14.98,Average,10.33,Slightly Below Avg,13.14,Slightly Above Avg,10.31,Slightly Above Avg,14.32,Slightly Above Avg,6.85,Average,8.25,Average,6.53,Average,6.6,Average,7.07,Average,5.63,Average,18.16,Average,26.62,Slightly Above Avg,15.86,Average,36.22,Slightly Above Avg,6.34,Slightly Below Avg,6.2,Way Below Avg,5.12,Way Below Avg,18.67,Average,15.57,Average,12.73,Way Below Avg,14.05,Slightly Above Avg,16.73,Way Above Avg,54.62,Slightly Above Avg,1,1,19.5,,,,,,Average,Average,Average,Average,No
246266,,3,TNS_Gulberg,0,0,0,0,1,0,1,0,1,0,0,0,1,0,0,0,1,0,0,0,1,0,0,0,0,0,1,0,0,0,0,0,0,0,1,0,1,0,1,0,0,0,0,-1,0,0,1,0,18.34,Average,13.8,Average,5.1,Slightly Below Avg,4.36,Slightly Below Avg,8.77,Average,4.53,Slightly Below Avg,4.4,Slightly Below Avg,9.74,Slightly Above Avg,4.98,Average,4.62,Slightly Below Avg,6.6,Average,6.05,Way Below Avg,4.82,Way Below Avg,12.15,Slightly Below Avg,13.38,Average,26.47,Slightly Above Avg,11.96,Slightly Below Avg,16.32,Average,14.13,Slightly Below Avg,17.46,Average,25.99,Average,20,Way Above Avg,7.05,Average,41.2,Slightly Above Avg,1,2,10,,,,,,Average,Average,Average,Average,No
246988,,2,TNS_Gulberg,1,0,1,0,1,0,1,0,1,1,1,0,1,0,1,0,1,0,1,0,1,1,1,0,1,0,1,0,1,0,1,0,1,0,1,0,1,1,1,0,0,0,1,-1,1,0,1,0,12.07,Slightly Below Avg,14.04,Slightly Below Avg,4.95,Slightly Below Avg,13.21,Slightly Above Avg,4.35,Way Below Avg,8.35,Average,9,Average,5.11,Slightly Below Avg,4.75,Slightly Below Avg,6.06,Slightly Below Avg,3.5,Way Below Avg,25.57,Average,20.06,Average,17.17,Average,16.14,Slightly Below Avg,20.74,Average,20.65,Average,17.19,Average,11.85,Way Below Avg,33.96,Average,58.25,Average,38.09,Way Above Avg,12.22,Slightly Above Avg,29.65,Average,1,1,25,,,,,,Average,Average,Average,Average,No
247046,,2,TNS_Gulberg,1,0,1,1,1,0,1,0,1,0,1,0,1,0,1,0,1,0,1,0,1,0,1,0,1,0,1,1,1,1,1,0,1,0,0,0,1,0,1,0,1,0,1,0,1,0,1,0,15.28,Slightly Below Avg,9.25,Way Below Avg,6.34,Slightly Below Avg,13.33,Slightly Above Avg,7.89,Average,8.02,Average,8.5,Average,5.69,Slightly Below Avg,5.25,Slightly Below Avg,6.57,Slightly Below Avg,4.82,Slightly Below Avg,26.99,Average,18.35,Average,8.48,Way Below Avg,9.79,Way Below Avg,26.19,Slightly Above Avg,15.82,Average,20.13,Average,37.72,Average,20.98,Average,37.47,Average,6.91,Slightly Below Avg,7.15,Slightly Below Avg,32.21,Average,2,2,26,,,,,,Average,Average,Average,Average,No
249623,,2,TNS_Gulberg,1,0,1,0,1,0,1,0,1,0,1,0,1,0,1,0,1,0,1,0,0,0,0,0,0,0,1,0,0,0,1,0,0,0,1,0,0,0,0,0,0,0,1,-1,1,-1,1,0,24.74,Average,34.09,Average,12.28,Slightly Above Avg,10.33,Average,11.04,Average,10.13,Average,13.92,Slightly Above Avg,9.78,Slightly Above Avg,8.41,Average,15.72,Slightly Above Avg,11.58,Slightly Above Avg,55.83,Slightly Above Avg,22.11,Average,54.69,Slightly Above Avg,24.55,Average,20.33,Average,17.39,Average,14.07,Average,30.39,Average,16.18,Slightly Below Avg,17.14,Way Below Avg,38.57,Way Above Avg,19,Way Above Avg,68.17,Slightly Above Avg,1,1,14,,,,,,Average,Average,Average,Average,No
250237,,2,TNS_Gulberg,1,0,1,0,1,0,1,0,0,0,1,0,1,0,1,0,1,0,1,0,1,0,1,0,1,0,1,0,1,0,1,0,0,0,1,0,1,0,1,0,0,0,1,0,1,0,1,1,21.89,Average,25.05,Average,8.08,Average,5.68,Slightly Below Avg,20.65,Slightly Above Avg,11.27,Average,5.79,Slightly Below Avg,6.12,Average,5.58,Average,16.57,Slightly Above Avg,5.89,Average,69.26,Slightly Above Avg,11.66,Slightly Below Avg,13.32,Slightly Below Avg,25.28,Average,10.4,Average,10.97,Slightly Below Avg,11.86,Average,14.3,Slightly Below Avg,16.96,Slightly Below Avg,23.16,Slightly Below Avg,10.31,Average,7.93,Average,18.05,Way Below Avg,3,4,22,,,,,,Average,Average,Average,Average,No
250277,,3,TNS_Gulberg,1,0,1,1,1,0,1,0,1,0,1,0,1,0,1,0,1,0,1,0,1,0,1,0,1,0,1,0,0,0,1,0,1,0,1,0,1,0,1,0,1,0,1,0,1,0,1,0,11.99,Average,7.54,Way Below Avg,7.11,Average,5.31,Slightly Below Avg,6.47,Average,7.64,Average,6.98,Average,4.81,Average,10.06,Slightly Above Avg,5.91,Average,3.32,Slightly Below Avg,15.03,Slightly Below Avg,14.92,Average,18.02,Average,7.64,Way Below Avg,8.41,Slightly Below Avg,37.61,Slightly Above Avg,10.05,Average,12.16,Slightly Below Avg,17.63,Average,17.78,Slightly Below Avg,8.34,Average,6.49,Slightly Below Avg,39.99,Slightly Above Avg,2,2,24,,,,,,Average,Average,Average,Average,No
250718,7,3,NEWLANDS,1,0,0,0,1,0,1,-1,1,0,1,-1,1,0,1,0,1,-1,1,-1,1,0,0,0,0,0,1,-1,1,0,1,0,0,0,0,0,1,0,1,0,0,0,0,-1,0,-1,1,0,10.23,Slightly Below Avg,30.2,Slightly Above Avg,7.37,Average,14.04,Way Above Avg,19.82,Slightly Above Avg,32.01,Way Above Avg,14.11,Slightly Above Avg,4.7,Average,12.47,Way Above Avg,16.07,Way Above Avg,5.32,Average,21.38,Average,15.18,Average,77.46,Way Above Avg,27.68,Slightly Above Avg,10.74,Average,6.61,Way Below Avg,33.66,Slightly Above Avg,22.14,Average,22.5,Average,33.94,Average,29.66,Way Above Avg,28.86,Way Above Avg,21.27,Average,1,3,9,No,No,No,No,Yes,20.00%,Below Average,48.08%,Below Average,No
250865,7,3,NEWLANDS,1,0,1,-1,1,0,1,0,1,0,0,0,0,0,1,0,1,0,0,0,1,0,0,0,0,0,0,0,0,0,1,0,0,0,1,0,0,0,0,0,0,0,0,0,0,0,1,0,15.89,Average,88.25,Way Above Avg,5.19,Slightly Below Avg,4.41,Slightly Below Avg,5.29,Slightly Below Avg,3.98,Slightly Below Avg,7.19,Average,7.86,Slightly Above Avg,6.76,Slightly Above Avg,9.1,Slightly Above Avg,7.75,Slightly Above Avg,9.99,Way Below Avg,7.66,Way Below Avg,14.63,Average,10.34,Slightly Below Avg,10.19,Average,8.81,Way Below Avg,10.4,Average,16.21,Average,11.36,Slightly Below Avg,12.41,Way Below Avg,7.11,Average,5.71,Slightly Below Avg,17.91,Slightly Below Avg,2,3,10,No,No,No,Yes,No,83.33%,Good,80.40%,Good,No
252563,7,2,NEWLANDS,1,1,1,0,1,1,1,0,1,1,1,1,1,0,1,0,1,1,1,1,1,0,1,0,1,0,1,1,1,1,1,1,1,1,1,0,1,0,1,0,0,0,1,0,1,1,1,0,8.98,Way Below Avg,9.55,Slightly Below Avg,4.65,Way Below Avg,7.81,Average,5.07,Way Below Avg,4.11,Way Below Avg,5.54,Slightly Below Avg,4.21,Slightly Below Avg,3.46,Way Below Avg,3.62,Way Below Avg,4.95,Slightly Below Avg,23.48,Slightly Below Avg,61.38,Slightly Above Avg,9.7,Way Below Avg,6.24,Way Below Avg,4.57,Way Below Avg,8.42,Way Below Avg,9.62,Slightly Below Avg,24.54,Average,17.65,Slightly Below Avg,88.62,Slightly Above Avg,8.51,Slightly Below Avg,4.38,Way Below Avg,22.86,Slightly Below Avg,1,2,34,,,,,,Above Average,Above Average,Above Average,Above Average,No
252685,8,3,NEWLANDS,1,1,1,1,1,0,1,1,1,1,1,0,1,1,1,1,1,1,1,1,1,1,1,0,1,1,1,0,1,0,0,0,0,0,0,0,1,0,1,0,1,0,1,0,1,0,1,1,7.48,Way Below Avg,5.6,Way Below Avg,4.25,Slightly Below Avg,2.54,Way Below Avg,3.96,Way Below Avg,4.22,Slightly Below Avg,3.39,Way Below Avg,2.43,Way Below Avg,2.21,Way Below Avg,2.1,Way Below Avg,2.42,Way Below Avg,20.54,Average,6.33,Way Below Avg,16.8,Average,10.31,Slightly Below Avg,15.26,Average,9.63,Slightly Below Avg,8.94,Slightly Below Avg,11.49,Slightly Below Avg,10.7,Slightly Below Avg,17.46,Slightly Below Avg,5.82,Slightly Below Avg,5.37,Slightly Below Avg,11.86,Way Below Avg,1,1,32,,,,,,Above Average,Above Average,Average,Average,No
253313,,2,TNS_Gulberg,1,1,0,0,1,0,1,0,1,0,1,1,0,0,1,0,1,1,1,0,1,0,1,0,1,-1,1,0,1,0,0,0,0,0,0,0,1,0,1,0,1,0,1,0,1,0,1,-1,9.82,Way Below Avg,10.65,Slightly Below Avg,5.78,Slightly Below Avg,4.98,Slightly Below Avg,9.01,Average,4.34,Way Below Avg,6.65,Slightly Below Avg,5.31,Slightly Below Avg,3.59,Way Below Avg,4.74,Slightly Below Avg,5.39,Slightly Below Avg,18.27,Slightly Below Avg,77.26,Way Above Avg,13.08,Slightly Below Avg,22.68,Average,18.54,Average,29.3,Average,21.74,Average,22.68,Average,34.38,Average,63.34,Slightly Above Avg,11.66,Average,7.42,Slightly Below Avg,89.12,Way Above Avg,3,5,20,,,,,,Average,Average,Average,Average,No
254318,9,3,NEWLANDS,1,1,1,1,1,0,1,0,1,1,1,0,1,0,1,1,1,1,1,0,1,1,1,0,0.5,0,1,0,1,0,0,0,0,0,0,0,0,0,1,0,0,0,1,1,1,0,1,0,7.42,Way Below Avg,7.02,Way Below Avg,8.74,Average,7.04,Average,3.27,Way Below Avg,3.87,Slightly Below Avg,3.97,Slightly Below Avg,3.13,Way Below Avg,3.17,Way Below Avg,5.16,Average,2.86,Way Below Avg,14.25,Slightly Below Avg,17.63,Average,9.48,Slightly Below Avg,17.63,Average,5.33,Way Below Avg,10.25,Slightly Below Avg,10.94,Average,9.54,Way Below Avg,22.5,Average,16.74,Slightly Below Avg,4.5,Way Below Avg,11.35,Slightly Above Avg,19.93,Average,2,2,25.5,,,,,,Above Average,Above Average,Above Average,Above Average,No
255682,,2,TNS_Gulberg,1,0,1,0,1,0,1,-1,1,0,1,0,1,-1,0,0,0,0,1,0,1,0,1,0,1,0,1,0,1,0,1,0,1,0,0,0,1,0,1,0,0,0,1,0,1,0,1,0,17.22,Average,43.63,Slightly Above Avg,8.7,Average,23.17,Way Above Avg,9.1,Average,9.02,Average,39.65,Way Above Avg,10.04,Slightly Above Avg,6.67,Average,10.14,Average,7.73,Average,27.96,Average,26.2,Average,50.89,Slightly Above Avg,22.56,Average,32.29,Slightly Above Avg,18.16,Average,7.29,Slightly Below Avg,16.13,Slightly Below Avg,20.19,Average,72.34,Slightly Above Avg,17.27,Slightly Above Avg,10.52,Average,22.83,Slightly Below Avg,1,2,18,,,,,,B,Above Average,B,Above Average,No
256068,,3,TNS_Gulberg,1,-1,1,0,1,0,1,0,0,0,1,-1,1,-1,1,-1,0,-1,1,-1,1,-1,0,0,0,0,1,0,1,-1,0,0,1,0,0,0,0,0,0,0,0,0,1,0,1,0,1,0,145.47,Way Above Avg,23.91,Slightly Above Avg,8.66,Average,7.76,Average,12.94,Slightly Above Avg,22.85,Way Above Avg,28.03,Way Above Avg,26.07,Way Above Avg,14.93,Way Above Avg,16.25,Way Above Avg,19.75,Way Above Avg,13.98,Slightly Below Avg,37.31,Slightly Above Avg,39.28,Slightly Above Avg,76.18,Way Above Avg,7.71,Slightly Below Avg,11.15,Slightly Below Avg,5.84,Way Below Avg,27.34,Slightly Above Avg,17.45,Average,22.61,Average,9.77,Average,11.94,Slightly Above Avg,42.42,Slightly Above Avg,2,1,7,,,,,,B,Above Average,B,Above Average,No
257969,,3,TNS_Gulberg,1,0,1,0,1,0,1,0,1,0,1,0,1,0,1,0,1,0,1,0,1,0,1,0,1,0,1,0,1,0,0,0,0,0,0,-1,1,0,1,0,0,0,1,0,1,0,1,0,13.33,Average,10.42,Slightly Below Avg,12.32,Slightly Above Avg,6.57,Average,4.37,Slightly Below Avg,8.7,Average,5.14,Slightly Below Avg,3.86,Slightly Below Avg,3.99,Slightly Below Avg,4.66,Slightly Below Avg,5.75,Average,39.76,Slightly Above Avg,31.68,Slightly Above Avg,19.59,Average,11.52,Slightly Below Avg,11.08,Average,7.26,Way Below Avg,56.23,Way Above Avg,17.16,Average,26.01,Slightly Above Avg,68.94,Slightly Above Avg,10.17,Average,6.71,Average,52.72,Slightly Above Avg,1,1,19,,,,,,B,Above Average,B,Above Average,No
260381,,2,TNS_Gulberg,0,0,1,0,1,0,1,0,1,0,1,0,1,1,1,0,1,0,1,0,1,0,1,0,1,0,1,0,1,0,1,0,1,0,1,0,1,1,1,1,1,0,1,0,1,0,1,0,19.29,Average,9.86,Slightly Below Avg,6.67,Average,7.67,Average,15.61,Average,13.61,Average,4.24,Way Below Avg,4.74,Slightly Below Avg,5.52,Average,4.46,Slightly Below Avg,7.54,Average,23.61,Slightly Below Avg,13.88,Slightly Below Avg,11.38,Slightly Below Avg,26,Average,17.53,Average,11.85,Slightly Below Avg,20.34,Average,10.41,Way Below Avg,10.88,Way Below Avg,42.12,Average,6.13,Slightly Below Avg,7.4,Slightly Below Avg,25.51,Slightly Below Avg,2,2,26,,,,,,B,Above Average,B,Above Average,No
262071,,1,TNS_Gulberg,1,1,1,0,1,0,1,0,1,0,0,0,0,0,0,0,1,0,0,0,1,0,0,0,0,0,1,0,0,0,1,0,0,0,1,0,1,0,1,0,0,0,0,0,1,0,1,-1,13.21,Way Below Avg,14.88,Slightly Below Avg,12.84,Average,8.11,Slightly Below Avg,24.2,Average,8.19,Average,6.63,Slightly Below Avg,7.25,Average,9.25,Average,7.36,Average,10.15,Average,32.49,Average,7.8,Way Below Avg,26.07,Slightly Below Avg,16.67,Slightly Below Avg,16.39,Average,13.53,Average,8.8,Slightly Below Avg,24.97,Slightly Below Avg,29.65,Average,54.09,Average,14.74,Average,17.67,Slightly Above Avg,108.03,Way Above Avg,1,4,14,,,,,,B,Above Average,B,Above Average,No
262212,,2,TNS_Gulberg,1,0,1,0,1,1,1,0,1,0,1,0,1,0,1,0,1,0,1,0,1,0,1,0,1,0,1,0,1,0,0,0,1,0,1,0,0,0,0,0,0,0,1,0,1,0,1,0,13.09,Slightly Below Avg,14.19,Average,4.72,Way Below Avg,5.9,Slightly Below Avg,6.01,Slightly Below Avg,4.76,Slightly Below Avg,8.38,Average,5.22,Slightly Below Avg,5.76,Average,8.37,Average,4.76,Slightly Below Avg,69.78,Slightly Above Avg,35.59,Average,11.37,Slightly Below Avg,19.22,Average,5.07,Way Below Avg,18.37,Average,35.72,Slightly Above Avg,14.71,Slightly Below Avg,15.37,Slightly Below Avg,32.11,Average,10.32,Average,5.84,Slightly Below Avg,71.46,Slightly Above Avg,1,1,21,,,,,,B,Above Average,B,Above Average,No
262903,,3,TNS_Gulberg,0,0,1,0,1,0,1,0,1,0,1,0,1,0,1,0,1,0,1,0,1,0,1,0,1,0,1,0,1,0,1,0,1,0,0,0,1,0,1,0,0,0,1,1,1,0,1,0,11.14,Average,8.44,Slightly Below Avg,6.06,Average,4.96,Slightly Below Avg,5.04,Slightly Below Avg,4.61,Slightly Below Avg,5.03,Slightly Below Avg,8.06,Slightly Above Avg,9.63,Slightly Above Avg,7,Average,3.82,Slightly Below Avg,46.63,Slightly Above Avg,22.19,Average,9.48,Slightly Below Avg,46.65,Slightly Above Avg,22.66,Slightly Above Avg,18.74,Average,12.48,Average,38.29,Slightly Above Avg,21.19,Average,68.47,Slightly Above Avg,4.66,Way Below Avg,8.61,Average,21.26,Average,1,1,22,,,,,,B,Above Average,B,Above Average,No
263133,7,3,NEWLANDS,0,0,1,0,1,0,1,0,0,0,1,0,1,0,1,0,1,0,1,0,1,0,1,-1,0,0,1,0,1,0,1,0,0,0,0,0,0,-1,0,0,0,0,1,0,1,0,1,0,38.73,Slightly Above Avg,30.8,Slightly Above Avg,8.16,Average,7.25,Average,13.13,Slightly Above Avg,10.21,Slightly Above Avg,14.33,Slightly Above Avg,9.78,Slightly Above Avg,5.43,Average,7.35,Average,9.13,Slightly Above Avg,110.15,Way Above Avg,46.44,Slightly Above Avg,40.59,Slightly Above Avg,25.97,Average,7.28,Slightly Below Avg,28.18,Slightly Above Avg,7.36,Slightly Below Avg,59.53,Way Above Avg,19.69,Average,9.59,Way Below Avg,11.26,Average,10.46,Slightly Above Avg,25.54,Average,1,1,14,No,No,No,Yes,No,68.57%,Above Average,67.89%,Above Average,No
263447,,3,TNS_Gulberg,1,0,1,0,1,0,1,0,1,0,1,0,1,0,1,0,1,0,1,0,1,0,1,0,1,0,1,0,0,0,0,0,1,0,1,0,1,0,1,0,0,0,1,0,1,0,1,0,14.76,Average,14.38,Average,6.57,Average,5.07,Slightly Below Avg,4.29,Slightly Below Avg,5.45,Average,8.99,Slightly Above Avg,4.88,Average,5.42,Average,5.97,Average,5.24,Average,32.9,Average,30.12,Slightly Above Avg,10.47,Slightly Below Avg,14.7,Average,27.29,Slightly Above Avg,21.33,Average,27.41,Slightly Above Avg,16.33,Average,21.43,Average,31.23,Average,4.83,Slightly Below Avg,6.64,Slightly Below Avg,33.95,Average,1,1,21,,,,,,B,Above Average,B,Above Average,No
264054,,2,TNS_Gulberg,1,0,1,0,1,0,1,0,1,0,1,0,1,0,1,0,1,0,1,0,1,0,1,0,0,0,1,0,1,1,0,0,1,0,0,0,1,0,1,0,0,0,1,0,1,-1,1,-1,24.01,Average,28.13,Average,7.24,Average,6.54,Average,21.29,Slightly Above Avg,8.86,Average,13.26,Slightly Above Avg,14.72,Slightly Above Avg,11.17,Slightly Above Avg,6.32,Slightly Below Avg,8.9,Average,76.22,Slightly Above Avg,31.75,Average,20.6,Average,7.87,Way Below Avg,10.46,Average,10.12,Slightly Below Avg,26.36,Slightly Above Avg,49.16,Slightly Above Avg,24.35,Average,21.26,Slightly Below Avg,15.91,Average,29.36,Way Above Avg,112.29,Way Above Avg,1,1,19,,,,,,B,Above Average,B,Above Average,No
265926,6,3,NEWLANDS,1,0,0,0,1,0,1,0,1,0,1,0,1,0,0,0,1,-1,1,-1,1,-1,0,0,0,0,1,0,1,0,0,0,1,0,1,0,0,0,0,0,0,0,1,0,1,0,1,0,24.27,Slightly Above Avg,14.3,Average,10.54,Slightly Above Avg,8.56,Average,18.76,Slightly Above Avg,11.77,Slightly Above Avg,7.15,Average,5.51,Average,15.66,Way Above Avg,13.27,Way Above Avg,13.23,Way Above Avg,23.05,Average,20.55,Average,28.37,Slightly Above Avg,26.86,Slightly Above Avg,12.47,Average,22.54,Average,15.18,Average,20.97,Average,17.78,Average,5.38,Way Below Avg,5.98,Slightly Below Avg,8.6,Average,26,Average,1,1,13,No,No,No,No,No,71.43%,Above Average,74.76%,Above Average,No
265927,6,3,NEWLANDS,1,0,1,0,1,0,1,0,1,0,1,0,1,0,1,0,1,0,1,0,1,0,1,0,1,0,1,0,1,0,0,0,0,-1,1,0,0,0,1,0,0,0,1,0,1,0,1,0,9.58,Slightly Below Avg,25.32,Slightly Above Avg,6.27,Average,4.3,Slightly Below Avg,4.39,Slightly Below Avg,6.15,Average,6.74,Average,5.34,Average,6.34,Average,5.15,Average,7.35,Slightly Above Avg,49.22,Slightly Above Avg,31.73,Slightly Above Avg,13.62,Average,25.75,Average,16.94,Average,55.12,Way Above Avg,34.41,Slightly Above Avg,31.98,Slightly Above Avg,31.74,Slightly Above Avg,25.34,Average,4.8,Slightly Below Avg,11.38,Slightly Above Avg,25.81,Average,1,3,19,No,No,No,No,Yes,60.00%,Above Average,69.20%,Above Average,No
266331,,2,TNS_Gulberg,1,0,1,0,1,0,1,0,1,0,1,0,1,0,1,0,1,0,1,0,1,0,1,-1,1,-1,1,-1,1,-1,0,0,0,-1,0,-1,0,-1,0,0,0,0,1,0,1,0,1,0,41.33,Average,12.01,Slightly Below Avg,6.97,Average,5.86,Slightly Below Avg,26.98,Slightly Above Avg,7.69,Average,12.81,Slightly Above Avg,6.84,Average,4.88,Slightly Below Avg,18.38,Slightly Above Avg,8.51,Average,227.01,Way Above Avg,88.44,Way Above Avg,159.96,Way Above Avg,105.92,Way Above Avg,18.02,Average,107.04,Way Above Avg,86.7,Way Above Avg,169.75,Way Above Avg,35.55,Average,34.34,Average,8.21,Slightly Below Avg,9.89,Average,24.81,Slightly Below Avg,1,1,11,,,,,,B,Above Average,B,Above Average,No
267716,6,3,TNS DHA,1,0,1,0,1,0,1,1,1,1,1,0,1,0,1,0,1,0,1,0,1,1,1,1,1,0,1,0,1,0,0,0,1,0,1,0,1,0,1,1,1,0,1,0,1,1,1,1,9.43,Slightly Below Avg,10.75,Average,5.77,Average,3.6,Way Below Avg,4.02,Way Below Avg,5.48,Average,4.9,Slightly Below Avg,3.44,Slightly Below Avg,3.8,Slightly Below Avg,4.1,Slightly Below Avg,3.18,Way Below Avg,7.17,Way Below Avg,33.44,Slightly Above Avg,8.89,Slightly Below Avg,13.82,Average,4.53,Way Below Avg,11.68,Slightly Below Avg,8.13,Slightly Below Avg,12.47,Slightly Below Avg,10.2,Way Below Avg,22.12,Average,5.66,Slightly Below Avg,5.07,Way Below Avg,12,Way Below Avg,1,1,30,No,No,No,Not Sure,Yes,68.57%,Above Average,71.57%,Above Average,No
270489,,1,TNS_Gulberg,1,0,1,0,1,0,1,0,1,0,1,0,1,0,1,0,1,0,1,0,1,-1,0,-1,0,0,0,-1,0,0,0,0,1,0,0,0,0,0,0,0,0,0,1,-1,0,0,1,-1,74.11,Slightly Above Avg,13.42,Slightly Below Avg,17.35,Slightly Above Avg,7.75,Slightly Below Avg,19.17,Average,19.52,Slightly Above Avg,7.2,Slightly Below Avg,10.59,Average,5.69,Slightly Below Avg,22.23,Slightly Above Avg,25.37,Way Above Avg,201.7,Way Above Avg,37.74,Average,161.77,Way Above Avg,15.2,Slightly Below Avg,9.7,Slightly Below Avg,34.38,Slightly Above Avg,23.3,Slightly Above Avg,13.14,Way Below Avg,9.1,Way Below Avg,27.13,Slightly Below Avg,90.73,Way Above Avg,10.73,Average,105.69,Way Above Avg,1,1,9,,,,,,B,Above Average,B,Above Average,No
270513,8.1,3,NEWLANDS,1,0,1,0,1,0,1,0,1,0,1,0,1,0,1,0,1,0,1,0,1,-1,1,0,1,-1,1,0,1,0,1,0,0,0,1,0,1,-1,1,0,1,0,1,0,1,0,1,-1,13.28,Average,21.06,Slightly Above Avg,11.45,Slightly Above Avg,10.74,Slightly Above Avg,13.62,Slightly Above Avg,8.82,Average,10.23,Slightly Above Avg,10.42,Slightly Above Avg,7.78,Slightly Above Avg,12.99,Slightly Above Avg,20.01,Way Above Avg,58.83,Slightly Above Avg,54.86,Way Above Avg,33.23,Slightly Above Avg,20.98,Average,23.79,Slightly Above Avg,20.49,Average,21.2,Slightly Above Avg,41.96,Way Above Avg,28.34,Slightly Above Avg,34.48,Average,5.58,Slightly Below Avg,15.8,Slightly Above Avg,80.74,Way Above Avg,2,1,19,No,No,No,No,No,80.00%,Good,90.00%,Excellent,No
271104,,1,TNS_Gulberg,1,0,1,-1,1,0,1,0,1,0,1,-1,1,0,1,0,1,-1,1,-1,1,0,0,0,0,0,1,-1,1,0,0,0,0,0,0,0,1,0,0,0,0,0,0,-1,1,0,1,0,44.49,Average,75.63,Way Above Avg,32.37,Slightly Above Avg,15.05,Slightly Above Avg,26.66,Slightly Above Avg,175.19,Way Above Avg,12.41,Average,9.05,Average,15.18,Way Above Avg,36.85,Way Above Avg,12.45,Slightly Above Avg,36.21,Average,11.22,Slightly Below Avg,122.63,Way Above Avg,38.23,Average,8.26,Slightly Below Avg,7.39,Way Below Avg,6.39,Slightly Below Avg,38.28,Average,54.28,Average,27.77,Slightly Below Avg,37.61,Way Above Avg,17.18,Slightly Above Avg,90.69,Slightly Above Avg,1,1,10,,,,,,B,Above Average,B,Above Average,No
271142,7,2,TNS_Gulberg,1,1,1,1,1,0,1,1,1,1,1,0,1,1,1,0,1,1,1,0,1,1,1,0,1,0,1,0,1,1,1,0,1,0,0,-1,1,0,1,0,1,0,1,0,1,0,1,0,9.62,Way Below Avg,9.37,Way Below Avg,6.43,Slightly Below Avg,3.89,Way Below Avg,5.25,Way Below Avg,6.38,Slightly Below Avg,4.76,Way Below Avg,4.73,Slightly Below Avg,3.85,Way Below Avg,9.42,Average,3.49,Way Below Avg,46.89,Average,18.27,Average,18.81,Average,7.13,Way Below Avg,19.78,Average,41.72,Slightly Above Avg,66.3,Way Above Avg,48.33,Slightly Above Avg,18.04,Slightly Below Avg,28.23,Average,28.39,Slightly Above Avg,10.75,Average,60.38,Slightly Above Avg,3,3,30,,,,,,Below Average,Below Average,Below Average,Below Average,No
271306,,2,TNS_Gulberg,1,0,1,0,1,0,1,0,1,0,1,0,1,0,1,0,1,-1,1,0,1,0,1,0,1,0,1,0,1,0,0,0,0,0,0,0,0,0,0,0,1,0,1,0,1,0,1,0,20.94,Average,15.82,Average,8.99,Average,4.96,Slightly Below Avg,8.97,Average,6.63,Slightly Below Avg,8.29,Average,6.76,Average,18.72,Way Above Avg,4.48,Slightly Below Avg,5.85,Average,54.81,Slightly Above Avg,12.52,Slightly Below Avg,33.83,Average,22.21,Average,15.23,Average,19.94,Average,11.22,Average,16.89,Slightly Below Avg,12.42,Way Below Avg,38.21,Average,6.5,Slightly Below Avg,14.08,Slightly Above Avg,66.98,Slightly Above Avg,1,1,18,,,,,,Below Average,Below Average,Below Average,Below Average,No
271453,,2,TNS_Gulberg,1,1,1,1,1,1,1,0,1,1,1,1,1,1,1,1,1,0,1,0,1,0,0,0,0,0,1,1,0,0,1,1,0,0,1,0,1,0,0,0,0,0,1,0,0,0,1,-1,8.12,Way Below Avg,8.93,Way Below Avg,4.65,Way Below Avg,6.51,Average,4.62,Way Below Avg,4.63,Way Below Avg,4.06,Way Below Avg,2.9,Way Below Avg,5.01,Slightly Below Avg,6.69,Average,8,Average,16.18,Slightly Below Avg,6.56,Way Below Avg,9.01,Way Below Avg,9.24,Way Below Avg,4.2,Way Below Avg,10.29,Slightly Below Avg,6.66,Slightly Below Avg,16.68,Slightly Below Avg,15.93,Slightly Below Avg,12.15,Way Below Avg,8.19,Slightly Below Avg,13.41,Slightly Above Avg,84.08,Way Above Avg,1,1,25,,,,,,Below Average,Below Average,Below Average,Below Average,No
271826,,1,TNS_Gulberg,1,0,1,1,1,0,1,0,1,1,1,1,1,0,1,0,1,0,1,0,1,0,1,0,0.5,0,1,0,1,0,1,0,0,0,0,0,1,1,1,0,0,0,1,0,1,0,1,0,13.92,Slightly Below Avg,8.71,Way Below Avg,8.03,Slightly Below Avg,6.13,Slightly Below Avg,4.32,Way Below Avg,3.88,Way Below Avg,6.83,Slightly Below Avg,5.17,Slightly Below Avg,7.25,Average,6.98,Average,5.14,Slightly Below Avg,27.65,Average,9.09,Way Below Avg,20.33,Slightly Below Avg,16.37,Slightly Below Avg,7.65,Slightly Below Avg,16.15,Average,8.92,Slightly Below Avg,14.13,Way Below Avg,29.82,Average,34.63,Average,9.7,Slightly Below Avg,5.88,Slightly Below Avg,42.77,Average,2,2,24.5,,,,,,Below Average,Below Average,Below Average,Below Average,No
271973,,1,TNS_Gulberg,1,0,1,0,1,0,1,0,1,0,1,0,1,0,1,0,1,0,1,0,1,0,1,0,1,0,1,0,1,0,0,0,1,0,0,-1,1,0,1,0,1,-1,1,0,1,0,1,-1,53.98,Average,15.54,Slightly Below Avg,23.24,Slightly Above Avg,22.97,Slightly Above Avg,16.89,Average,18.27,Slightly Above Avg,14.74,Average,8.83,Average,8.15,Average,15.31,Slightly Above Avg,21.36,Slightly Above Avg,58.4,Average,59.55,Slightly Above Avg,22.17,Slightly Below Avg,30.54,Average,23.02,Average,42.84,Slightly Above Avg,108.56,Way Above Avg,34.88,Average,36.56,Average,158.31,Way Above Avg,10.5,Slightly Below Avg,13.87,Slightly Above Avg,160.02,Way Above Avg,1,1,19,,,,,,Below Average,Below Average,Below Average,Below Average,No
272014,,1,TNS_Gulberg,1,0,1,1,1,0,1,0,1,0,1,0,1,0,1,0,1,0,1,0,1,0,1,0,1,0,1,0,1,0,0,0,1,0,1,0,1,1,1,0,0,0,1,0,1,-1,1,-1,15.91,Slightly Below Avg,10.62,Way Below Avg,16.29,Slightly Above Avg,8.01,Slightly Below Avg,7.43,Slightly Below Avg,7.18,Slightly Below Avg,6.54,Slightly Below Avg,7.59,Average,5.36,Slightly Below Avg,9.81,Average,8.62,Average,58.46,Average,39.5,Average,28.63,Average,34,Average,12.88,Average,24.31,Average,6.92,Slightly Below Avg,14.08,Way Below Avg,26.77,Average,36.45,Average,11.62,Slightly Below Avg,49.62,Way Above Avg,105.77,Way Above Avg,1,1,22,,,,,,Below Average,Below Average,Below Average,Below Average,No
272116,,1,TNS_Gulberg,1,0,1,0,1,0,1,0,1,0,1,0,1,0,1,0,1,0,1,0,1,0,1,0,1,0,1,0,1,1,1,-1,1,-1,1,0,1,0,1,0,0,-1,1,0,1,0,1,0,13.91,Slightly Below Avg,20.56,Average,12.26,Average,9.97,Average,14.04,Average,10.45,Average,13.17,Average,9.99,Average,10.94,Slightly Above Avg,11.75,Average,6.29,Average,80.69,Slightly Above Avg,50.89,Slightly Above Avg,49.43,Average,12.71,Way Below Avg,61.95,Way Above Avg,99.1,Way Above Avg,36.99,Slightly Above Avg,34.98,Average,40.91,Average,325.82,Way Above Avg,8.53,Slightly Below Avg,10.87,Average,89.83,Slightly Above Avg,1,5,21,,,,,,Below Average,Below Average,Below Average,Below Average,No
272142,6,3,NEWLANDS,1,0,1,0,1,-1,1,0,1,-1,1,-1,1,-1,1,-1,1,-1,0,-1,1,-1,0,-1,0,0,1,0,0,-1,1,-1,1,0,0,0,0,0,0,0,0,0,0,-1,1,-1,1,0,46.98,Slightly Above Avg,31.41,Slightly Above Avg,60.42,Way Above Avg,8.65,Average,62.27,Way Above Avg,64.04,Way Above Avg,22.18,Way Above Avg,35.89,Way Above Avg,20.86,Way Above Avg,18.74,Way Above Avg,41.44,Way Above Avg,125.7,Way Above Avg,7.07,Way Below Avg,24.96,Slightly Above Avg,111.62,Way Above Avg,49.11,Way Above Avg,27.86,Slightly Above Avg,17.19,Average,33.53,Slightly Above Avg,29.33,Slightly Above Avg,56.19,Slightly Above Avg,43.02,Way Above Avg,26.5,Way Above Avg,49.05,Slightly Above Avg,1,2,2,Not Sure,Not Sure,No,No,No,74.29%,Above Average,76.81%,Good,No
272197,,2,TNS_Gulberg,1,0,1,1,1,0,1,0,1,0,1,0,1,0,1,1,1,0,1,0,1,0,1,0,1,0,1,0,1,0,0,0,0,0,0,0,1,0,1,1,1,1,1,1,1,0,1,0,14.59,Slightly Below Avg,7.52,Way Below Avg,6.32,Slightly Below Avg,7.56,Average,8.95,Average,4.79,Slightly Below Avg,5.19,Slightly Below Avg,3.35,Way Below Avg,6.52,Average,4.65,Slightly Below Avg,4.66,Slightly Below Avg,48.97,Average,39.62,Slightly Above Avg,11.68,Slightly Below Avg,15.93,Slightly Below Avg,4.93,Way Below Avg,11.9,Slightly Below Avg,11.41,Average,17.01,Slightly Below Avg,11.45,Way Below Avg,16.69,Way Below Avg,5.82,Way Below Avg,10.46,Average,32.07,Average,1,2,26,,,,,,Below Average,Below Average,Below Average,Below Average,No
272629,,1,TNS_Gulberg,1,0,0,0,1,0,1,0,1,0,1,0,1,-1,1,0,0,-1,1,0,1,0,1,-1,0,-1,1,0,1,0,0,0,0,-1,0,0,1,1,1,0,0,0,1,0,1,0,1,0,16.5,Slightly Below Avg,11.15,Way Below Avg,11.81,Average,13.06,Average,11.6,Average,8.06,Average,28.53,Way Above Avg,7.87,Average,18.01,Way Above Avg,5.91,Slightly Below Avg,9.02,Average,116.35,Way Above Avg,95.81,Way Above Avg,17.67,Slightly Below Avg,27.77,Average,21.41,Average,54.77,Way Above Avg,8.33,Slightly Below Avg,14.64,Way Below Avg,18.2,Slightly Below Avg,85.69,Slightly Above Avg,25.83,Slightly Above Avg,9.85,Average,62.91,Average,1,1,13,,,,,,Below Average,Below Average,Below Average,Below Average,No
272936,7.7,3,NEWLANDS,1,0,1,0,1,0,1,-1,1,0,1,0,1,0,1,0,1,0,1,0,1,0,1,0,1,0,1,0,0,0,0,0,1,-1,1,0,1,0,1,0,1,0,1,0,0,0,1,0,14.24,Average,16.22,Average,5.48,Average,42.17,Way Above Avg,7.74,Average,6.75,Average,9.38,Slightly Above Avg,10.15,Slightly Above Avg,8.48,Slightly Above Avg,11.26,Slightly Above Avg,7.28,Slightly Above Avg,28.37,Average,43.1,Slightly Above Avg,23.3,Average,27.62,Slightly Above Avg,18.78,Slightly Above Avg,123.1,Way Above Avg,16,Average,28.96,Slightly Above Avg,31.38,Slightly Above Avg,66.77,Slightly Above Avg,7.55,Average,13.36,Slightly Above Avg,30.52,Average,1,1,19,No,No,No,No,No,82.50%,Good,90.00%,Excellent,No
273347,,3,TNS_Gulberg,1,0,1,1,1,0,1,0,1,0,1,0,1,0,1,0,1,0,1,0,1,0,1,0,1,1,1,1,1,0,0,0,0,0,0,0,1,0,1,1,1,0,1,0,1,0,1,0,9.79,Slightly Below Avg,6.51,Way Below Avg,4.69,Slightly Below Avg,5.69,Average,4.99,Slightly Below Avg,5.16,Slightly Below Avg,4.06,Slightly Below Avg,4.23,Slightly Below Avg,4.15,Slightly Below Avg,4.15,Slightly Below Avg,4.37,Average,15.8,Average,7.62,Way Below Avg,5.71,Way Below Avg,15.63,Average,3.78,Way Below Avg,8.41,Way Below Avg,15.46,Average,15.24,Average,8.33,Way Below Avg,14.48,Slightly Below Avg,8.7,Average,6.75,Average,15.98,Slightly Below Avg,2,2,25,,,,,,Below Average,Below Average,Below Average,Below Average,No
276016,,2,TNS_Gulberg,1,0,1,0,1,0,1,-1,1,0,1,0,1,0,1,0,1,0,1,0,1,0,0,0,0.5,0,0,0,1,0,0,0,0,0,1,1,1,0,1,0,0,0,1,0,1,0,1,0,14.62,Slightly Below Avg,12.77,Slightly Below Avg,11.8,Slightly Above Avg,16.55,Way Above Avg,6.36,Slightly Below Avg,7.67,Average,9.9,Average,7.18,Average,6.6,Average,9.42,Average,8.07,Average,18.95,Slightly Below Avg,62.33,Slightly Above Avg,17.05,Average,13.93,Slightly Below Avg,5.84,Slightly Below Avg,13.36,Slightly Below Avg,6.27,Way Below Avg,24.07,Average,22.91,Average,64.65,Slightly Above Avg,6.32,Slightly Below Avg,7.87,Average,38.22,Average,1,1,18.5,,,,,,Below Average,Below Average,Below Average,Below Average,No
276321,,2,TNS_Gulberg,1,0,1,0,1,0,1,0,1,0,1,0,1,0,0,-1,1,-1,0,0,1,0,0,0,0.5,0,1,0,0,0,0,0,0,0,0,0,0,0,0,0,0,0,1,0,1,-1,1,0,28.15,Average,17.02,Average,8.43,Average,16.27,Slightly Above Avg,17.09,Average,9.6,Average,14.46,Slightly Above Avg,33.17,Way Above Avg,20.18,Way Above Avg,15.34,Slightly Above Avg,14.49,Slightly Above Avg,59.9,Slightly Above Avg,19.67,Average,30.08,Average,50.97,Slightly Above Avg,18.26,Average,9.54,Slightly Below Avg,11.56,Average,32.37,Average,13.68,Slightly Below Avg,16.21,Way Below Avg,19.2,Slightly Above Avg,33.41,Way Above Avg,35.94,Average,2,2,10.5,,,,,,Below Average,Below Average,Below Average,Below Average,No
278809,,1,TNS_Gulberg,1,0,1,0,1,0,1,0,1,0,1,0,1,0,1,0,1,0,1,0,1,0,1,0,1,0,1,0,1,0,0,0,1,0,0,0,1,0,1,0,0,-1,1,0,1,0,1,0,26.87,Average,20.46,Average,7,Slightly Below Avg,9.1,Average,7.84,Slightly Below Avg,9.49,Average,13.05,Average,7.66,Average,9.56,Average,8.96,Average,9.34,Average,36.29,Average,32.35,Average,86.04,Slightly Above Avg,20.11,Slightly Below Avg,13.15,Average,20.44,Average,16.21,Average,40.4,Average,40.15,Average,227.8,Way Above Avg,12.45,Average,8.67,Average,73.3,Slightly Above Avg,1,1,20,,,,,,C,Average,C,Average,No
279559,,1,TNS_Gulberg,1,0,1,0,1,0,1,0,1,0,1,-1,1,-1,1,0,1,0,1,0,1,-1,1,0,1,0,1,1,1,1,0,-1,1,0,1,0,1,0,1,-1,0,0,1,0,1,0,1,-1,17.99,Slightly Below Avg,39.97,Slightly Above Avg,16.34,Slightly Above Avg,17.69,Slightly Above Avg,23.08,Average,28.55,Way Above Avg,33.97,Way Above Avg,17.52,Slightly Above Avg,9.6,Average,27.5,Slightly Above Avg,31.88,Way Above Avg,80.71,Slightly Above Avg,46.22,Slightly Above Avg,16.21,Way Below Avg,15.13,Way Below Avg,50.32,Way Above Avg,37.36,Slightly Above Avg,42.87,Slightly Above Avg,46.6,Average,103.93,Way Above Avg,156.24,Slightly Above Avg,12.84,Average,9.22,Average,111.72,Way Above Avg,3,1,18,,,,,,Excellent,Excellent,Excellent,Excellent,No
279952,,1,TNS_Gulberg,1,0,1,0,1,0,1,0,1,0,0,0,1,0,1,1,1,0,1,0,1,0,0.5,0,1,0,1,0,1,0,1,-1,0,0,1,-1,1,0,1,0,1,-1,1,0,1,0,1,0,17.95,Slightly Below Avg,15.38,Slightly Below Avg,8.11,Slightly Below Avg,7.64,Slightly Below Avg,6.61,Slightly Below Avg,7.2,Slightly Below Avg,8.75,Average,4.84,Way Below Avg,6.56,Average,5.66,Slightly Below Avg,5.08,Slightly Below Avg,40.07,Average,68.59,Slightly Above Avg,23.11,Slightly Below Avg,19.62,Slightly Below Avg,51.47,Way Above Avg,21.52,Average,106.69,Way Above Avg,23.92,Slightly Below Avg,38.59,Average,192.03,Way Above Avg,8.36,Slightly Below Avg,6.07,Slightly Below Avg,76.06,Slightly Above Avg,2,1,19.5,,,,,,Excellent,Excellent,Excellent,Excellent,No
281463,,3,TNS_Gulberg,1,0,1,0,1,0,1,0,1,0,1,0,1,0,1,0,1,0,1,0,1,0,1,0,1,1,1,0,1,0,1,0,1,0,1,1,1,0,1,0,1,0,1,0,1,0,1,0,13.42,Average,12.04,Average,4.05,Slightly Below Avg,5.15,Slightly Below Avg,4.58,Slightly Below Avg,4.17,Slightly Below Avg,5.72,Average,5.23,Average,5.94,Average,5.26,Average,5.18,Average,12.47,Slightly Below Avg,7.99,Way Below Avg,18.74,Average,10.76,Slightly Below Avg,12.76,Average,14.99,Average,5.62,Way Below Avg,23.86,Average,20.27,Average,39.4,Slightly Above Avg,5.19,Slightly Below Avg,5.81,Slightly Below Avg,33.42,Average,2,1,26,,,,,,Excellent,Excellent,Excellent,Excellent,No
286981,9,3,TNS_Gulberg,1,0,1,0,1,0,1,0,1,0,1,-1,1,0,1,0,1,0,1,0,1,0,1,0,1,0,1,1,0,0,0,0,1,0,1,-1,1,0,1,1,0,0,1,0,1,0,1,0,10.17,Slightly Below Avg,20.44,Slightly Above Avg,5.04,Slightly Below Avg,9.02,Slightly Above Avg,5.41,Slightly Below Avg,20.6,Way Above Avg,6.85,Average,6.57,Average,9.6,Slightly Above Avg,6.51,Average,9.93,Slightly Above Avg,16.4,Average,9.34,Slightly Below Avg,5.4,Way Below Avg,7.11,Way Below Avg,7.45,Slightly Below Avg,38.55,Slightly Above Avg,63.23,Way Above Avg,12.38,Slightly Below Avg,9.16,Way Below Avg,19.36,Average,4.97,Slightly Below Avg,6.36,Slightly Below Avg,25.14,Average,2,2,21,,,,,,Excellent,Excellent,Good,Good,No
288081,6.5,3,NEWLANDS,1,0,0,-1,1,0,1,0,1,-1,0,0,1,-1,1,-1,1,0,1,-1,1,-1,1,-1,1,0,1,-1,0,-1,1,-1,0,0,0,0,0,-1,0,0,0,0,1,0,0,-1,1,0,31.91,Slightly Above Avg,45.62,Way Above Avg,11.41,Slightly Above Avg,9.46,Slightly Above Avg,37.73,Way Above Avg,8.28,Average,62.92,Way Above Avg,16.31,Way Above Avg,8.61,Slightly Above Avg,45.65,Way Above Avg,58.24,Way Above Avg,201.17,Way Above Avg,26.66,Slightly Above Avg,81.34,Way Above Avg,267.28,Way Above Avg,40.52,Way Above Avg,13.78,Average,16.85,Average,45.13,Way Above Avg,35.06,Slightly Above Avg,18.32,Slightly Below Avg,15.64,Slightly Above Avg,18.7,Way Above Avg,34.69,Average,5,5,3,No,No,No,No,No,85.71%,Good,76.04%,Good,No
291108,,1,TNS_Gulberg,1,0,1,0,1,-1,1,0,1,-1,0,0,1,0,0,0,0,0,1,0,1,0,1,-1,1,0,1,-1,0,-1,0,0,1,1,0,0,1,0,1,1,0,0,1,0,0,0,1,-1,76.25,Slightly Above Avg,17.41,Slightly Below Avg,71.9,Way Above Avg,8.26,Average,40.79,Way Above Avg,12.98,Average,23.72,Slightly Above Avg,10.19,Average,11.6,Slightly Above Avg,21.27,Slightly Above Avg,8.09,Average,111.07,Way Above Avg,50.6,Slightly Above Avg,150.52,Way Above Avg,302.05,Way Above Avg,29.04,Slightly Above Avg,7.9,Way Below Avg,19.95,Average,29.29,Average,16.07,Way Below Avg,36.46,Average,13.66,Average,6.17,Slightly Below Avg,109.23,Way Above Avg,2,3,12,,,,,,Excellent,Excellent,Excellent,Excellent,No
294781,,1,TNS_Gulberg,1,0,1,0,1,0,1,0,1,1,1,0,1,0,1,0,1,0,1,0,1,0,0.5,-1,1,0,1,0,0,0,0,0,0,0,0,0,1,0,1,0,0,0,1,0,1,0,1,0,20.67,Slightly Below Avg,38.19,Average,7.15,Slightly Below Avg,9.61,Average,4.17,Way Below Avg,12.13,Average,13.51,Average,6.31,Slightly Below Avg,7.61,Average,9.5,Average,7.33,Average,115.27,Way Above Avg,40.02,Average,36.91,Average,30.05,Average,20.06,Average,51.34,Slightly Above Avg,22.12,Slightly Above Avg,33.6,Average,73.34,Slightly Above Avg,105.55,Slightly Above Avg,14.29,Average,17.24,Slightly Above Avg,92.62,Slightly Above Avg,3,1,18.5,,,,,,Excellent,Excellent,Good,Good,No
294812,8.5,3,NEWLANDS,1,0,1,0,1,0,1,0,1,0,1,0,1,0,0,0,1,-1,1,0,1,0,0.5,0,1,0,1,0,1,0,0,0,1,0,1,0,1,0,1,0,1,0,1,0,1,0,1,0,13.64,Average,12.71,Average,5.42,Average,5.63,Average,5.92,Average,6.82,Average,6.03,Average,5.18,Average,11.1,Way Above Avg,4.74,Slightly Below Avg,5.39,Average,16.39,Average,22.59,Average,12.84,Average,14.07,Average,11.76,Average,11.79,Slightly Below Avg,10.86,Average,20.64,Average,24.5,Average,27.32,Average,6.13,Slightly Below Avg,7.03,Average,15.3,Slightly Below Avg,1,1,20.5,No,No,No,Not Sure,No,83.33%,Good,69.17%,Above Average,No
295053,,1,TNS_Gulberg,1,0,1,0,1,0,1,0,1,0,1,0,1,0,1,0,1,0,1,0,1,0,1,0,0,-1,1,0,1,-1,0,0,0,-1,1,0,1,-1,1,-1,0,0,0,0,1,0,1,0,21.22,Slightly Below Avg,16.47,Slightly Below Avg,11.05,Average,11.82,Average,30.38,Slightly Above Avg,7.43,Slightly Below Avg,8.73,Average,6.68,Average,7.87,Average,15.04,Slightly Above Avg,8.97,Average,35.33,Average,101.03,Way Above Avg,19.99,Slightly Below Avg,131.87,Way Above Avg,12,Average,74.3,Way Above Avg,33.47,Slightly Above Avg,262.38,Way Above Avg,127.01,Way Above Avg,18.66,Way Below Avg,13.02,Average,12.75,Average,28.48,Slightly Below Avg,3,3,14,,,,,,Excellent,Excellent,Good,Good,No
295089,7.5,3,TNS DHA,1,0,1,0,1,0,1,0,1,0,1,0,1,0,1,0,1,0,1,0,1,0,1,1,1,0,1,0,0,0,1,0,1,0,1,1,1,0,1,0,1,0,1,0,1,0,1,0,12.13,Average,15.41,Average,5.34,Slightly Below Avg,7.9,Average,6.35,Average,6.81,Average,5.51,Average,6.26,Average,5.43,Average,5.17,Average,6.38,Average,10.08,Way Below Avg,9.59,Slightly Below Avg,10.96,Slightly Below Avg,12.13,Slightly Below Avg,13.98,Average,20.42,Average,5.44,Way Below Avg,12.65,Slightly Below Avg,19.32,Average,18.56,Average,7.57,Average,7.75,Average,19.17,Average,1,1,25,No,No,No,No,No,90.00%,Excellent,88.54%,Good,No
295134,,1,TNS_Gulberg,1,0,1,0,1,0,1,1,1,1,1,0,0,0,0,0,1,0,0,0,1,0,0,0,0,0,1,0,0,0,1,0,1,0,0,0,0,0,0,0,0,0,1,0,1,0,1,0,32.11,Average,11.94,Slightly Below Avg,10.37,Average,5.52,Way Below Avg,4.63,Way Below Avg,6.16,Slightly Below Avg,5.53,Way Below Avg,13.19,Slightly Above Avg,4.91,Slightly Below Avg,4.63,Slightly Below Avg,6.15,Average,5.73,Way Below Avg,9.9,Slightly Below Avg,21.07,Slightly Below Avg,39.47,Average,12.46,Average,9.92,Slightly Below Avg,10.98,Average,10.86,Way Below Avg,27.62,Average,24.52,Slightly Below Avg,15.11,Average,12.2,Average,37.93,Average,1,1,16,,,,,,Excellent,Excellent,Excellent,Excellent,No
295469,,3,TNS_Gulberg,1,0,1,0,1,0,1,0,1,1,1,0,1,1,1,0,1,0,1,0,1,0,1,0,1,0,1,0,1,0,0,-1,1,0,1,0,1,-1,1,0,1,0,1,0,1,-1,1,0,9.25,Slightly Below Avg,11.3,Average,6.15,Average,8.07,Average,3.58,Way Below Avg,4.37,Slightly Below Avg,3.61,Way Below Avg,3.86,Slightly Below Avg,4.35,Average,3.97,Slightly Below Avg,3.75,Slightly Below Avg,24.06,Average,9.54,Slightly Below Avg,15.53,Average,53.38,Slightly Above Avg,44.74,Way Above Avg,34.79,Slightly Above Avg,8.81,Slightly Below Avg,66.07,Way Above Avg,25.46,Slightly Above Avg,68.82,Slightly Above Avg,12.46,Slightly Above Avg,60.33,Way Above Avg,43.82,Slightly Above Avg,2,2,22,,,,,,Excellent,Excellent,Good,Good,No
295589,,2,TNS_Gulberg,1,0,1,0,1,0,1,0,1,0,1,0,1,0,1,0,1,0,1,0,1,0,1,0,1,0,1,0,0,0,0,0,1,0,0,0,1,0,1,0,0,0,1,0,1,1,1,1,14.66,Slightly Below Avg,15.8,Average,9.42,Average,16.48,Slightly Above Avg,5.45,Slightly Below Avg,12.78,Average,6.03,Slightly Below Avg,5.75,Slightly Below Avg,6.45,Average,10.34,Average,15.7,Slightly Above Avg,21.98,Slightly Below Avg,15.61,Slightly Below Avg,17.43,Average,14.13,Slightly Below Avg,20.4,Average,22.34,Average,19.16,Average,23.19,Average,27.43,Average,62.99,Slightly Above Avg,9.5,Average,5.74,Way Below Avg,18.4,Way Below Avg,5,5,22,,,,,,Excellent,Excellent,Good,Good,No
295690,,1,TNS_Gulberg,1,0,1,0,1,0,1,0,1,0,1,0,1,0,1,0,1,0,1,0,1,0,1,0,0,0,1,0,1,0,0,0,1,0,0,0,0,0,1,0,0,0,0,0,1,0,1,0,62,Average,13.13,Slightly Below Avg,11.46,Average,10.15,Average,15.35,Average,10.45,Average,8.59,Average,6.69,Average,7.85,Average,9.94,Average,10.98,Slightly Above Avg,46.55,Average,30.56,Average,26.62,Slightly Below Avg,64.83,Slightly Above Avg,27.71,Slightly Above Avg,18.03,Average,24.77,Slightly Above Avg,50.33,Average,78.09,Slightly Above Avg,126.61,Slightly Above Avg,14.37,Average,8.87,Average,32.75,Average,3,2,18,,,,,,Excellent,Excellent,Good,Good,No
296571,,3,TNS_Gulberg,1,0,1,0,1,0,1,0,1,0,1,0,1,0,1,0,1,0,1,0,1,0,1,-1,1,-1,1,0,1,0,1,0,1,0,0,0,1,0,0,0,1,0,1,0,1,0,1,0,21.33,Slightly Above Avg,26.58,Slightly Above Avg,9.78,Slightly Above Avg,8.94,Average,6.38,Average,7.88,Average,13.7,Slightly Above Avg,9.86,Slightly Above Avg,6,Average,8.09,Average,7.33,Slightly Above Avg,169.54,Way Above Avg,96.76,Way Above Avg,46.46,Slightly Above Avg,41.09,Slightly Above Avg,8.86,Slightly Below Avg,33.78,Slightly Above Avg,19.75,Slightly Above Avg,30.06,Slightly Above Avg,31.5,Slightly Above Avg,34.8,Average,11.04,Average,9.01,Average,29.22,Average,2,2,20,,,,,,Good,Good,Excellent,Excellent,No
296572,,3,TNS_Gulberg,1,0,1,0,0,0,0,0,1,0,1,0,0,0,1,0,1,0,0,0,1,0,0,0,1,0,1,0,0,0,1,0,1,1,0,0,1,0,1,0,0,0,1,0,1,0,1,0,11.16,Average,24.68,Slightly Above Avg,12.09,Slightly Above Avg,2.61,Way Below Avg,4.27,Slightly Below Avg,6.99,Average,5.83,Average,5.38,Average,3.94,Slightly Below Avg,4.75,Slightly Below Avg,5.74,Average,7.3,Way Below Avg,10.82,Slightly Below Avg,9.36,Slightly Below Avg,8.99,Slightly Below Avg,10.56,Average,7.71,Way Below Avg,10.47,Average,15.1,Average,13.89,Slightly Below Avg,33.41,Average,6.41,Slightly Below Avg,5.1,Slightly Below Avg,42.34,Slightly Above Avg,3,2,17,,,,,,Good,Good,Good,Good,No
297070,,2,TNS_Gulberg,1,0,1,0,1,0,1,1,1,0,1,0,1,1,1,1,1,1,1,0,1,0,1,0,1,0,1,0,1,0,1,0,0,0,1,0,1,0,1,0,1,0,1,0,1,1,1,0,18.93,Average,23.56,Average,6.58,Slightly Below Avg,4.6,Way Below Avg,8.04,Average,6.6,Slightly Below Avg,4.14,Way Below Avg,3.69,Way Below Avg,3.56,Way Below Avg,7.42,Average,8.61,Average,27.32,Average,16.63,Average,11.63,Slightly Below Avg,14.93,Slightly Below Avg,17.15,Average,28.82,Average,10.53,Average,16.22,Slightly Below Avg,22.05,Average,21.67,Slightly Below Avg,10.37,Average,4.56,Way Below Avg,31.46,Average,1,1,28,,,,,,Good,Good,Good,Good,No
297243,,3,TNS_Gulberg,1,0,1,0,1,0,1,0,1,0,1,0,1,0,1,0,1,0,1,0,1,0,1,0,1,0,1,0,1,0,0,0,1,0,1,-1,1,0,1,1,1,0,1,0,1,0,1,0,11,Average,11.37,Average,5.41,Average,3.82,Slightly Below Avg,5.81,Average,9.44,Average,7.51,Average,4.9,Average,3.66,Slightly Below Avg,8.42,Average,3.79,Slightly Below Avg,14.29,Slightly Below Avg,33.53,Slightly Above Avg,8.85,Slightly Below Avg,16.31,Average,25.07,Slightly Above Avg,13.26,Average,40.17,Way Above Avg,11.47,Slightly Below Avg,9.86,Way Below Avg,14.73,Slightly Below Avg,6.2,Slightly Below Avg,7.24,Average,26.51,Average,1,1,23,,,,,,Good,Good,Good,Good,No
298485,9,3,TNS_Gulberg,1,0,1,0,1,0,1,0,1,0,1,0,1,0,1,0,1,0,1,0,1,0,1,0,1,0,1,0,0,0,0,0,1,-1,0,0,1,0,1,-1,1,0,1,0,1,0,1,0,10.22,Slightly Below Avg,14.97,Average,6.04,Average,5.21,Slightly Below Avg,6.59,Average,6.27,Average,6.27,Average,4.77,Average,4.38,Average,7.38,Average,5.97,Average,39.22,Slightly Above Avg,23.37,Average,13.14,Average,15.11,Average,14.77,Average,67.38,Way Above Avg,20.76,Slightly Above Avg,40.84,Slightly Above Avg,80.08,Way Above Avg,26.35,Average,7.4,Average,11.83,Slightly Above Avg,59.23,Slightly Above Avg,2,2,19,,,,,,Good,Good,Good,Good,No
298907,6,3,NEWLANDS,1,0,0,-1,1,-1,1,-1,1,-1,1,-1,1,-1,1,-1,1,-1,1,-1,1,-1,1,-1,1,-1,1,-1,0,0,1,-1,1,-1,0,-1,0,-1,0,-1,0,-1,1,-1,1,-1,1,0,33.06,Slightly Above Avg,32.78,Way Above Avg,17.83,Way Above Avg,13.42,Way Above Avg,27.1,Way Above Avg,19.98,Way Above Avg,24.42,Way Above Avg,13.8,Way Above Avg,27.34,Way Above Avg,24.35,Way Above Avg,27.48,Way Above Avg,66.21,Way Above Avg,76.74,Way Above Avg,62.91,Way Above Avg,26.23,Average,67.3,Way Above Avg,42.08,Way Above Avg,69.25,Way Above Avg,82.96,Way Above Avg,133.68,Way Above Avg,86.3,Way Above Avg,27.57,Way Above Avg,35.59,Way Above Avg,50.21,Slightly Above Avg,2,1,-3,No,No,No,No,No,26.67%,Below Average,84.00%,Good,Yes
299067,,2,TNS_Gulberg,1,0,1,-1,1,0,1,0,1,-1,1,0,1,1,1,-1,0,0,1,0,1,0,0.5,0,1,0,1,1,1,0,0,0,1,1,0,0,1,0,1,0,1,0,1,0,0,0,1,0,22.73,Average,190.17,Way Above Avg,7.25,Average,5.78,Slightly Below Avg,45.68,Way Above Avg,4.82,Slightly Below Avg,4.5,Way Below Avg,22.32,Way Above Avg,7.49,Average,8.71,Average,6.82,Average,71.33,Slightly Above Avg,10.98,Slightly Below Avg,8.96,Way Below Avg,17.86,Average,10.87,Average,7.86,Way Below Avg,21.58,Average,16.47,Slightly Below Avg,21.59,Average,64.58,Slightly Above Avg,8.41,Slightly Below Avg,17.1,Slightly Above Avg,31.82,Average,4,5,19.5,,,,,,Good,Good,Good,Good,No
300009,,1,TNS_Gulberg,1,1,1,1,1,0,1,0,1,0,1,0,1,0,1,0,1,0,1,0,1,0,0,0,0,0,1,1,1,0,0,0,0,0,1,0,1,0,0,0,0,0,1,0,1,-1,1,0,12.95,Way Below Avg,11.11,Way Below Avg,10.45,Average,12.82,Average,8.55,Slightly Below Avg,8.93,Average,7.56,Slightly Below Avg,11.34,Slightly Above Avg,6.52,Average,7.58,Average,6.21,Average,49.94,Average,40.11,Average,13.32,Way Below Avg,34.04,Average,23.1,Average,30.02,Slightly Above Avg,11.18,Average,40.41,Average,26.61,Slightly Below Avg,64,Average,13.64,Average,29.45,Way Above Avg,46.13,Average,2,2,20,,,,,,Good,Good,Good,Good,No
301561,7,2,TNS_Gulberg,1,0,1,0,1,1,1,1,1,1,1,0,1,0,0,0,1,1,1,1,1,1,1,1,1,0,1,1,1,0,0,0,1,1,1,1,1,0,1,0,1,0,1,0,1,0,1,1,18.47,Average,10.59,Slightly Below Avg,3.91,Way Below Avg,3.11,Way Below Avg,4.84,Way Below Avg,5.06,Slightly Below Avg,5.19,Slightly Below Avg,3.56,Way Below Avg,3.68,Way Below Avg,3.81,Way Below Avg,3.75,Way Below Avg,10.73,Way Below Avg,10.69,Slightly Below Avg,6,Way Below Avg,17.2,Average,11.28,Average,5.74,Way Below Avg,5.41,Way Below Avg,51.99,Slightly Above Avg,27.61,Average,24.56,Slightly Below Avg,7.91,Slightly Below Avg,12.04,Average,16.44,Way Below Avg,1,2,33,,,,,,Good,Good,Good,Good,No
301882,,3,TNS_Gulberg,1,0,1,0,1,0,1,0,1,0,1,0,1,0,1,0,1,0,1,0,1,0,1,0,1,0,1,0,1,0,1,0,1,0,1,0,1,0,1,0,1,0,1,0,1,0,1,0,11.96,Average,10.48,Slightly Below Avg,5.01,Slightly Below Avg,6.78,Average,5.13,Slightly Below Avg,5.35,Average,6.45,Average,5.75,Average,3.7,Slightly Below Avg,4.57,Slightly Below Avg,5.93,Average,13.27,Slightly Below Avg,14.89,Average,11.41,Slightly Below Avg,10.02,Slightly Below Avg,7.39,Slightly Below Avg,16.52,Average,6.39,Slightly Below Avg,11.33,Slightly Below Avg,13.03,Slightly Below Avg,22.88,Average,12.17,Slightly Above Avg,8.76,Average,26.39,Average,3,3,24,,,,,,Good,Good,Good,Good,No
301936,,2,TNS_Gulberg,1,0,1,0,1,-1,1,0,1,0,0,0,1,0,0,0,1,1,0,0,1,0,0,-1,0,0,1,0,1,0,0,0,1,1,0,0,1,0,1,0,0,0,0,0,0,0,1,0,44.55,Average,18.15,Average,55.54,Way Above Avg,5.73,Slightly Below Avg,23.73,Slightly Above Avg,4.97,Slightly Below Avg,5.91,Slightly Below Avg,4.87,Slightly Below Avg,3.06,Way Below Avg,4.05,Way Below Avg,4.54,Slightly Below Avg,145.21,Way Above Avg,27.21,Average,52.1,Slightly Above Avg,27.67,Average,16.5,Average,7.65,Way Below Avg,6.51,Slightly Below Avg,52.36,Slightly Above Avg,22.46,Average,47.24,Average,24.38,Slightly Above Avg,5.45,Way Below Avg,62.11,Slightly Above Avg,2,5,14,,,,,,Good,Good,Good,Good,No
302728,,2,TNS_Gulberg,1,0,1,0,1,0,1,0,1,0,1,0,1,0,1,0,1,0,1,0,1,0,1,0,1,0,1,0,1,-1,1,0,1,0,0,-1,1,0,1,0,0,0,1,0,1,0,1,0,13.98,Slightly Below Avg,19.8,Average,6.98,Average,8.97,Average,10.4,Average,6.31,Slightly Below Avg,6.17,Slightly Below Avg,6.77,Average,4.6,Slightly Below Avg,4.46,Slightly Below Avg,6.6,Average,68.63,Slightly Above Avg,34,Average,13.07,Slightly Below Avg,106.13,Way Above Avg,17.32,Average,34.09,Slightly Above Avg,87.22,Way Above Avg,37.33,Average,16.53,Slightly Below Avg,44.5,Average,20.34,Slightly Above Avg,10.15,Average,53.81,Slightly Above Avg,1,1,20,,,,,,Good,Good,Good,Good,No
303724,8,3,NEWLANDS,1,0,1,0,1,0,1,0,1,0,1,0,1,0,1,0,1,0,1,0,1,0,1,0,1,0,1,0,0,0,1,-1,0,-1,0,0,1,0,0,0,0,0,1,0,1,-1,1,0,11.41,Average,10.36,Slightly Below Avg,10.03,Slightly Above Avg,7.21,Average,7.08,Average,7.78,Average,11.93,Slightly Above Avg,5.59,Average,4.47,Average,6.56,Average,10.61,Slightly Above Avg,34.96,Slightly Above Avg,11.34,Slightly Below Avg,18.34,Average,15.54,Average,34.26,Way Above Avg,45.74,Way Above Avg,12.86,Average,11.51,Slightly Below Avg,32.17,Slightly Above Avg,20.96,Average,9.23,Average,18.31,Way Above Avg,17.18,Slightly Below Avg,1,2,16,Not Sure,No,No,No,No,95.00%,Excellent,73.08%,Above Average,No
307390,,2,TNS_Gulberg,1,-1,1,0,1,0,1,0,1,0,1,0,1,0,1,0,1,0,1,0,1,0,0,0,1,0,1,0,0,0,0,0,0,0,0,0,0,0,0,0,0,0,1,0,1,0,0,-1,140.62,Way Above Avg,17.89,Average,12.57,Slightly Above Avg,11.56,Slightly Above Avg,18.27,Average,9.52,Average,8.82,Average,10.2,Slightly Above Avg,6.93,Average,15.83,Slightly Above Avg,9.31,Average,25.71,Average,29.49,Average,21.49,Average,17.82,Average,14.05,Average,15.21,Average,9.93,Average,14.55,Slightly Below Avg,11.68,Way Below Avg,22.99,Slightly Below Avg,6.94,Slightly Below Avg,7.7,Average,119.89,Way Above Avg,1,2,13,,,,,,Good,Good,Good,Good,No
307652,9,3,TNS_Gulberg,1,0,1,0,1,0,1,0,1,0,1,0,1,0,1,0,1,0,1,0,1,0,1,0,1,0,1,0,1,0,1,0,1,0,0,0,1,0,1,0,0,0,1,0,1,0,1,0,14.43,Average,23.34,Slightly Above Avg,5.1,Slightly Below Avg,3.92,Slightly Below Avg,14.08,Slightly Above Avg,4.57,Slightly Below Avg,5.48,Average,3.27,Slightly Below Avg,3.95,Slightly Below Avg,6.95,Average,5.09,Average,16.57,Average,48.3,Slightly Above Avg,18.29,Average,49.02,Slightly Above Avg,13.55,Average,18.79,Average,12.74,Average,39.89,Slightly Above Avg,14.9,Average,67.88,Slightly Above Avg,9.1,Average,6.18,Slightly Below Avg,23.78,Average,1,1,22,,,,,,Good,Good,Good,Good,No
307792,,3,TNS_Gulberg,1,1,1,1,1,0,1,0,1,1,1,0,1,1,1,0,1,0,1,1,1,0,1,0,1,0,1,0,0,0,0,-1,1,0,1,1,1,1,1,1,1,1,1,0,1,0,1,0,6.75,Way Below Avg,7.54,Way Below Avg,6.95,Average,6.88,Average,3.76,Way Below Avg,5.47,Average,3.48,Way Below Avg,3.94,Slightly Below Avg,5.04,Average,3.53,Way Below Avg,4.4,Average,13.19,Slightly Below Avg,13.22,Slightly Below Avg,9.28,Slightly Below Avg,12.27,Slightly Below Avg,31.5,Way Above Avg,9.72,Slightly Below Avg,4.69,Way Below Avg,9.61,Way Below Avg,8.66,Way Below Avg,10.66,Way Below Avg,4.75,Slightly Below Avg,5.33,Slightly Below Avg,17.19,Slightly Below Avg,1,1,30,,,,,,Good,Good,Good,Good,No
308770,,2,TNS_Gulberg,1,0,1,0,1,0,1,0,1,0,0,0,1,0,0,0,1,0,0,0,1,0,0,0,0,0,1,0,0,0,0,0,0,0,1,0,1,0,1,0,0,0,1,0,1,0,1,0,20.02,Average,16.41,Average,6.08,Slightly Below Avg,4.76,Slightly Below Avg,7.1,Slightly Below Avg,5.11,Slightly Below Avg,5.27,Slightly Below Avg,4.27,Slightly Below Avg,5.48,Average,7.7,Average,4.2,Slightly Below Avg,28.82,Average,49.39,Slightly Above Avg,12.7,Slightly Below Avg,13.4,Slightly Below Avg,7.87,Slightly Below Avg,30.66,Slightly Above Avg,9.9,Slightly Below Avg,17.23,Slightly Below Avg,23.95,Average,41.29,Average,14.02,Average,12.71,Slightly Above Avg,60.01,Slightly Above Avg,2,2,15,,,,,,Good,Good,GOOD,GOOD,No
309991,,3,TNS_Gulberg,1,0,0,0,1,0,1,0,1,1,0,0,1,0,1,0,1,0,1,0,1,0,0,0,0,0,1,0,0,0,1,0,0,0,1,1,0,0,0,0,0,0,1,0,1,1,1,-1,11.51,Average,14.76,Average,4.89,Slightly Below Avg,6.37,Average,3.83,Way Below Avg,3.38,Way Below Avg,7.51,Average,5.56,Average,9.89,Slightly Above Avg,5.72,Average,4.22,Average,4.79,Way Below Avg,6.24,Way Below Avg,10.23,Slightly Below Avg,13.45,Average,14.21,Average,6.85,Way Below Avg,3.77,Way Below Avg,12.73,Slightly Below Avg,17.51,Average,13.15,Slightly Below Avg,8.12,Average,4.69,Way Below Avg,81.49,Way Above Avg,5,4,17,,,,,,Good,Good,Good,Good,No
310326,,3,TNS_Gulberg,1,0,1,0,1,0,1,0,1,0,1,0,1,0,1,-1,1,0,1,-1,1,0,1,0,1,0,1,-1,1,0,1,-1,0,-1,0,0,1,0,1,0,1,0,1,0,1,0,1,-1,19.26,Average,30.25,Slightly Above Avg,5.4,Average,6.07,Average,16.7,Slightly Above Avg,10.33,Slightly Above Avg,8.91,Slightly Above Avg,29.34,Way Above Avg,7.57,Slightly Above Avg,15.29,Way Above Avg,4.51,Average,28.74,Average,35.14,Slightly Above Avg,60.57,Way Above Avg,15.96,Average,49.46,Way Above Avg,41.02,Way Above Avg,19.14,Average,28.76,Slightly Above Avg,33.88,Slightly Above Avg,70.96,Slightly Above Avg,11.18,Average,9.73,Average,72.29,Way Above Avg,1,1,16,,,,,,Good,Good,Below Average,Below Average,No
311830,,3,TNS_Gulberg,1,0,1,0,1,0,1,-1,1,0,1,0,1,0,1,0,1,0,1,0,1,0,1,0,1,0,1,0,1,0,1,-1,0,0,0,0,1,0,1,0,1,-1,1,0,1,0,1,0,10.5,Slightly Below Avg,8.45,Slightly Below Avg,6.79,Average,13.46,Way Above Avg,5.68,Average,6.84,Average,9.77,Slightly Above Avg,5.38,Average,7.04,Slightly Above Avg,10.64,Slightly Above Avg,3.51,Slightly Below Avg,55.14,Slightly Above Avg,24.97,Average,19.72,Average,31.73,Slightly Above Avg,43.92,Way Above Avg,14.99,Average,30.91,Slightly Above Avg,18.08,Average,19.22,Average,191.22,Way Above Avg,9.69,Average,9.78,Average,17.66,Slightly Below Avg,1,2,19,,,,,,Good,Good,Good,Good,No
314941,,1,TNS_Gulberg,1,0,1,0,1,0,1,0,1,0,1,0,1,0,1,0,1,0,1,0,1,0,0.5,0,0,0,1,0,1,-1,1,0,1,0,0,-1,0,0,0,0,0,0,0,0,1,-1,1,0,42.77,Average,29.42,Average,19.79,Slightly Above Avg,9.02,Average,24.93,Average,25.24,Slightly Above Avg,8.67,Average,5.17,Slightly Below Avg,4.6,Slightly Below Avg,6.45,Slightly Below Avg,7.79,Average,39.4,Average,48.59,Slightly Above Avg,105.21,Slightly Above Avg,121.39,Way Above Avg,33.46,Slightly Above Avg,26.09,Average,62.79,Way Above Avg,33.73,Average,49.77,Average,24.86,Slightly Below Avg,28.21,Slightly Above Avg,90.69,Way Above Avg,47.7,Average,3,1,14.5,,,,,,Good,Good,Good,Good,No
316562,,2,TNS_Gulberg,1,0,1,0,1,0,1,0,1,0,1,0,1,0,1,0,1,0,1,0,1,0,1,1,1,0,1,0,1,1,0,0,1,0,0,-1,1,0,1,0,0,0,1,0,1,-1,1,0,16.14,Average,10.41,Slightly Below Avg,5.81,Slightly Below Avg,7.8,Average,6.26,Slightly Below Avg,5.79,Slightly Below Avg,8.33,Average,10.24,Slightly Above Avg,4.31,Slightly Below Avg,7.67,Average,5.97,Average,11.46,Way Below Avg,24.02,Average,13.38,Slightly Below Avg,10.55,Way Below Avg,15.63,Average,23.19,Average,57.3,Way Above Avg,31.51,Average,17.39,Slightly Below Avg,35.31,Average,17.51,Slightly Above Avg,19.36,Way Above Avg,41.58,Average,1,2,21,,,,,,Good,Good,Good,Good,No
316777,8,3,NEWLANDS,1,0,1,0,1,0,1,0,1,0,0,0,1,0,1,0,0,0,1,0,1,0,1,0,1,0,1,0,0,0,0,0,0,0,0,0,1,0,1,0,0,-1,1,0,1,0,1,0,16.91,Average,21.22,Slightly Above Avg,11.39,Slightly Above Avg,11.08,Slightly Above Avg,10.49,Average,8.6,Average,10.03,Slightly Above Avg,8.32,Slightly Above Avg,5.5,Average,11.8,Slightly Above Avg,5.46,Average,22.29,Average,15.11,Average,25.14,Slightly Above Avg,51.22,Slightly Above Avg,14.83,Average,13.11,Slightly Below Avg,15.13,Average,15.06,Average,34.27,Slightly Above Avg,131.35,Way Above Avg,7.06,Average,7.44,Average,15.42,Slightly Below Avg,1,1,16,No,No,No,Yes,No,83.33%,Good,64.00%,Above Average,No
319420,,3,TNS_Gulberg,1,0,1,0,1,0,1,0,1,0,1,0,1,0,1,0,1,0,1,0,1,0,1,0,1,0,1,0,1,0,1,0,1,-1,1,0,1,1,1,1,1,1,1,0,1,0,1,0,10.84,Average,9.58,Slightly Below Avg,5.86,Average,8.22,Average,4.34,Slightly Below Avg,8.31,Average,5.7,Average,4.28,Slightly Below Avg,5.09,Average,5.61,Average,3.94,Slightly Below Avg,18.34,Average,19.8,Average,12.33,Average,34.92,Slightly Above Avg,12.58,Average,52.72,Way Above Avg,8.9,Slightly Below Avg,9.06,Way Below Avg,9.63,Way Below Avg,12.77,Way Below Avg,5.21,Slightly Below Avg,6.78,Average,24.05,Average,1,1,26,,,,,,Good,Good,Good,Good,No
320700,,3,TNS_Gulberg,1,0,1,1,1,1,1,1,1,1,1,1,1,1,1,1,1,0,1,1,1,1,1,0,0,0,1,1,0,0,0,0,1,0,0,0,1,0,1,0,1,0,1,0,1,1,1,0,13.35,Average,5,Way Below Avg,2.32,Way Below Avg,3.21,Way Below Avg,2.21,Way Below Avg,2.92,Way Below Avg,3.14,Way Below Avg,2.43,Way Below Avg,3.85,Slightly Below Avg,3.56,Way Below Avg,2.2,Way Below Avg,12.71,Slightly Below Avg,6.12,Way Below Avg,5.73,Way Below Avg,4.93,Way Below Avg,10.22,Average,23.88,Average,9.09,Slightly Below Avg,13.84,Slightly Below Avg,12.2,Slightly Below Avg,21.34,Average,5.57,Slightly Below Avg,5.07,Way Below Avg,23.9,Average,1,2,31,,,,,,Good,Good,Good,Good,No
321865,,2,TNS_Gulberg,1,0,1,0,1,0,1,0,1,0,1,1,1,0,1,0,1,0,1,0,1,0,1,0,1,0,0,0,1,1,1,0,0,0,0,0,1,1,1,0,0,0,0,0,1,0,1,0,16.62,Average,10.33,Slightly Below Avg,8.53,Average,6.51,Average,10.84,Average,4.49,Way Below Avg,9,Average,5.02,Slightly Below Avg,4.51,Slightly Below Avg,5.77,Slightly Below Avg,4.82,Slightly Below Avg,22.76,Slightly Below Avg,29.7,Average,9.8,Way Below Avg,10.01,Way Below Avg,7.34,Slightly Below Avg,27.89,Average,5.18,Way Below Avg,10.74,Way Below Avg,20.25,Average,19.32,Slightly Below Avg,10.61,Average,9.27,Average,80.57,Slightly Above Avg,2,2,22,,,,,,Good,Good,Good,Good,No
322544,,1,TNS_Gulberg,0,0,1,0,1,0,1,0,1,0,1,0,1,0,1,0,1,0,1,0,1,0,1,0,0.5,0,1,0,1,0,0,0,1,0,0,0,0,0,1,0,0,-1,1,0,1,0,1,0,39.53,Average,32.47,Average,24.57,Slightly Above Avg,12.15,Average,17.08,Average,23.47,Slightly Above Avg,14.08,Average,7.04,Average,8.33,Average,14,Average,6.68,Average,50.69,Average,12.19,Slightly Below Avg,32.62,Average,15.77,Slightly Below Avg,6.09,Way Below Avg,24.45,Average,15.9,Average,26.96,Average,40.95,Average,308.4,Way Above Avg,8.01,Slightly Below Avg,10.09,Average,66.12,Average,1,1,17.5,,,,,,Good,Good,Average,Average,No
322553,,3,TNS_Gulberg,1,0,1,0,1,0,1,0,1,0,1,0,1,0,1,0,1,1,1,0,1,0,1,0,1,0,1,0,1,1,1,0,1,1,1,0,1,1,0,0,1,0,1,0,1,0,1,1,47.3,Slightly Above Avg,9.39,Slightly Below Avg,5.5,Average,5.48,Average,5.28,Slightly Below Avg,3.98,Slightly Below Avg,7.58,Average,4.85,Average,3.03,Way Below Avg,3.97,Slightly Below Avg,4.22,Average,10.36,Slightly Below Avg,9.22,Slightly Below Avg,11.57,Slightly Below Avg,4.62,Way Below Avg,10.62,Average,8.66,Way Below Avg,10.69,Average,7.13,Way Below Avg,16.86,Average,13.08,Slightly Below Avg,6.29,Slightly Below Avg,5.43,Slightly Below Avg,13.44,Way Below Avg,2,2,28,,,,,,Good,Good,Good,Good,No
322636,,1,TNS_Gulberg,1,0,1,0,1,0,1,1,1,1,1,0,1,0,1,0,1,0,1,0,0,0,0,0,0,0,0,0,0,0,0,0,1,0,1,0,0,0,0,0,0,-1,1,0,1,0,1,1,31.04,Average,66.49,Slightly Above Avg,9.39,Slightly Below Avg,4.64,Way Below Avg,5.68,Way Below Avg,9.01,Average,9.59,Average,7.74,Average,9.04,Average,7.7,Average,5.53,Slightly Below Avg,19.87,Slightly Below Avg,23.22,Average,7.21,Way Below Avg,19.37,Slightly Below Avg,17.12,Average,8.79,Slightly Below Avg,14.1,Average,9.08,Way Below Avg,30.28,Average,183.08,Way Above Avg,13.93,Average,11.46,Average,19.09,Way Below Avg,1,1,17,,,,,,Good,Good,Excellent,Excellent,No
322987,,2,TNS_Gulberg,1,0,1,0,1,0,1,0,1,0,1,-1,1,1,1,1,1,1,1,0,1,1,1,0,1,0,1,0,1,1,1,-1,1,0,1,-1,1,0,1,0,0,-1,1,1,1,0,1,0,23.61,Average,12.39,Slightly Below Avg,16.82,Slightly Above Avg,12.37,Slightly Above Avg,23.42,Slightly Above Avg,35.68,Way Above Avg,4.59,Way Below Avg,2.37,Way Below Avg,2.42,Way Below Avg,24.79,Slightly Above Avg,3.22,Way Below Avg,18.87,Slightly Below Avg,67.81,Slightly Above Avg,14.3,Slightly Below Avg,9.64,Way Below Avg,58.95,Way Above Avg,47.05,Slightly Above Avg,47.22,Way Above Avg,26.75,Average,39.1,Slightly Above Avg,129.63,Way Above Avg,6.07,Way Below Avg,10.83,Average,42.25,Average,1,1,25,,,,,,Good,Good,Average,Average,No
323053,,2,TNS_Gulberg,1,0,1,0,1,0,1,0,1,0,1,0,1,0,1,0,1,0,1,0,1,0,1,-1,1,-1,1,0,1,0,0,0,0,-1,0,-1,0,0,0,0,0,0,1,0,1,0,1,-1,47.58,Slightly Above Avg,19.71,Average,14.31,Slightly Above Avg,7.59,Average,12.25,Average,8.3,Average,12.69,Slightly Above Avg,6.75,Average,6.79,Average,12.03,Average,9.84,Slightly Above Avg,146.17,Way Above Avg,84.89,Way Above Avg,34.05,Average,75.36,Slightly Above Avg,32.33,Slightly Above Avg,141.49,Way Above Avg,82.96,Way Above Avg,22.43,Average,13.94,Slightly Below Avg,19.91,Slightly Below Avg,17.17,Slightly Above Avg,12.61,Slightly Above Avg,153.97,Way Above Avg,1,1,13,,,,,,Good,Good,Good,Good,No
323159,,3,TNS_Gulberg,1,0,1,0,1,0,1,0,1,-1,1,0,1,-1,1,0,1,-1,1,0,1,0,1,0,1,0,1,0,1,0,0,0,1,0,0,0,1,0,1,0,1,0,1,0,1,0,1,0,22.95,Slightly Above Avg,14.93,Average,9.03,Average,8.21,Average,21.12,Way Above Avg,9.47,Average,17.15,Way Above Avg,8.24,Slightly Above Avg,11.39,Way Above Avg,12.94,Slightly Above Avg,10.44,Slightly Above Avg,25.18,Average,17.95,Average,14.6,Average,12.73,Slightly Below Avg,21.64,Slightly Above Avg,16.4,Average,18.74,Average,27.05,Slightly Above Avg,20.42,Average,23.77,Average,8.1,Average,7.17,Average,53.16,Slightly Above Avg,1,1,19,,,,,,Good,Good,Good,Good,No
323342,,3,TNS_Gulberg,1,0,1,0,1,0,1,0,1,0,1,0,1,0,1,0,1,0,1,0,1,0,1,0,1,0,1,0,1,0,1,0,1,0,1,0,0,0,1,0,1,-1,0,0,1,0,1,0,17.2,Average,9.3,Slightly Below Avg,5.35,Slightly Below Avg,4.01,Slightly Below Avg,4.62,Slightly Below Avg,5.17,Slightly Below Avg,5.95,Average,5.03,Average,9.73,Slightly Above Avg,4.46,Slightly Below Avg,3.24,Slightly Below Avg,40.95,Slightly Above Avg,20.54,Average,15.19,Average,16.69,Average,17.29,Average,30.5,Slightly Above Avg,7.28,Slightly Below Avg,20.91,Average,22.23,Average,91.15,Way Above Avg,3.11,Way Below Avg,5.66,Slightly Below Avg,59.23,Slightly Above Avg,1,1,21,,,,,,Good,Good,Good,Good,No
323527,8,3,TNS DHA,1,0,1,1,1,1,1,0,1,0,1,1,1,0,1,0,1,1,1,0,1,0,1,1,1,0,1,0,1,0,1,0,1,0,1,0,1,0,1,1,1,0,1,0,1,0,1,1,10.53,Slightly Below Avg,5.85,Way Below Avg,3.46,Way Below Avg,5.31,Slightly Below Avg,4.44,Slightly Below Avg,3.71,Way Below Avg,4.44,Slightly Below Avg,3.17,Slightly Below Avg,2.84,Way Below Avg,4.16,Slightly Below Avg,3.44,Slightly Below Avg,9.7,Way Below Avg,12.82,Slightly Below Avg,11.56,Slightly Below Avg,11.42,Slightly Below Avg,9.37,Slightly Below Avg,10.3,Slightly Below Avg,6.13,Slightly Below Avg,35.32,Slightly Above Avg,10.28,Way Below Avg,15.04,Slightly Below Avg,5.07,Slightly Below Avg,6.47,Slightly Below Avg,11.82,Way Below Avg,1,1,31,,,,,,74.29%,Above Average,75.88%,Good,No
323708,,3,TNS_Gulberg,0,0,1,0,1,1,1,0,1,0,1,1,1,0,1,1,1,0,1,1,1,1,0.5,0,1,0,1,0,1,0,0,0,1,0,1,0,1,1,1,1,0,0,1,0,1,0,1,0,11.23,Average,7.8,Slightly Below Avg,3.31,Way Below Avg,8.7,Average,5.11,Slightly Below Avg,3.77,Way Below Avg,3.98,Slightly Below Avg,2.56,Way Below Avg,3.51,Slightly Below Avg,3.11,Way Below Avg,2.62,Way Below Avg,11.93,Slightly Below Avg,16.84,Average,12.38,Average,30.11,Slightly Above Avg,20.27,Slightly Above Avg,21.04,Average,13.57,Average,9.89,Way Below Avg,9.36,Way Below Avg,10.75,Way Below Avg,9.12,Average,6.39,Slightly Below Avg,46.03,Slightly Above Avg,2,2,27.5,,,,,,Good,Good,Good,Good,No
324254,,3,TNS_Gulberg,1,0,1,0,1,0,1,1,1,0,1,0,1,0,1,0,1,0,1,0,1,0,1,0,1,0,1,1,1,1,0,0,0,0,0,0,1,0,0,0,0,-1,0,0,1,0,1,0,8.31,Slightly Below Avg,9.3,Slightly Below Avg,4.78,Slightly Below Avg,3.33,Way Below Avg,6.61,Average,4.48,Slightly Below Avg,4.38,Slightly Below Avg,4.37,Slightly Below Avg,5.97,Average,4.3,Slightly Below Avg,4.35,Average,33.6,Average,26.19,Slightly Above Avg,7.61,Way Below Avg,7.28,Way Below Avg,7.39,Slightly Below Avg,5.36,Way Below Avg,10.96,Average,20.46,Average,13.85,Slightly Below Avg,159.26,Way Above Avg,17.49,Slightly Above Avg,7.1,Average,17.31,Slightly Below Avg,2,2,20,,,,,,Good,Good,Excellent,Excellent,No
324487,,2,TNS_Gulberg,0,0,1,-1,1,0,1,0,1,0,1,0,0,0,1,0,1,0,1,0,0,0,0,0,0,0,1,0,1,0,1,0,0,0,0,0,0,0,0,0,0,0,0,0,0,0,1,0,41.31,Average,60.94,Way Above Avg,9.87,Average,9.08,Average,9.52,Average,9.91,Average,7.99,Average,5.79,Slightly Below Avg,4.59,Slightly Below Avg,5.01,Slightly Below Avg,9.4,Average,7.99,Way Below Avg,5.97,Way Below Avg,51.38,Slightly Above Avg,23.16,Average,8.62,Slightly Below Avg,7,Way Below Avg,3.97,Way Below Avg,27.54,Average,36.28,Average,20.18,Slightly Below Avg,6.62,Slightly Below Avg,14.31,Slightly Above Avg,50.46,Average,1,1,11,,,,,,Good,Good,Average,Average,No
324489,,1,TNS_Gulberg,0,0,1,0,1,0,0,0,1,0,0,0,0,0,0,0,0,0,0,0,1,0,0,0,0,0,0,-1,0,0,0,0,1,1,0,0,0,0,0,0,0,0,1,0,0,0,1,0,48.48,Average,23.51,Average,16.06,Slightly Above Avg,19.63,Slightly Above Avg,12.43,Average,6.75,Slightly Below Avg,7.29,Slightly Below Avg,5.42,Slightly Below Avg,4.92,Slightly Below Avg,23.94,Slightly Above Avg,18.3,Slightly Above Avg,18.92,Slightly Below Avg,16.91,Average,130.65,Way Above Avg,41.21,Average,7.02,Slightly Below Avg,6.11,Way Below Avg,6.2,Slightly Below Avg,32.3,Average,16.36,Way Below Avg,27.13,Slightly Below Avg,16.46,Average,4.14,Way Below Avg,92.83,Slightly Above Avg,1,2,7,,,,,,Good,Good,Average,Average,No
325495,,1,TNS_Gulberg,1,0,1,0,1,0,1,0,1,0,0,0,1,0,1,0,1,0,1,0,1,0,1,0,1,0,1,0,1,-1,0,0,1,0,1,-1,1,0,1,0,0,0,1,-1,1,-1,1,-1,17.25,Slightly Below Avg,20.77,Average,15.91,Slightly Above Avg,9.12,Average,6.66,Slightly Below Avg,7.84,Average,20.47,Slightly Above Avg,11.15,Average,9.72,Average,13.72,Average,9.97,Average,87.37,Slightly Above Avg,44.83,Average,32.88,Average,136.97,Way Above Avg,7.72,Slightly Below Avg,30.96,Slightly Above Avg,50.8,Way Above Avg,38.65,Average,41.16,Average,72.96,Average,62.15,Way Above Avg,20.57,Way Above Avg,179.88,Way Above Avg,1,5,16,,,,,,Good,Good,Good,Good,No
325816,5,3,NEWLANDS,1,0,1,-1,1,0,1,-1,1,0,1,-1,1,-1,0,-1,1,-1,0,-1,1,-1,0,-1,0,0,1,-1,0,-1,0,-1,0,0,0,0,0,-1,0,-1,0,0,1,-1,1,-1,1,0,33.12,Slightly Above Avg,36.69,Way Above Avg,11.25,Slightly Above Avg,37.18,Way Above Avg,15.97,Slightly Above Avg,48.06,Way Above Avg,28.74,Way Above Avg,19.16,Way Above Avg,10.72,Way Above Avg,13.69,Way Above Avg,12.74,Way Above Avg,193.35,Way Above Avg,25.29,Average,81.21,Way Above Avg,95.7,Way Above Avg,31.37,Way Above Avg,12.75,Slightly Below Avg,16.79,Average,41.46,Way Above Avg,49.09,Way Above Avg,49.95,Slightly Above Avg,40.73,Way Above Avg,18.18,Way Above Avg,58.84,Slightly Above Avg,1,1,-3,No,No,No,No,No,30.00%,Below Average,10.00%,Below Average,Yes
327690,,3,TNS_Gulberg,1,0,1,0,0,0,1,0,1,0,0,0,1,0,1,0,1,0,1,0,1,0,1,0,1,-1,1,0,0,0,0,0,0,0,1,-1,1,-1,1,0,1,0,1,0,1,0,1,0,27.16,Slightly Above Avg,9.92,Slightly Below Avg,3.77,Way Below Avg,9.97,Slightly Above Avg,10.14,Average,8.47,Average,4.57,Slightly Below Avg,6.45,Average,3.46,Slightly Below Avg,7.62,Average,5.68,Average,15.97,Average,86.89,Way Above Avg,33.76,Slightly Above Avg,18.22,Average,17.04,Average,24.31,Average,42.33,Way Above Avg,71.67,Way Above Avg,41.66,Slightly Above Avg,63.69,Slightly Above Avg,15.32,Slightly Above Avg,10.53,Slightly Above Avg,47.97,Slightly Above Avg,1,1,16,,,,,,Good,Good,Good,Good,No
328919,,3,TNS_Gulberg,1,0,1,0,1,0,1,1,1,0,1,0,0,0,1,0,1,0,1,0,1,1,0.5,0,1,0,1,1,1,0,1,0,1,1,0,0,1,1,1,0,0,0,1,1,1,0,1,0,8.36,Slightly Below Avg,7.71,Slightly Below Avg,7.75,Average,3.63,Way Below Avg,9.83,Average,4.8,Slightly Below Avg,4.03,Slightly Below Avg,7.48,Slightly Above Avg,4.42,Average,4.24,Slightly Below Avg,2.57,Way Below Avg,23.56,Average,19.68,Average,4.81,Way Below Avg,23.44,Average,9.5,Average,7.01,Way Below Avg,6.86,Slightly Below Avg,9.59,Way Below Avg,22.11,Average,27.95,Average,4.58,Way Below Avg,6.25,Slightly Below Avg,20.95,Average,3,3,26.5,,,,,,Good,Good,Good,Good,No
331369,,1,TNS_Gulberg,0,0,1,0,1,0,1,-1,1,0,1,-1,1,0,1,-1,1,0,1,0,1,0,1,-1,1,-1,1,0,1,0,0,0,1,-1,0,0,0,0,1,-1,0,0,0,0,0,0,1,0,178.6,Slightly Above Avg,21.36,Average,14.33,Average,25.84,Way Above Avg,31.31,Slightly Above Avg,28.48,Way Above Avg,17.37,Slightly Above Avg,29.16,Way Above Avg,14.56,Slightly Above Avg,25.21,Slightly Above Avg,15.7,Slightly Above Avg,132.61,Way Above Avg,108.39,Way Above Avg,84.39,Slightly Above Avg,44.99,Slightly Above Avg,14.44,Average,59.42,Way Above Avg,18.02,Average,36.3,Average,103.4,Way Above Avg,37.07,Average,6.68,Slightly Below Avg,7.18,Slightly Below Avg,91.58,Slightly Above Avg,1,3,10,,,,,,82.00%,Above Average,80.00%,Above Average,Yes
331954,,2,TNS_Gulberg,1,0,0,0,1,0,1,0,1,0,1,0,1,0,1,0,1,0,1,0,1,0,0,0,0,0,0,0,0,0,0,0,0,0,0,0,1,0,1,0,1,0,1,0,1,0,1,0,16.96,Average,11.2,Slightly Below Avg,5.8,Slightly Below Avg,5.86,Slightly Below Avg,5.44,Slightly Below Avg,10.14,Average,16.18,Slightly Above Avg,9.11,Average,12.54,Slightly Above Avg,10.25,Average,18.58,Slightly Above Avg,7.09,Way Below Avg,14.9,Slightly Below Avg,9.01,Way Below Avg,8.13,Way Below Avg,5.12,Way Below Avg,14.24,Average,23.07,Average,20.95,Average,29.63,Average,28.34,Average,11.66,Average,11.73,Average,48.17,Average,1,1,16,,,,,,80.00%,Good,66.88%,Above Average,Yes
334445,7,3,NEWLANDS,1,0,1,-1,1,0,1,0,0,0,1,0,1,-1,0,0,0,0,0,0,1,0,1,0,0.5,0,1,0,1,-1,1,0,1,0,0,0,0,0,0,0,0,0,1,0,1,-1,1,0,17.15,Average,34.19,Way Above Avg,6.14,Average,4.01,Slightly Below Avg,5.96,Average,5.03,Slightly Below Avg,16.54,Way Above Avg,7.29,Average,6.05,Average,6.85,Average,4.68,Average,37.15,Slightly Above Avg,22.21,Average,12.74,Average,66.69,Way Above Avg,7.66,Slightly Below Avg,9.06,Slightly Below Avg,6.38,Slightly Below Avg,24.15,Average,12.78,Slightly Below Avg,54.77,Slightly Above Avg,9.79,Average,19.94,Way Above Avg,23.14,Average,1,1,11.5,No,No,No,No,No,85.00%,Good,75.00%,Good,No
336499,6,2,NEWLANDS,1,1,0,0,1,0,1,0,1,0,1,0,1,1,1,0,1,0,1,0,1,0,1,0,1,0,1,0,1,0,1,0,0,0,0,0,1,0,1,0,1,0,1,0,1,0,1,0,9.92,Way Below Avg,16.98,Average,8.79,Average,10.2,Average,9.68,Average,7.8,Average,4.63,Way Below Avg,4.62,Slightly Below Avg,4.62,Slightly Below Avg,5.96,Slightly Below Avg,4.22,Slightly Below Avg,20.17,Slightly Below Avg,46.05,Slightly Above Avg,15.36,Slightly Below Avg,26.4,Average,14.58,Average,8.52,Way Below Avg,33.61,Slightly Above Avg,25.94,Average,13.74,Slightly Below Avg,62.39,Average,11.37,Average,11.26,Average,21.66,Slightly Below Avg,1,1,23,,,,,,Above Average,Above Average,Average,Average,No
3368,7.5,2,NEWLANDS,1,0,1,0,1,0,1,0,0,-1,1,0,1,0,1,0,1,0,1,0,1,0,1,-1,1,0,1,0,1,0,0,0,1,0,0,0,1,0,1,0,1,0,1,0,1,0,1,0,38.06,Average,11.04,Slightly Below Avg,7.14,Average,7.89,Average,67.58,Way Above Avg,8.47,Average,9.36,Average,6.1,Average,6.44,Average,6.99,Average,15.62,Slightly Above Avg,338.56,Way Above Avg,24.72,Average,25.23,Average,26.83,Average,18.36,Average,27.56,Average,22.26,Average,25.97,Average,16.9,Slightly Below Avg,19.33,Slightly Below Avg,7.17,Slightly Below Avg,8.05,Average,38.04,Average,1,1,19,No,No,No,No,No,85.00%,Good,90.00%,Excellent,No
338520,,1,TNS_Gulberg,1,0,1,1,1,1,1,1,1,1,1,1,1,0,1,0,1,0,1,0,1,0,1,0,1,0,1,1,0,0,0,0,1,1,1,0,1,1,1,0,1,0,1,0,1,0,1,0,16.37,Slightly Below Avg,10.78,Way Below Avg,4.31,Way Below Avg,4.9,Way Below Avg,4.74,Way Below Avg,5.38,Way Below Avg,5.92,Slightly Below Avg,5,Slightly Below Avg,5.15,Slightly Below Avg,5.13,Slightly Below Avg,6.1,Average,23.15,Slightly Below Avg,9.22,Slightly Below Avg,9.03,Way Below Avg,10.95,Way Below Avg,12.52,Average,5.15,Way Below Avg,6.46,Slightly Below Avg,14.59,Way Below Avg,20.09,Slightly Below Avg,21.07,Slightly Below Avg,19.95,Slightly Above Avg,9.39,Average,21.56,Slightly Below Avg,1,1,30,,,,,,50.00%,Average,64.00%,Above Average,Yes
342152,,3,TNS_Gulberg,1,0,1,1,1,0,1,0,1,0,1,0,1,0,1,0,1,0,1,0,1,0,1,0,0,0,1,0,1,0,1,0,1,0,1,0,1,0,1,0,1,0,1,-1,1,0,1,0,10.47,Slightly Below Avg,5.84,Way Below Avg,10.16,Slightly Above Avg,5.22,Slightly Below Avg,4.73,Slightly Below Avg,5.07,Slightly Below Avg,5.91,Average,4.2,Slightly Below Avg,5.15,Average,9.11,Slightly Above Avg,3.63,Slightly Below Avg,33.66,Average,28.54,Slightly Above Avg,12.47,Average,12.65,Slightly Below Avg,12.4,Average,16.95,Average,6.27,Slightly Below Avg,19.12,Average,17.18,Average,14.08,Slightly Below Avg,19.4,Way Above Avg,12.32,Slightly Above Avg,51.87,Slightly Above Avg,3,1,23,,,,,,60.00%,Above Average,72.00%,Above Average,Yes
342155,7,2,NEWLANDS,1,0,1,0,1,0,1,0,1,0,1,0,1,0,1,0,1,0,1,0,1,0,1,0,1,0,1,0,1,-1,0,0,1,0,0,0,1,0,1,0,1,0,1,0,1,0,1,0,13.24,Slightly Below Avg,41.5,Slightly Above Avg,6.34,Slightly Below Avg,9.48,Average,13.62,Average,22.54,Slightly Above Avg,11.14,Average,8.78,Average,8.1,Average,11.07,Average,10.24,Slightly Above Avg,14.69,Slightly Below Avg,15.42,Slightly Below Avg,24.61,Average,80.46,Way Above Avg,13.48,Average,22.68,Average,43.39,Slightly Above Avg,33.08,Average,32.65,Average,37.18,Average,10.22,Average,10.39,Average,33.81,Average,1,1,21,No,Yes,No,No,Yes,77.14%,Good,73.00%,Above Average,No
349000,,2,TNS_Gulberg,1,0,1,0,1,0,1,1,0,0,1,0,1,0,1,-1,1,0,1,0,1,0,0,0,0,0,1,0,1,0,0,0,0,0,1,0,1,1,1,0,0,0,1,-1,1,-1,1,0,21.8,Average,14.15,Average,7.84,Average,3.85,Way Below Avg,11.31,Average,12.37,Average,8.95,Average,26.81,Way Above Avg,10.82,Slightly Above Avg,14.77,Slightly Above Avg,7.01,Average,64.49,Slightly Above Avg,22.92,Average,29.97,Average,46.96,Slightly Above Avg,13.79,Average,8.57,Way Below Avg,24.04,Slightly Above Avg,12.53,Way Below Avg,36.15,Average,35.79,Average,94.92,Way Above Avg,30.87,Way Above Avg,68.44,Slightly Above Avg,3,4,17,,,,,,65.00%,Above Average,55.00%,Average,Yes
349670,,2,TNS_Gulberg,1,0,1,0,1,0,1,0,1,0,1,0,1,0,1,0,1,0,1,0,1,0,1,0,1,0,1,0,1,0,0,0,1,0,1,0,1,0,1,0,1,0,1,0,1,0,1,0,16.81,Average,17.1,Average,7.24,Average,10.09,Average,12.66,Average,11.65,Average,9.53,Average,9.5,Average,6.2,Average,11.59,Average,7.09,Average,52.31,Average,31.25,Average,29.7,Average,45.59,Slightly Above Avg,33.37,Slightly Above Avg,23.81,Average,7.11,Slightly Below Avg,30.44,Average,38.66,Slightly Above Avg,19.6,Slightly Below Avg,9.59,Average,12.95,Slightly Above Avg,50.24,Average,1,2,23,,,,,,66.67%,Above Average,76.00%,Good,Yes
349687,,2,TNS_Gulberg,1,0,1,0,1,0,1,0,1,0,1,0,1,0,1,0,1,0,1,0,1,0,1,0,1,0,1,0,1,0,0,0,1,0,1,0,1,0,1,0,1,0,1,0,1,0,1,0,22.92,Average,17.05,Average,8.1,Average,12.73,Slightly Above Avg,12.04,Average,6.66,Slightly Below Avg,8.03,Average,8.11,Average,8.39,Average,9.78,Average,6.61,Average,52.41,Average,29.45,Average,23.94,Average,42.34,Slightly Above Avg,14.71,Average,16.56,Average,19.06,Average,21.27,Average,40.49,Slightly Above Avg,24.02,Slightly Below Avg,12.76,Average,15.81,Slightly Above Avg,61.12,Slightly Above Avg,1,1,23,,,,,,70.00%,Above Average,68.00%,Above Average,Yes
350611,,2,TNS_Gulberg,1,0,1,1,1,0,1,0,1,0,1,0,1,0,1,0,1,0,1,0,1,0,1,0,1,0,1,0,1,0,1,0,1,0,1,0,0,0,1,0,0,0,1,0,1,0,1,-1,13.99,Slightly Below Avg,8.36,Way Below Avg,13.69,Slightly Above Avg,10.5,Average,12.12,Average,6.61,Slightly Below Avg,8.5,Average,6.9,Average,7.88,Average,8.63,Average,5.78,Average,45.53,Average,50.31,Slightly Above Avg,16.65,Slightly Below Avg,37.09,Slightly Above Avg,33.26,Slightly Above Avg,25.81,Average,8.68,Slightly Below Avg,20.97,Average,41.5,Slightly Above Avg,16.15,Way Below Avg,15.03,Average,6.8,Slightly Below Avg,104.5,Way Above Avg,1,1,22,,,,,,73.33%,Above Average,88.00%,Good,Yes
351933,,2,TNS_Gulberg,1,1,1,0,1,0,1,0,1,1,1,0,1,0,1,1,1,0,1,0,1,0,1,0,1,0,1,0,1,0,0,0,1,0,1,0,0,0,0,0,0,0,1,0,1,1,1,0,9.74,Way Below Avg,17.93,Average,6.75,Average,5.25,Slightly Below Avg,5.35,Way Below Avg,6.19,Slightly Below Avg,5.8,Slightly Below Avg,3.32,Way Below Avg,8.21,Average,13.12,Average,4.28,Slightly Below Avg,38.95,Average,58.95,Slightly Above Avg,22.68,Average,13.86,Slightly Below Avg,8.69,Slightly Below Avg,28.57,Average,15.54,Average,11.57,Way Below Avg,20.39,Average,28.92,Average,9.9,Average,5.52,Way Below Avg,58.25,Slightly Above Avg,1,1,24,,,,,,80.00%,Good,64.00%,Above Average,Yes
352106,,2,TNS_Gulberg,1,0,1,0,1,0,1,0,1,0,1,0,1,0,1,0,1,1,1,0,1,0,1,0,1,-1,1,0,1,0,0,0,1,0,0,0,1,0,1,0,0,0,1,0,1,0,1,0,22.46,Average,26.15,Average,5.76,Slightly Below Avg,11.04,Slightly Above Avg,9.29,Average,5.93,Slightly Below Avg,11.44,Average,7.49,Average,3.87,Way Below Avg,6.2,Slightly Below Avg,5.73,Average,30.21,Average,78.69,Way Above Avg,11.93,Slightly Below Avg,19.17,Average,13.77,Average,43.06,Slightly Above Avg,22.8,Average,38.19,Average,14.93,Slightly Below Avg,26.61,Slightly Below Avg,14.54,Average,8.2,Average,59.38,Slightly Above Avg,1,1,21,,,,,,90.00%,Excellent,88.00%,Good,Yes
352451,7,2,NEWLANDS,1,0,1,-1,1,0,1,0,1,0,0,0,1,0,1,0,1,0,1,0,1,0,1,0,1,0,1,0,1,0,1,0,1,0,0,0,1,0,0,0,1,0,1,0,1,0,1,0,17.98,Average,60.95,Way Above Avg,8.06,Average,9.23,Average,10.98,Average,6.22,Slightly Below Avg,10.42,Average,8.88,Average,10.2,Slightly Above Avg,10.49,Average,6.86,Average,28.36,Average,15.53,Slightly Below Avg,35.8,Average,24,Average,11.1,Average,16.98,Average,26.96,Slightly Above Avg,36.53,Average,33.07,Average,39.78,Average,29.09,Slightly Above Avg,11.59,Average,35.6,Average,1,1,20,No,No,Yes,No,No,85.00%,Good,95.00%,Excellent,No
352607,,2,TNS_Gulberg,1,0,1,0,1,0,1,0,1,0,1,0,1,0,1,0,1,0,0,0,1,0,1,0,1,0,1,0,1,0,0,0,1,0,0,0,1,0,1,0,1,0,1,0,1,-1,1,0,14.25,Slightly Below Avg,37.77,Slightly Above Avg,9.41,Average,5.13,Slightly Below Avg,6.96,Slightly Below Avg,8.8,Average,8.12,Average,7.33,Average,4.67,Slightly Below Avg,25.2,Slightly Above Avg,6.1,Average,25.73,Average,21.59,Average,13.5,Slightly Below Avg,48.53,Slightly Above Avg,5.43,Way Below Avg,21.72,Average,14.76,Average,24.28,Average,19.25,Slightly Below Avg,44.44,Average,16.36,Slightly Above Avg,20.2,Way Above Avg,21.17,Slightly Below Avg,3,3,20,,,,,,Average,Average,Average,Average,Yes
357537,,2,TNS_Gulberg,1,0,1,-1,1,1,1,0,1,1,1,0,1,0,1,0,1,0,1,0,1,0,1,0,1,0,1,0,1,0,0,0,1,-1,0,0,1,0,1,0,0,0,1,1,1,0,1,-1,11.69,Slightly Below Avg,59.83,Way Above Avg,4.76,Way Below Avg,6.72,Average,4.05,Way Below Avg,8.91,Average,7.17,Average,5.22,Slightly Below Avg,6.72,Average,5.81,Slightly Below Avg,16.41,Slightly Above Avg,20.11,Slightly Below Avg,34.77,Average,11.6,Slightly Below Avg,24.67,Average,22.86,Slightly Above Avg,73.06,Way Above Avg,7.74,Slightly Below Avg,56.36,Slightly Above Avg,15.94,Slightly Below Avg,28.19,Average,4.45,Way Below Avg,8.26,Average,93.59,Way Above Avg,1,1,21,,,,,,Average,Average,Average,Average,Yes
357538,,1,TNS_Gulberg,1,0,0,0,1,1,0,0,0,0,0,0,0,0,1,0,0,0,0,0,1,1,0,0,1,0,1,0,0,0,0,0,1,0,0,0,0,0,0,0,0,0,1,1,1,0,1,0,22.37,Average,10.13,Way Below Avg,4.97,Way Below Avg,15.46,Slightly Above Avg,9.81,Slightly Below Avg,5.95,Slightly Below Avg,16.92,Slightly Above Avg,7.87,Average,6.89,Average,4.52,Slightly Below Avg,3.04,Way Below Avg,17.47,Slightly Below Avg,40.93,Average,24.66,Slightly Below Avg,51.12,Slightly Above Avg,8.21,Slightly Below Avg,8.06,Slightly Below Avg,5.39,Way Below Avg,15.51,Slightly Below Avg,17.65,Slightly Below Avg,23.19,Slightly Below Avg,4.56,Way Below Avg,5.94,Slightly Below Avg,40.59,Average,1,1,13,,,,,,AVERAGE,AVERAGE,Below Average,Below Average,Yes
360042,,1,TNS_Gulberg,0,0,0,0,1,0,1,0,1,0,1,0,1,0,1,0,0,0,1,0,1,0,1,0,1,0,1,0,1,0,1,0,1,0,0,0,0,0,0,-1,0,0,1,0,1,0,1,0,32.22,Average,19.07,Average,15.58,Slightly Above Avg,7.95,Slightly Below Avg,8.7,Slightly Below Avg,11.9,Average,11.2,Average,16.76,Slightly Above Avg,13.19,Slightly Above Avg,19.93,Slightly Above Avg,20.92,Slightly Above Avg,40.57,Average,12.22,Slightly Below Avg,37.69,Average,32.06,Average,13.68,Average,9.67,Slightly Below Avg,17.12,Average,40.37,Average,151.85,Way Above Avg,117.67,Slightly Above Avg,27.77,Slightly Above Avg,8.91,Average,65.28,Average,1,1,16,,,,,,B,Above Average,B,Above Average,Yes
361196,7,3,NEWLANDS,1,-1,1,0,1,-1,1,0,1,-1,0,0,0,0,1,0,1,-1,1,0,1,0,0,0,0,0,1,-1,0,0,0,0,0,0,1,0,0,0,0,0,0,0,1,-1,0,-1,1,0,53.88,Way Above Avg,28.62,Slightly Above Avg,18.01,Way Above Avg,9.11,Slightly Above Avg,22.71,Way Above Avg,13.42,Slightly Above Avg,13.18,Slightly Above Avg,8.49,Slightly Above Avg,47.89,Way Above Avg,7.96,Average,9.46,Slightly Above Avg,27.77,Average,15.08,Average,51.97,Way Above Avg,52.15,Slightly Above Avg,17.22,Average,9.05,Slightly Below Avg,6.19,Slightly Below Avg,24.95,Average,14.83,Slightly Below Avg,56.51,Slightly Above Avg,22.13,Way Above Avg,16.96,Way Above Avg,35.75,Average,1,4,6,,,,,,A,Good,A,Good,No
361221,,2,TNS_Gulberg,1,0,1,0,1,0,1,1,1,0,0,0,1,0,0,0,1,0,0,0,1,0,1,0,0,0,1,0,1,0,1,0,0,0,1,0,1,0,0,0,1,0,1,-1,1,0,1,0,34.02,Average,24.94,Average,7.37,Average,4.39,Way Below Avg,9.27,Average,7.12,Average,5.07,Slightly Below Avg,3.74,Way Below Avg,7.03,Average,4.2,Way Below Avg,10.3,Slightly Above Avg,87.38,Slightly Above Avg,54.42,Slightly Above Avg,17,Slightly Below Avg,25.3,Average,27.97,Slightly Above Avg,24.05,Average,19.63,Average,29.58,Average,31.76,Average,64.13,Slightly Above Avg,68.09,Way Above Avg,15.51,Slightly Above Avg,23.49,Slightly Below Avg,1,1,18,,,,,,B,Above Average,A,Good,Yes
361405,,2,TNS_Gulberg,1,0,1,0,1,0,1,0,1,0,1,0,1,0,1,0,1,0,1,0,1,0,0,0,0,0,1,0,0,0,1,0,1,0,1,0,0,0,0,0,0,0,0,0,1,0,1,0,20.77,Average,25.3,Average,11.63,Average,16.44,Slightly Above Avg,8.97,Average,6.99,Average,9.57,Average,11.65,Slightly Above Avg,10.57,Slightly Above Avg,8.34,Average,6.53,Average,20.37,Slightly Below Avg,6.33,Way Below Avg,23.74,Average,32.03,Average,8.69,Slightly Below Avg,14.79,Average,11.54,Average,22.7,Average,14.49,Slightly Below Avg,16.31,Way Below Avg,9.31,Average,11.73,Average,27.17,Average,1,1,17,,,,,,B,Above Average,B,Above Average,Yes
361817,,2,TNS_Gulberg,1,0,1,0,1,0,1,0,1,0,1,0,1,0,1,0,1,0,1,0,1,0,1,0,1,0,1,0,1,0,1,0,0,0,0,0,1,0,1,0,0,0,1,0,1,-1,1,-1,30,Average,14.53,Average,8.1,Average,6.49,Average,8.7,Average,6.32,Slightly Below Avg,11.3,Average,7.02,Average,5.05,Slightly Below Avg,6.35,Slightly Below Avg,7.06,Average,29.16,Average,27.57,Average,10.9,Slightly Below Avg,17.76,Average,11.54,Average,14.94,Average,38.14,Slightly Above Avg,26.03,Average,20.08,Average,94.47,Slightly Above Avg,6.83,Slightly Below Avg,19.73,Way Above Avg,115.66,Way Above Avg,1,1,19,,,,,,B,Above Average,A,Good,Yes
364703,,1,TNS_Gulberg,1,0,1,-1,1,0,1,0,0,0,0,0,1,0,0,0,1,1,0,0,1,0,0,0,0,0,1,0,0,0,1,0,0,0,0,0,0,0,0,0,0,0,1,0,0,0,1,0,36.74,Average,116.44,Way Above Avg,12.48,Average,6.66,Slightly Below Avg,15.41,Average,10.39,Average,11.76,Average,13.31,Slightly Above Avg,3.87,Way Below Avg,5.95,Slightly Below Avg,8.23,Average,11.48,Way Below Avg,33.39,Average,86.19,Slightly Above Avg,24.48,Average,8.3,Slightly Below Avg,7.95,Slightly Below Avg,6.43,Slightly Below Avg,33.13,Average,41.52,Average,89.43,Slightly Above Avg,12.23,Slightly Below Avg,10.16,Average,66.46,Average,1,4,11,,,,,,Below Average,Below Average,Below Average,Below Average,Yes
366370,,1,TNS_Gulberg,0,0,1,0,1,0,1,-1,1,0,0,0,1,0,1,0,1,-1,1,0,1,0,1,0,1,-1,1,0,1,0,1,-1,1,0,0,-1,0,0,0,0,0,0,1,0,1,0,1,0,25.76,Average,21.02,Average,12.24,Average,27.58,Way Above Avg,40.67,Slightly Above Avg,14.72,Slightly Above Avg,15.31,Average,13.85,Slightly Above Avg,24.69,Way Above Avg,14.28,Average,10.68,Slightly Above Avg,74.12,Slightly Above Avg,204.28,Way Above Avg,29.29,Average,67.09,Slightly Above Avg,82.42,Way Above Avg,38.96,Slightly Above Avg,154.91,Way Above Avg,22.59,Slightly Below Avg,20.42,Slightly Below Avg,24.72,Slightly Below Avg,34.45,Slightly Above Avg,14.32,Slightly Above Avg,47.38,Average,1,1,13,,,,,,Below Average,Below Average,Average,Average,Yes
366376,,1,TNS_Gulberg,1,1,1,0,1,0,1,0,1,0,1,0,1,0,0,0,1,0,0,0,1,0,1,1,1,0,1,1,1,0,0,0,0,0,0,0,1,0,1,0,0,0,1,0,1,0,1,0,10.98,Way Below Avg,15.66,Slightly Below Avg,10.07,Average,11.08,Average,9.61,Slightly Below Avg,7.66,Average,6.07,Slightly Below Avg,6.71,Average,4.54,Slightly Below Avg,6.54,Average,12.06,Slightly Above Avg,11.28,Way Below Avg,16.35,Average,15.12,Way Below Avg,25.18,Average,13.36,Average,33.61,Slightly Above Avg,4.26,Way Below Avg,23.87,Slightly Below Avg,21.84,Slightly Below Avg,67.01,Average,12.61,Average,7.55,Slightly Below Avg,86.61,Slightly Above Avg,1,2,21,,,,,,Below Average,Below Average,Below Average,Below Average,Yes
366384,,1,TNS_Gulberg,1,0,0,0,1,0,1,0,1,0,1,0,1,0,1,0,1,0,1,0,1,0,0,0,0,0,0,0,1,0,1,0,0,0,0,0,0,0,0,0,0,0,0,0,0,0,1,0,18.46,Slightly Below Avg,17.99,Slightly Below Avg,7.5,Slightly Below Avg,6.49,Slightly Below Avg,7.74,Slightly Below Avg,11.49,Average,11.5,Average,14.19,Slightly Above Avg,13.03,Slightly Above Avg,10.33,Average,6.74,Average,8.95,Way Below Avg,16.14,Average,27.63,Average,61.39,Slightly Above Avg,13.84,Average,11.91,Slightly Below Avg,6.27,Slightly Below Avg,26.94,Average,25.29,Slightly Below Avg,29.87,Slightly Below Avg,18.74,Average,10.24,Average,93.48,Slightly Above Avg,2,2,13,,,,,,Below Average,Below Average,Average,Average,Yes
367660,,3,TNS_Gulberg,1,0,1,0,1,0,1,0,1,0,1,0,1,0,1,0,0,0,1,0,1,0,1,0,1,0,1,0,1,0,0,0,0,0,1,1,1,1,1,0,1,0,1,1,1,0,1,0,21.51,Slightly Above Avg,17.13,Average,4.12,Slightly Below Avg,6.53,Average,13.01,Slightly Above Avg,7.74,Average,9.76,Slightly Above Avg,3.63,Slightly Below Avg,2.89,Way Below Avg,5.27,Average,4.06,Slightly Below Avg,17.39,Average,11.93,Slightly Below Avg,14.94,Average,18.94,Average,3.76,Way Below Avg,13.45,Average,5.3,Way Below Avg,10.61,Way Below Avg,17.81,Average,20.5,Average,4.6,Way Below Avg,6.9,Average,28.82,Average,1,1,24,,,,,,Below Average,Below Average,Below Average,Below Average,Yes
367662,,1,TNS_Gulberg,1,0,1,0,1,0,1,0,1,0,0,0,1,0,1,0,1,0,1,0,1,-1,1,0,1,0,1,0,0,0,0,0,0,-1,0,0,1,0,1,0,0,0,1,0,1,0,1,-1,40.94,Average,20.27,Average,6.95,Slightly Below Avg,10.35,Average,8.9,Slightly Below Avg,12.54,Average,16.93,Slightly Above Avg,10.08,Average,7.88,Average,26.17,Slightly Above Avg,35.06,Way Above Avg,39.57,Average,50.22,Slightly Above Avg,63.35,Slightly Above Avg,14.43,Way Below Avg,9.99,Slightly Below Avg,92.41,Way Above Avg,34.8,Slightly Above Avg,46.22,Average,30.5,Average,104.72,Slightly Above Avg,16.94,Average,9.4,Average,153.91,Way Above Avg,2,2,15,,,,,,Below Average,Below Average,Below Average,Below Average,Yes
369824,,1,TNS_Gulberg,1,0,1,0,1,1,1,0,1,0,1,0,1,0,1,0,1,0,1,0,1,0,1,-1,1,0,0,0,1,-1,0,0,1,-1,0,0,0,0,1,0,1,0,1,0,1,0,1,0,58.41,Average,32.55,Average,6.26,Way Below Avg,5.72,Slightly Below Avg,22.71,Average,8.67,Average,15.7,Average,11.04,Average,6.34,Average,9.21,Average,5.58,Slightly Below Avg,151.72,Way Above Avg,27.37,Average,47.33,Average,149.16,Way Above Avg,17.69,Average,65.59,Way Above Avg,11.29,Average,18.47,Slightly Below Avg,76.09,Slightly Above Avg,54.59,Average,25.52,Slightly Above Avg,8.79,Average,78.85,Slightly Above Avg,1,2,18,,,,,,Below Average,Below Average,Below Average,Below Average,Yes
4144,10,3,LGGS,1,0,1,1,1,-1,1,-1,1,0,1,0,1,0,1,0,1,0,0,0,1,0,1,0,1,0,1,0,0,0,0,0,1,0,1,0,1,0,1,0,1,0,1,0,1,1,1,1,10.52,Slightly Below Avg,7.27,Way Below Avg,14.34,Way Above Avg,19.47,Way Above Avg,15.75,Slightly Above Avg,9.84,Average,5.85,Average,9.19,Slightly Above Avg,10.32,Slightly Above Avg,8.18,Average,5.28,Average,10.29,Slightly Below Avg,10.47,Slightly Below Avg,11.7,Slightly Below Avg,6.78,Way Below Avg,22.09,Slightly Above Avg,13.64,Average,18.51,Average,19.5,Average,15.43,Average,17.61,Slightly Below Avg,6.45,Slightly Below Avg,4.97,Way Below Avg,12.66,Way Below Avg,2,2,22,No,No,No,Yes,Yes,82.86%,Good,80.35%,Good,No
4152,9,3,LGGS,1,0,1,0,1,0,1,0,1,0,0,0,1,0,1,0,1,0,1,0,1,0,1,0,1,0,1,-1,1,0,0,0,1,0,1,0,1,0,0,0,1,0,1,0,1,0,1,0,25.42,Slightly Above Avg,17.66,Average,9.94,Slightly Above Avg,10.07,Slightly Above Avg,7.56,Average,11.9,Slightly Above Avg,8.97,Slightly Above Avg,9.83,Slightly Above Avg,6.77,Slightly Above Avg,6.32,Average,9.59,Slightly Above Avg,32.29,Average,9.69,Slightly Below Avg,133.1,Way Above Avg,34.26,Slightly Above Avg,21.72,Slightly Above Avg,26.96,Slightly Above Avg,26.43,Slightly Above Avg,26.26,Slightly Above Avg,26.35,Slightly Above Avg,38.01,Average,9.86,Average,14.2,Slightly Above Avg,50.5,Slightly Above Avg,1,5,20,No,No,No,No,No,35.00%,Below Average,50.00%,Average,Yes
4168,10,3,LGGS,1,0,1,0,1,0,1,0,1,-1,0,0,1,0,1,0,1,0,1,0,1,0,1,0,1,0,1,-1,1,0,1,0,1,0,1,0,1,0,1,0,1,0,1,0,1,0,1,-1,43.38,Slightly Above Avg,18.54,Average,8.54,Average,6.52,Average,29.91,Way Above Avg,15.07,Slightly Above Avg,8.59,Slightly Above Avg,7.27,Average,6.62,Average,10.27,Slightly Above Avg,6.7,Average,10.67,Slightly Below Avg,25.99,Slightly Above Avg,46.68,Way Above Avg,9.3,Slightly Below Avg,11.73,Average,15.54,Average,17.63,Average,32.67,Slightly Above Avg,39.31,Slightly Above Avg,25.06,Average,7.57,Average,9.1,Average,61.38,Way Above Avg,1,2,20,No,No,No,No,No,46.67%,Below Average,76.00%,Good,Yes
4174,9,3,LGGS,1,0,1,0,1,0,1,0,1,0,1,0,1,0,1,0,1,0,1,0,1,0,1,0,0.5,0,1,0,0,0,0,0,1,0,0,0,1,0,1,0,1,0,1,0,1,0,1,0,10.73,Slightly Below Avg,10.6,Average,5.96,Average,9.25,Slightly Above Avg,7.51,Average,7.5,Average,6.53,Average,4.91,Average,4.71,Average,5.25,Average,4.83,Average,19.97,Average,7.31,Way Below Avg,27.72,Slightly Above Avg,28.09,Slightly Above Avg,16.96,Average,19.5,Average,9.66,Average,33.38,Slightly Above Avg,25.72,Slightly Above Avg,18.83,Average,9.43,Average,7.39,Average,27.58,Average,2,2,20.5,,,,,,26.67%,Below Average,56.00%,Average,Yes
4179,9,3,LGGS,1,-1,1,0,1,0,1,-1,0,0,1,0,1,0,1,0,1,0,1,0,1,0,1,-1,1,0,1,-1,1,0,0,0,0,0,1,-1,1,0,1,0,0,0,1,0,1,-1,1,-1,103.69,Way Above Avg,27.95,Slightly Above Avg,12.09,Slightly Above Avg,13.39,Way Above Avg,17.81,Slightly Above Avg,14.24,Slightly Above Avg,13.64,Slightly Above Avg,8.7,Slightly Above Avg,7.9,Slightly Above Avg,9.05,Slightly Above Avg,11.74,Slightly Above Avg,72.41,Way Above Avg,20.46,Average,53.1,Way Above Avg,25.86,Average,14.15,Average,27.16,Slightly Above Avg,35.79,Way Above Avg,40.96,Slightly Above Avg,23.32,Average,27.77,Average,17.05,Slightly Above Avg,19.62,Way Above Avg,76.18,Way Above Avg,2,2,13,,,,,,A,Good,A,Good,No
4183,8,3,LGGS,1,0,1,0,1,1,1,0,1,0,1,0,1,0,1,0,1,0,1,1,1,0,1,0,1,0,1,0,1,0,0,0,1,0,1,0,1,0,1,1,1,1,1,1,1,1,1,1,16.77,Average,14.49,Average,3.97,Way Below Avg,4.5,Slightly Below Avg,7.9,Average,8.69,Average,4,Slightly Below Avg,4.42,Slightly Below Avg,4.23,Slightly Below Avg,3.3,Way Below Avg,6.74,Average,12.27,Slightly Below Avg,13.24,Average,10.26,Slightly Below Avg,9.23,Slightly Below Avg,7.83,Slightly Below Avg,20.34,Average,13.43,Average,11.22,Slightly Below Avg,8.59,Way Below Avg,11.87,Way Below Avg,3.73,Way Below Avg,3.94,Way Below Avg,10.52,Way Below Avg,2,1,30,No,No,No,No,No,85.00%,Good,85.00%,Good,No
4184,,3,LGGS,1,0,1,0,1,0,1,0,1,0,1,-1,1,0,1,0,1,0,1,0,1,0,0,0,0,0,1,0,0,0,1,0,0,0,0,0,1,0,1,0,1,0,1,0,1,0,1,-1,19.95,Average,24.9,Slightly Above Avg,7.42,Average,9.72,Slightly Above Avg,13.25,Slightly Above Avg,24.19,Way Above Avg,8.49,Slightly Above Avg,5.82,Average,6.49,Average,12.45,Slightly Above Avg,7.63,Slightly Above Avg,48.43,Slightly Above Avg,7.44,Way Below Avg,31.02,Slightly Above Avg,14.13,Average,20.1,Slightly Above Avg,11.71,Slightly Below Avg,8.14,Slightly Below Avg,13.56,Slightly Below Avg,17.77,Average,23.45,Average,16.38,Slightly Above Avg,8.35,Average,73.69,Way Above Avg,1,2,17,No,Not Sure,No,No,No,85.00%,Good,90.00%,Good,No
4195,10,3,LGGS,1,0,1,0,1,0,1,0,1,0,1,0,1,0,1,0,1,0,1,0,1,0,1,0,1,0,1,0,1,0,0,0,1,0,1,-1,1,0,1,0,1,0,1,0,1,0,1,0,12.85,Average,17.28,Average,6.87,Average,6.59,Average,5.8,Average,10.12,Slightly Above Avg,5.54,Average,4.9,Average,5.23,Average,6.42,Average,4.58,Average,18.58,Average,9.35,Slightly Below Avg,14.71,Average,14.55,Average,13.81,Average,35.56,Slightly Above Avg,38.88,Way Above Avg,11.29,Slightly Below Avg,12.66,Slightly Below Avg,22.7,Average,8.03,Average,6.16,Slightly Below Avg,27.48,Average,1,1,22,No,No,No,Yes,No,85.00%,Good,85.00%,Good,No
4198,,3,LGGS,0,0,0,0,1,0,1,0,0,0,1,0,1,0,1,0,1,0,1,0,1,0,0,0,0,0,0,0,0,0,0,0,0,0,1,0,1,-1,1,-1,0,0,1,-1,1,-1,1,0,6.79,Way Below Avg,18.72,Average,7.97,Average,10.81,Slightly Above Avg,4.38,Slightly Below Avg,16.37,Slightly Above Avg,6.37,Average,3.4,Slightly Below Avg,5.62,Average,4.99,Average,6.17,Average,14.54,Slightly Below Avg,28.14,Slightly Above Avg,11.62,Slightly Below Avg,53.68,Slightly Above Avg,23.98,Slightly Above Avg,32.96,Slightly Above Avg,10.27,Average,41.24,Way Above Avg,42.83,Way Above Avg,34.1,Average,19.91,Way Above Avg,52.94,Way Above Avg,26.9,Average,1,3,10,,,,,,Above Average,Above Average,Above Average,Above Average,No
4203,,3,LGGS,1,0,1,0,1,-1,1,0,1,0,1,0,1,0,1,0,1,0,1,0,1,0,1,0,1,0,1,-1,1,-1,0,0,1,0,1,0,1,0,1,0,1,0,1,-1,1,-1,1,0,23.55,Slightly Above Avg,17.94,Average,23.22,Way Above Avg,8.14,Average,14.36,Slightly Above Avg,9.12,Average,6.46,Average,8.76,Slightly Above Avg,6.02,Average,9.18,Slightly Above Avg,6.56,Average,42.61,Slightly Above Avg,40.02,Slightly Above Avg,69.71,Way Above Avg,69.58,Way Above Avg,16.89,Average,21.34,Average,12.5,Average,26.34,Slightly Above Avg,33.59,Slightly Above Avg,65.26,Slightly Above Avg,27.42,Way Above Avg,20.75,Way Above Avg,23.67,Average,1,5,18,No,No,No,No,No,50.00%,Average,60.00%,Above Average,Yes
4213,,3,LGGS,1,0,1,0,1,0,1,0,1,0,0,0,1,0,1,0,1,0,1,0,1,0,1,1,1,1,0,-1,0,0,0,0,0,0,1,1,1,0,0,0,1,0,1,0,1,0,1,0,24.72,Slightly Above Avg,9.34,Slightly Below Avg,7.26,Average,4.81,Slightly Below Avg,12.92,Slightly Above Avg,4.7,Slightly Below Avg,5.58,Average,7,Average,5.79,Average,6.51,Average,4.12,Slightly Below Avg,9.53,Way Below Avg,8.5,Way Below Avg,51.51,Way Above Avg,12.17,Slightly Below Avg,11.19,Average,17.28,Average,4.14,Way Below Avg,20.25,Average,12.3,Slightly Below Avg,20.09,Average,11.84,Slightly Above Avg,10.5,Slightly Above Avg,35.34,Average,1,1,20,No,No,No,No,No,50.00%,Average,60.00%,Above Average,Yes
4222,10,2,LGGS,0,0,1,-1,1,0,1,0,1,0,0,0,0,0,1,0,0,0,1,0,1,1,0,0,0,0,0,-1,0,0,0,0,0,0,0,0,0,0,0,0,0,0,0,0,1,0,1,0,73.45,Slightly Above Avg,100.14,Way Above Avg,6.6,Slightly Below Avg,5.45,Slightly Below Avg,7.26,Slightly Below Avg,5.1,Slightly Below Avg,3.24,Way Below Avg,4.63,Slightly Below Avg,5.27,Slightly Below Avg,5.18,Slightly Below Avg,2.92,Way Below Avg,14.27,Slightly Below Avg,4.86,Way Below Avg,172.32,Way Above Avg,33.77,Average,8.65,Slightly Below Avg,6.31,Way Below Avg,5.46,Way Below Avg,14.16,Slightly Below Avg,21.26,Average,36.24,Average,6.33,Slightly Below Avg,6.96,Slightly Below Avg,69.77,Slightly Above Avg,4,4,8,No,Yes,No,No,No,63.33%,Above Average,60.00%,Above Average,Yes
4231,10,3,LGGS,1,0,1,0,1,0,1,0,1,0,1,0,1,0,1,0,1,0,1,0,1,0,1,-1,1,0,1,0,1,-1,1,0,0,0,1,0,1,-1,0,0,0,0,1,0,1,0,1,0,20.68,Average,9.26,Slightly Below Avg,4.53,Slightly Below Avg,6.09,Average,8.28,Average,8.62,Average,6.1,Average,4.12,Slightly Below Avg,6.14,Average,5.35,Average,5.17,Average,152.86,Way Above Avg,15.46,Average,40.19,Slightly Above Avg,73.02,Way Above Avg,8.5,Slightly Below Avg,9.03,Slightly Below Avg,9.15,Slightly Below Avg,50.36,Way Above Avg,35.94,Slightly Above Avg,37.63,Average,8.46,Average,7.07,Average,31.69,Average,1,2,18,,,,,,86.67%,Good,80.00%,Good,No
4247,10,3,LGGS,1,0,0,0,1,0,1,0,0,0,0,0,1,0,1,0,1,0,1,0,1,0,1,0,1,0,1,0,1,1,0,0,0,0,0,0,1,0,0,0,1,0,1,0,1,0,1,0,44.3,Slightly Above Avg,5.14,Way Below Avg,9.72,Slightly Above Avg,6.78,Average,8.91,Average,12.37,Slightly Above Avg,5.6,Average,5.22,Average,5.42,Average,6.58,Average,4.87,Average,16.43,Average,13.92,Average,35.53,Slightly Above Avg,7.25,Way Below Avg,15.32,Average,17.95,Average,20.88,Slightly Above Avg,21.86,Average,21.81,Average,29,Average,6.3,Slightly Below Avg,9.54,Average,27.2,Average,1,2,18,,,,,,66.67%,Above Average,72.00%,Above Average,Yes
4257,9,3,LGGS,1,0,1,0,1,0,1,0,1,0,1,0,1,0,1,0,1,0,1,0,1,0,1,0,1,0,0,0,1,0,0,0,1,0,0,0,1,0,1,0,1,0,1,0,1,0,1,0,10.82,Average,12.16,Average,5.1,Slightly Below Avg,5.1,Slightly Below Avg,8.74,Average,4.58,Slightly Below Avg,8.34,Average,4.61,Average,3.77,Slightly Below Avg,4.18,Slightly Below Avg,3.62,Slightly Below Avg,39.3,Slightly Above Avg,11.81,Slightly Below Avg,23.57,Average,16.36,Average,17.11,Average,30.73,Slightly Above Avg,7.29,Slightly Below Avg,12.9,Slightly Below Avg,13.68,Slightly Below Avg,19.62,Average,7.07,Average,6.82,Average,27.32,Average,1,1,21,No,No,No,No,No,86.67%,Good,84.00%,Good,No
4261,10,3,LGGS,1,0,1,0,1,0,1,0,1,-1,1,0,1,-1,1,-1,1,0,1,0,1,0,1,0,1,0,1,0,1,0,0,0,0,0,1,0,1,0,1,0,0,0,1,0,1,0,1,0,51.97,Slightly Above Avg,18.93,Slightly Above Avg,11.64,Slightly Above Avg,12.98,Slightly Above Avg,21.5,Way Above Avg,14.76,Slightly Above Avg,16.66,Way Above Avg,13.72,Way Above Avg,7.29,Slightly Above Avg,9.58,Slightly Above Avg,5.99,Average,36.5,Slightly Above Avg,41.17,Slightly Above Avg,32.57,Slightly Above Avg,34.49,Slightly Above Avg,26.33,Slightly Above Avg,31.46,Slightly Above Avg,13.88,Average,24.79,Average,15.54,Average,24.54,Average,8.35,Average,6.85,Average,26.9,Average,1,1,18,No,Yes,No,No,No,70.00%,Above Average,72.00%,Above Average,Yes
4280,9,3,LGGS,1,0,1,1,1,0,1,0,1,0,1,0,1,0,1,0,1,0,1,0,1,1,1,0,1,0,1,0,1,1,0,0,1,0,1,1,1,1,1,1,1,1,1,0,1,0,1,1,9.8,Slightly Below Avg,5.99,Way Below Avg,5.37,Slightly Below Avg,6,Average,6.19,Average,4.02,Slightly Below Avg,4.98,Slightly Below Avg,3.74,Slightly Below Avg,5.34,Average,4.19,Slightly Below Avg,3.18,Way Below Avg,16.7,Average,12.77,Slightly Below Avg,8.94,Slightly Below Avg,8.22,Way Below Avg,3.68,Way Below Avg,15.44,Average,5.46,Way Below Avg,8.34,Way Below Avg,9.89,Way Below Avg,8.81,Way Below Avg,7.14,Average,5.31,Slightly Below Avg,13.44,Way Below Avg,2,1,31,,,,,,35.00%,Below Average,45.00%,Below Average,Yes
4282,,3,LGGS,1,0,1,-1,1,0,1,0,1,0,1,0,1,0,1,0,1,0,1,0,1,0,1,0,1,0,1,-1,1,0,0,0,1,0,1,0,1,0,1,0,0,0,1,0,1,0,1,0,15.59,Average,62.02,Way Above Avg,6.82,Average,11.37,Slightly Above Avg,10.32,Average,9.05,Average,12.56,Slightly Above Avg,4.42,Slightly Below Avg,6.61,Average,6.74,Average,9.82,Slightly Above Avg,20.3,Average,17.94,Average,61.03,Way Above Avg,48.37,Slightly Above Avg,19.07,Slightly Above Avg,39.95,Slightly Above Avg,7.43,Slightly Below Avg,22.69,Average,14.66,Slightly Below Avg,40.32,Slightly Above Avg,9.93,Average,8.78,Average,38.6,Slightly Above Avg,1,1,20,No,No,No,No,No,86.67%,Good,76.00%,Good,No
4291,,3,LGGS,1,0,1,0,1,0,1,0,1,0,1,0,1,0,1,0,1,0,1,0,1,0,1,0,1,0,1,0,1,0,1,0,1,0,0,0,1,0,1,0,0,0,1,0,1,0,1,0,13.34,Average,11.88,Average,10.06,Slightly Above Avg,3.89,Slightly Below Avg,6.75,Average,8.42,Average,4.36,Slightly Below Avg,3.63,Slightly Below Avg,5.58,Average,3.97,Slightly Below Avg,7.66,Slightly Above Avg,23.54,Average,18.27,Average,13.38,Average,12.52,Slightly Below Avg,8.49,Slightly Below Avg,27.35,Slightly Above Avg,7.62,Slightly Below Avg,22.62,Average,14.31,Slightly Below Avg,12.19,Way Below Avg,9.78,Average,5.78,Slightly Below Avg,30.71,Average,1,2,22,No,No,No,No,No,86.67%,Good,92.00%,Excellent,No
4293,10,3,LGGS,0,-1,1,0,1,0,1,0,1,0,0,0,1,0,1,0,1,0,1,0,1,0,1,0,0.5,-1,1,-1,1,-1,1,0,1,0,0,0,1,-1,1,0,0,0,0,0,1,0,1,-1,80.8,Way Above Avg,12.89,Average,14.05,Slightly Above Avg,9.94,Slightly Above Avg,9.43,Average,8.66,Average,7.11,Average,5.09,Average,5.41,Average,9.57,Slightly Above Avg,7.72,Slightly Above Avg,23.15,Average,56.7,Way Above Avg,54.82,Way Above Avg,240.97,Way Above Avg,13.68,Average,11.78,Slightly Below Avg,9.41,Slightly Below Avg,84.41,Way Above Avg,40.44,Slightly Above Avg,30.89,Average,11.93,Slightly Above Avg,6.96,Average,67.71,Way Above Avg,1,2,12.5,,,,,,A,Good,A,Good,No
4295,9,3,LGGS,1,-1,1,0,1,1,1,0,1,0,0,-1,1,0,1,0,1,0,1,0,1,0,1,0,1,0,1,-1,1,0,0,0,1,-1,1,1,1,0,1,1,1,0,1,0,1,0,1,0,59.73,Way Above Avg,16.86,Average,4.01,Way Below Avg,7.59,Average,5.16,Slightly Below Avg,39.33,Way Above Avg,5.7,Average,4.79,Average,3.54,Slightly Below Avg,4.5,Slightly Below Avg,5.46,Average,33.86,Slightly Above Avg,13.25,Average,48.42,Way Above Avg,32.86,Slightly Above Avg,8.16,Slightly Below Avg,42.74,Way Above Avg,4.18,Way Below Avg,32.14,Slightly Above Avg,9.95,Way Below Avg,16.54,Slightly Below Avg,8.87,Average,7.99,Average,60.99,Slightly Above Avg,1,1,21,,,,,,A,Good,A,Good,No
4302,,3,LGGS,1,0,1,0,1,0,1,0,1,0,1,0,1,0,1,0,1,0,1,0,1,0,1,0,1,0,1,0,1,0,0,0,0,0,0,0,1,0,1,0,0,0,1,0,1,0,1,0,12.25,Average,28.86,Slightly Above Avg,6.62,Average,11.78,Slightly Above Avg,7.3,Average,7.46,Average,5.98,Average,5.53,Average,4.32,Average,10.08,Slightly Above Avg,7.15,Slightly Above Avg,16.39,Average,14.56,Average,27.83,Slightly Above Avg,13.22,Slightly Below Avg,11.54,Average,32.7,Slightly Above Avg,15.08,Average,28.31,Slightly Above Avg,17.57,Average,29.67,Average,10.67,Average,7.38,Average,23.56,Average,1,2,20,No,No,No,Yes,No,86.67%,Good,84.00%,Good,No
4316,10,3,LGGS,1,1,1,0,1,0,1,0,1,0,1,0,1,0,1,0,0,0,1,0,1,0,1,0,1,0,1,0,1,0,0,0,1,0,1,0,1,0,1,0,1,0,1,0,1,0,1,0,7.66,Way Below Avg,10.28,Slightly Below Avg,4.73,Slightly Below Avg,4.49,Slightly Below Avg,4.18,Slightly Below Avg,4.31,Slightly Below Avg,8.49,Slightly Above Avg,4.02,Slightly Below Avg,3.96,Slightly Below Avg,5.13,Average,4.18,Average,16.61,Average,9.92,Slightly Below Avg,31.3,Slightly Above Avg,16.14,Average,9.36,Slightly Below Avg,31.36,Slightly Above Avg,16.4,Average,23.06,Average,12.53,Slightly Below Avg,17.26,Slightly Below Avg,5.56,Slightly Below Avg,8.82,Average,26.41,Average,1,1,23,,,,,,Above Average,Above Average,Above Average,Above Average,No
4321,9,3,LGGS,0,-1,1,0,1,0,1,0,1,0,0,0,1,0,0,0,1,0,0,0,1,0,0,0,0,0,1,0,0,0,1,0,0,0,0,0,1,0,1,0,0,-1,1,-1,0,0,1,0,62.06,Way Above Avg,29.86,Slightly Above Avg,7.9,Average,8.02,Average,8.67,Average,9.05,Average,4.66,Slightly Below Avg,4.78,Average,5.01,Average,4.65,Slightly Below Avg,6.94,Average,20.02,Average,10.7,Slightly Below Avg,33.34,Slightly Above Avg,52.63,Slightly Above Avg,10.04,Average,12.22,Slightly Below Avg,16.21,Average,20.65,Average,31.15,Slightly Above Avg,92.45,Way Above Avg,27.28,Way Above Avg,6.22,Slightly Below Avg,44.44,Slightly Above Avg,2,5,10,,,,,,A,Good,A,Good,No
4322,,3,LGGS,1,0,1,0,1,0,1,0,1,0,1,0,1,0,1,0,1,0,1,0,1,0,1,0,1,0,1,0,1,0,1,0,1,0,1,0,1,1,1,0,1,1,1,0,1,0,1,0,17.86,Average,11.99,Average,6.91,Average,5.06,Slightly Below Avg,7.15,Average,12.85,Slightly Above Avg,4.29,Slightly Below Avg,3.34,Slightly Below Avg,4.94,Average,3.79,Slightly Below Avg,4.26,Average,10.09,Slightly Below Avg,18.7,Average,21.46,Average,17.63,Average,17.2,Average,21.35,Average,19.93,Slightly Above Avg,10.44,Way Below Avg,15.59,Average,12.58,Way Below Avg,5.06,Slightly Below Avg,6.36,Slightly Below Avg,26.97,Average,1,1,26,,,,,,86.67%,Good,52.00%,Average,No
4335,10,2,LGGS,1,0,0,0,0,-1,0,0,0,0,0,0,0,0,0,0,1,-1,0,-1,1,-1,0,0,0,0,1,0,1,0,0,0,0,0,1,0,0,0,0,0,0,0,0,-1,1,0,1,-1,65.05,Slightly Above Avg,59.25,Slightly Above Avg,60.72,Way Above Avg,15.53,Slightly Above Avg,7.85,Average,26.79,Slightly Above Avg,11.15,Average,13.53,Slightly Above Avg,19.09,Way Above Avg,45.54,Way Above Avg,25.37,Way Above Avg,37.54,Average,18.22,Average,74.22,Slightly Above Avg,40.91,Slightly Above Avg,30.74,Slightly Above Avg,27.66,Average,8.48,Slightly Below Avg,48.62,Slightly Above Avg,24.34,Average,21.2,Slightly Below Avg,63.98,Way Above Avg,15.09,Slightly Above Avg,96.04,Way Above Avg,5,1,2,No,No,No,No,No,73.33%,Above Average,72.00%,Above Average,Yes
4336,9,3,LGGS,1,0,1,0,1,0,1,1,1,0,1,0,1,0,1,0,1,0,1,0,1,0,0,0,1,0,1,0,1,0,0,0,1,0,1,0,0,0,0,0,1,0,1,0,1,1,1,0,13.2,Average,8.03,Slightly Below Avg,4.45,Slightly Below Avg,2.95,Way Below Avg,6.6,Average,5.12,Slightly Below Avg,5.4,Average,6.3,Average,6.98,Slightly Above Avg,5.7,Average,4.29,Average,15.31,Slightly Below Avg,12.75,Slightly Below Avg,18.51,Average,18.09,Average,8.85,Slightly Below Avg,12.81,Slightly Below Avg,8.92,Slightly Below Avg,10.74,Slightly Below Avg,10.34,Way Below Avg,13.01,Slightly Below Avg,5.34,Slightly Below Avg,4.94,Way Below Avg,22.11,Average,1,1,22,,,,,,C,Average,B,Above Average,Yes
4337,9,3,LGGS,1,-1,1,0,1,0,1,0,1,0,1,0,1,0,1,0,1,0,1,0,1,-1,1,0,1,0,1,0,1,0,0,0,1,0,1,0,1,0,1,0,1,0,1,0,1,0,1,-1,101.16,Way Above Avg,20.5,Slightly Above Avg,13.28,Slightly Above Avg,10.74,Slightly Above Avg,15.02,Slightly Above Avg,11.27,Slightly Above Avg,9.94,Slightly Above Avg,6.68,Average,6.84,Slightly Above Avg,10.88,Slightly Above Avg,13.49,Way Above Avg,21.85,Average,19.86,Average,33.03,Slightly Above Avg,28.46,Slightly Above Avg,28.38,Slightly Above Avg,18.65,Average,19.34,Average,23.87,Average,27.63,Slightly Above Avg,33.19,Average,14.93,Slightly Above Avg,13.26,Slightly Above Avg,103.87,Way Above Avg,1,2,20,,,,,,A,Good,A,Good,No
4343,9,3,LGGS,1,0,0,0,1,0,1,-1,1,0,1,0,1,0,1,0,1,0,1,0,1,0,1,0,1,0,1,0,1,-1,0,0,1,0,0,0,1,0,1,0,1,0,1,0,1,1,1,0,17.13,Average,10.1,Slightly Below Avg,6.95,Average,19.25,Way Above Avg,5.42,Average,7.27,Average,9.42,Slightly Above Avg,6.04,Average,6.76,Slightly Above Avg,4.18,Slightly Below Avg,8.67,Slightly Above Avg,14.47,Slightly Below Avg,12.58,Slightly Below Avg,15.32,Average,57.38,Way Above Avg,11.06,Average,12.04,Slightly Below Avg,4.82,Way Below Avg,21.05,Average,13.92,Slightly Below Avg,23.06,Average,9.57,Average,5.08,Way Below Avg,48.1,Slightly Above Avg,1,1,20,,,,,,86.67%,Good,88.00%,Good,No
4344,10,3,LGGS,1,-1,1,0,1,-1,1,-1,1,-1,1,-1,1,-1,1,-1,1,-1,1,0,1,0,1,-1,0.5,-1,1,0,1,0,0,0,1,0,1,0,1,0,1,0,1,0,1,0,1,0,0,-1,155.13,Way Above Avg,20.91,Slightly Above Avg,17.22,Way Above Avg,13.28,Way Above Avg,43.95,Way Above Avg,20.21,Way Above Avg,18.81,Way Above Avg,16.33,Way Above Avg,14.06,Way Above Avg,7.7,Average,7.58,Slightly Above Avg,81.04,Way Above Avg,57.26,Way Above Avg,12.23,Slightly Below Avg,28.59,Slightly Above Avg,24.16,Slightly Above Avg,19.42,Average,11.31,Average,22.34,Average,16.83,Average,14.66,Slightly Below Avg,15.41,Slightly Above Avg,10.82,Slightly Above Avg,113.09,Way Above Avg,1,1,10.5,,,,,,A,Good,A,Good,No
4350,11,3,LGGS,1,0,1,0,1,0,1,0,1,0,1,0,1,0,1,0,1,0,1,0,1,0,1,0,1,0,0,-1,1,0,0,0,0,0,1,0,1,0,1,0,1,0,1,0,1,0,1,0,28.1,Slightly Above Avg,8.61,Slightly Below Avg,9.54,Slightly Above Avg,7.08,Average,5.48,Average,5.73,Average,4.82,Slightly Below Avg,4.93,Average,9.38,Slightly Above Avg,4.21,Slightly Below Avg,4.14,Slightly Below Avg,11.06,Slightly Below Avg,21.14,Average,69.33,Way Above Avg,28.48,Slightly Above Avg,13.13,Average,19,Average,11.98,Average,12.02,Slightly Below Avg,18.65,Average,25.62,Average,9.56,Average,5.77,Slightly Below Avg,27.77,Average,1,1,20,No,No,No,No,No,75.00%,Above Average,80.00%,Above Average,Yes
4356,,3,LGGS,1,0,1,0,1,0,1,0,1,0,1,0,1,0,1,-1,1,0,1,0,1,0,1,0,1,0,1,0,1,-1,0,0,0,0,0,0,1,0,1,-1,0,0,1,0,1,0,1,-1,34.82,Slightly Above Avg,17.62,Average,12.38,Slightly Above Avg,11.94,Slightly Above Avg,11.88,Average,6.74,Average,8.87,Slightly Above Avg,12.21,Way Above Avg,6.04,Average,8.17,Average,7.3,Slightly Above Avg,25.99,Average,41.71,Slightly Above Avg,25.73,Slightly Above Avg,58.24,Way Above Avg,10.47,Average,12.41,Slightly Below Avg,10.12,Average,25.32,Average,69.59,Way Above Avg,27.48,Average,7.63,Average,8.42,Average,173.59,Way Above Avg,1,1,16,No,No,No,No,No,75.00%,Above Average,80.00%,Above Average,Yes
4360,,3,LGGS,1,-1,0,-1,1,-1,0,-1,1,-1,1,0,1,-1,1,0,1,-1,1,-1,1,0,0,-1,0,0,1,-1,1,-1,0,0,1,0,0,0,1,0,0,0,0,0,1,0,1,0,1,0,110.52,Way Above Avg,49.63,Way Above Avg,52.06,Way Above Avg,27.39,Way Above Avg,27.25,Way Above Avg,8.86,Average,15.48,Way Above Avg,9.27,Slightly Above Avg,10.66,Way Above Avg,46.73,Way Above Avg,11.49,Slightly Above Avg,82.1,Way Above Avg,15.01,Average,87.62,Way Above Avg,77.71,Way Above Avg,23.47,Slightly Above Avg,21.61,Average,10.16,Average,25.1,Average,20.26,Average,47.57,Slightly Above Avg,9.79,Average,7.05,Average,58.05,Slightly Above Avg,2,2,5,,,,,,A*,Excellent,A*,Excellent,No
4374,9,3,LGGS,1,-1,0,-1,1,-1,1,-1,1,0,1,0,1,-1,1,-1,1,0,1,0,1,0,1,0,1,-1,1,0,1,0,0,0,0,0,0,0,1,0,0,0,1,0,1,0,1,0,1,-1,83.35,Way Above Avg,65.1,Way Above Avg,15.32,Way Above Avg,16.14,Way Above Avg,9.67,Average,16.22,Slightly Above Avg,31.59,Way Above Avg,14.44,Way Above Avg,9.53,Slightly Above Avg,8.12,Average,6.86,Average,19.3,Average,50.98,Way Above Avg,45.34,Slightly Above Avg,23.18,Average,11.92,Average,12.85,Slightly Below Avg,9.96,Average,22.98,Average,22.46,Average,31.32,Average,8.58,Average,8.34,Average,64.9,Way Above Avg,2,2,11,,,,,,A*,Excellent,A*,Excellent,No
4376,9,3,LGGS,1,0,1,0,1,0,1,0,1,0,1,0,1,0,1,0,0,0,1,0,1,0,1,0,1,0,0,0,1,0,0,0,1,0,1,-1,1,0,1,-1,1,-1,1,0,1,0,1,0,17.09,Average,19.97,Slightly Above Avg,7.26,Average,7.26,Average,9.69,Average,7.46,Average,5.79,Average,4.78,Average,6.64,Average,10.11,Slightly Above Avg,6.84,Average,59.9,Slightly Above Avg,25.05,Average,18.82,Average,12.78,Slightly Below Avg,13.17,Average,36.84,Slightly Above Avg,87.89,Way Above Avg,37.34,Slightly Above Avg,62.05,Way Above Avg,86.76,Way Above Avg,7.57,Average,15.68,Slightly Above Avg,33.18,Average,1,2,18,No,No,No,No,No,90.00%,Excellent,80.00%,Good,No
4381,8,2,LGGS,1,0,1,0,1,0,1,0,1,0,0,0,1,0,1,0,1,0,1,0,1,0,0,-1,0,0,1,0,0,0,1,0,1,0,0,0,1,0,0,-1,0,0,1,0,1,0,1,0,89.47,Slightly Above Avg,34.24,Average,5.99,Slightly Below Avg,11.86,Slightly Above Avg,12.7,Average,15.18,Slightly Above Avg,12.12,Average,7.31,Average,7.89,Average,15.88,Slightly Above Avg,12.45,Slightly Above Avg,114.53,Way Above Avg,9.1,Way Below Avg,52.55,Slightly Above Avg,50.58,Slightly Above Avg,17.11,Average,13.36,Slightly Below Avg,12.14,Average,52.27,Slightly Above Avg,111.8,Way Above Avg,65.91,Slightly Above Avg,18.89,Slightly Above Avg,8.88,Average,49.66,Average,1,3,15,No,No,No,No,No,75.00%,Above Average,85.00%,Good,Yes
4749,10,3,LGGS,1,0,1,0,1,0,1,0,1,0,1,0,1,0,1,0,1,0,1,0,1,0,1,0,1,0,1,0,1,0,0,0,0,0,0,0,1,0,1,0,1,0,1,0,1,0,1,0,47.36,Slightly Above Avg,9.66,Slightly Below Avg,7.81,Average,6.55,Average,8.58,Average,9.62,Average,5.98,Average,6.68,Average,5.07,Average,6.64,Average,4.94,Average,15.74,Average,19.45,Average,14.74,Average,22.26,Average,10.18,Average,22.44,Average,29.51,Slightly Above Avg,10.79,Slightly Below Avg,13.16,Slightly Below Avg,14.17,Slightly Below Avg,5.64,Slightly Below Avg,7.52,Average,30.5,Average,1,1,21,No,No,No,Not Sure,No,75.00%,Good,85.00%,Good,Yes
4764,,3,LGGS,1,0,1,0,1,-1,1,0,1,-1,0,0,1,0,1,0,1,0,1,0,1,0,0.5,0,1,0,1,-1,1,0,1,-1,0,-1,0,-1,0,-1,0,0,0,0,1,-1,1,0,1,-1,44.1,Slightly Above Avg,10.61,Average,16.54,Way Above Avg,11.48,Slightly Above Avg,77.38,Way Above Avg,8.62,Average,6.45,Average,5.94,Average,6.15,Average,9.67,Slightly Above Avg,8.42,Slightly Above Avg,27.44,Average,13.62,Average,46.7,Way Above Avg,27.33,Slightly Above Avg,30.76,Way Above Avg,44.19,Way Above Avg,53.13,Way Above Avg,49.99,Way Above Avg,11.28,Slightly Below Avg,11.94,Way Below Avg,22.43,Way Above Avg,12.78,Slightly Above Avg,87.92,Way Above Avg,1,2,8.5,,,,,,75.00%,Good,80.00%,Good,Yes
4780,10,3,LGGS,1,0,1,0,1,0,1,0,1,0,1,0,1,0,1,0,1,0,1,0,1,-1,1,0,1,0,1,0,0,0,0,-1,1,0,1,0,1,0,1,0,0,0,1,0,1,0,1,0,13.06,Average,30.05,Slightly Above Avg,6.59,Average,7.65,Average,15.75,Slightly Above Avg,10.03,Average,8.78,Slightly Above Avg,5.86,Average,5.3,Average,11.04,Slightly Above Avg,12.75,Way Above Avg,24.92,Average,39.02,Slightly Above Avg,17.79,Average,17.05,Average,56.02,Way Above Avg,23.78,Average,25.58,Slightly Above Avg,28.58,Slightly Above Avg,17.82,Average,32.81,Average,10.13,Average,8.68,Average,23.38,Average,1,1,19,No,No,No,No,No,90.00%,Excellent,95.00%,Excellent,No
4786,9,3,LGGS,1,-1,1,0,1,0,1,0,1,0,0,0,1,0,1,0,1,0,1,0,1,0,1,0,1,0,1,0,1,0,0,0,1,0,0,0,1,-1,1,0,1,-1,1,0,1,0,1,0,148.2,Way Above Avg,11.6,Average,10.41,Slightly Above Avg,8.94,Average,11.5,Average,12.86,Slightly Above Avg,8.77,Slightly Above Avg,7.15,Average,6.87,Slightly Above Avg,8.94,Slightly Above Avg,9.46,Slightly Above Avg,29.02,Average,21.16,Average,30.14,Slightly Above Avg,33.73,Slightly Above Avg,15.74,Average,19.55,Average,19.42,Average,47.06,Way Above Avg,27.3,Slightly Above Avg,175.85,Way Above Avg,13.19,Slightly Above Avg,9.64,Average,34.78,Average,2,2,18,,,,,,A*,Excellent,B,Above Average,No
4799,9,2,LGGS,1,1,1,0,1,0,1,0,1,0,1,1,1,1,1,0,0,0,1,1,1,1,1,0,1,1,1,1,0,0,0,0,0,0,1,0,1,0,1,0,1,1,1,0,1,0,1,0,9.68,Way Below Avg,9.46,Slightly Below Avg,4.95,Slightly Below Avg,9.06,Average,14.36,Average,3.44,Way Below Avg,4.26,Way Below Avg,4.24,Slightly Below Avg,3.33,Way Below Avg,3.54,Way Below Avg,3.54,Way Below Avg,38.74,Average,9.34,Way Below Avg,10.09,Way Below Avg,14.26,Slightly Below Avg,3.22,Way Below Avg,10.41,Slightly Below Avg,13.83,Average,15.6,Slightly Below Avg,19.2,Slightly Below Avg,12.57,Way Below Avg,7.03,Slightly Below Avg,6.57,Slightly Below Avg,20.14,Slightly Below Avg,1,1,28,,,,,,Above Average,Above Average,Above Average,Above Average,No
4802,,2,LGGS,0,0,1,0,1,0,1,0,1,0,1,-1,1,0,1,0,1,0,1,-1,1,0,1,0,1,0,1,-1,0,0,0,0,1,-1,1,0,1,0,1,0,1,0,1,0,1,0,1,0,23.56,Average,46.05,Slightly Above Avg,8.19,Average,8.68,Average,7.41,Slightly Below Avg,170.98,Way Above Avg,9.98,Average,8.48,Average,7.1,Average,56.8,Way Above Avg,9.83,Slightly Above Avg,61.92,Slightly Above Avg,14.67,Slightly Below Avg,94.82,Way Above Avg,59.04,Slightly Above Avg,11.76,Average,56.83,Way Above Avg,17.02,Average,43.47,Slightly Above Avg,24.14,Average,20.57,Slightly Below Avg,16.1,Average,8.96,Average,24.84,Slightly Below Avg,1,3,17,No,No,No,No,No,90.00%,Excellent,85.00%,Good,No
4803,8,2,LGGS,1,-1,0,0,1,-1,1,-1,1,-1,0,-1,1,-1,0,0,1,-1,1,-1,1,-1,0,0,0,0,1,0,1,-1,0,-1,1,0,0,0,0,0,0,0,0,0,1,0,1,-1,1,0,173.04,Way Above Avg,52.31,Slightly Above Avg,49.46,Way Above Avg,29.37,Way Above Avg,74.08,Way Above Avg,37.73,Way Above Avg,25.99,Way Above Avg,9.42,Average,22.16,Way Above Avg,29.31,Way Above Avg,22.25,Way Above Avg,31.79,Average,41.97,Slightly Above Avg,50.32,Slightly Above Avg,96.18,Way Above Avg,86.13,Way Above Avg,28.21,Average,25.22,Slightly Above Avg,42.73,Slightly Above Avg,41.59,Slightly Above Avg,80.79,Slightly Above Avg,29.17,Slightly Above Avg,29.84,Way Above Avg,39.34,Average,2,2,2,,,,,,A*,Excellent,A*,Excellent,No
4827,,2,LGGS,1,0,1,0,1,0,1,0,1,0,1,0,1,0,1,0,1,0,1,0,1,0,1,0,1,0,1,0,1,-1,0,0,0,0,1,0,1,0,1,0,0,0,1,0,1,0,1,0,21.2,Average,14.46,Average,10.22,Average,7.29,Average,7.94,Average,7.44,Average,7.45,Average,7.74,Average,6.26,Average,5.12,Slightly Below Avg,5.7,Average,52.23,Average,26.17,Average,20.16,Average,199.28,Way Above Avg,13.36,Average,19.25,Average,11.07,Average,20.87,Average,26.61,Average,69.2,Slightly Above Avg,12.34,Average,14.53,Slightly Above Avg,36.86,Average,1,1,20,No,No,No,No,No,90.00%,Excellent,75.00%,Good,No
4842,9,2,LGGS,1,1,1,1,1,1,1,1,1,1,1,1,1,1,1,0,1,0,1,0,1,1,1,1,1,1,0,0,1,0,0,0,0,0,1,1,1,0,1,0,0,0,1,1,1,1,1,1,7.39,Way Below Avg,6.81,Way Below Avg,4.26,Way Below Avg,3.44,Way Below Avg,2.54,Way Below Avg,3.55,Way Below Avg,4.22,Way Below Avg,4.18,Slightly Below Avg,5.74,Average,5.25,Slightly Below Avg,2.92,Way Below Avg,10.01,Way Below Avg,6.22,Way Below Avg,11.88,Slightly Below Avg,25.27,Average,12.78,Average,4.74,Way Below Avg,2.69,Way Below Avg,19.77,Slightly Below Avg,17.41,Slightly Below Avg,21.24,Slightly Below Avg,4.77,Way Below Avg,4.59,Way Below Avg,10.46,Way Below Avg,1,1,34,,,,,,Above Average,Above Average,Average,Average,No
4846,9,2,LGGS,1,0,1,0,1,0,1,-1,1,-1,1,0,1,-1,1,0,1,0,1,0,1,0,0.5,-1,0,0,0,0,1,0,0,-1,0,0,1,0,1,0,0,0,0,0,1,-1,1,0,1,0,65.31,Slightly Above Avg,18.22,Average,6.94,Average,117.27,Way Above Avg,86.86,Way Above Avg,11.78,Average,32.4,Way Above Avg,12.89,Slightly Above Avg,6.82,Average,6.92,Average,5.8,Average,105.08,Way Above Avg,31.77,Average,29.75,Average,34.54,Slightly Above Avg,52.33,Way Above Avg,32.21,Slightly Above Avg,15.85,Average,49.5,Slightly Above Avg,31.12,Average,71.85,Slightly Above Avg,33.71,Way Above Avg,13.79,Slightly Above Avg,30.9,Average,1,2,11.5,No,No,No,No,No,80.00%,Above Average,85.00%,Good,Yes
4847,7,2,LGGS,1,0,1,-1,0,-1,0,0,1,0,0,0,0,0,0,0,1,0,0,0,1,0,0,0,0,0,0,-1,0,-1,1,0,0,0,1,1,0,0,0,-1,0,-1,0,0,0,0,1,0,31.53,Average,152.67,Way Above Avg,44.29,Way Above Avg,13.94,Slightly Above Avg,8.98,Average,13.62,Average,11.63,Average,6.23,Average,9.21,Slightly Above Avg,9.27,Average,5.3,Slightly Below Avg,28,Average,18.66,Average,251.22,Way Above Avg,151.89,Way Above Avg,8.7,Slightly Below Avg,7.9,Way Below Avg,4.47,Way Below Avg,33.85,Average,186.06,Way Above Avg,175.67,Way Above Avg,6.24,Slightly Below Avg,12,Average,27.98,Average,5,1,3,No,No,No,No,No,90.00%,Excellent,85.00%,Good,No
4852,8,2,LGGS,1,-1,0,0,1,0,1,-1,0,0,0,0,1,-1,1,0,1,-1,1,0,1,0,0,0,0,0,0,0,0,0,0,0,0,0,0,0,1,-1,1,-1,0,0,1,0,1,0,1,0,169.81,Way Above Avg,29.5,Average,13.99,Slightly Above Avg,55.73,Way Above Avg,8.26,Average,17.59,Slightly Above Avg,31.56,Way Above Avg,6.34,Average,17.9,Way Above Avg,13.26,Average,6.87,Average,23.4,Slightly Below Avg,10.07,Slightly Below Avg,33.54,Average,25.59,Average,13.24,Average,14.42,Average,6.22,Way Below Avg,116.07,Way Above Avg,60,Way Above Avg,92.66,Slightly Above Avg,10.32,Average,8.69,Average,57.8,Slightly Above Avg,2,1,7,,,,,,A*,Excellent,A*,Excellent,No
4854,8,2,LGGS,1,0,1,0,1,0,1,0,1,-1,1,-1,1,0,1,0,1,-1,1,0,1,-1,1,0,0.5,-1,0,0,0,0,0,0,1,-1,1,-1,1,0,1,0,0,-1,1,0,1,0,1,0,54.18,Slightly Above Avg,38.86,Slightly Above Avg,13.16,Slightly Above Avg,11.94,Slightly Above Avg,43.82,Way Above Avg,33.97,Way Above Avg,7.72,Average,12.64,Slightly Above Avg,15.57,Way Above Avg,7.16,Average,34.83,Way Above Avg,59.95,Slightly Above Avg,73.13,Way Above Avg,53.19,Slightly Above Avg,64.1,Slightly Above Avg,14.2,Average,56.29,Way Above Avg,49.65,Way Above Avg,33.9,Average,27.11,Average,139.28,Way Above Avg,13.02,Average,8.25,Average,46.96,Average,1,1,11.5,No,No,No,No,No,80.00%,Good,88.00%,Good,Yes
4859,9,2,LGGS,1,-1,1,-1,1,-1,1,-1,1,0,1,-1,1,0,1,-1,1,0,1,-1,1,-1,1,0,1,0,1,-1,0,0,0,0,1,-1,0,0,1,0,0,-1,0,0,1,0,1,0,1,0,131.09,Way Above Avg,86.47,Way Above Avg,54.53,Way Above Avg,24.47,Way Above Avg,20.77,Slightly Above Avg,38.81,Way Above Avg,11.68,Average,19.53,Way Above Avg,8.81,Slightly Above Avg,28.4,Way Above Avg,24.14,Way Above Avg,70.48,Slightly Above Avg,66.58,Slightly Above Avg,146.64,Way Above Avg,61.13,Slightly Above Avg,28.6,Slightly Above Avg,102.81,Way Above Avg,43.22,Slightly Above Avg,57.63,Slightly Above Avg,136.47,Way Above Avg,68.91,Slightly Above Avg,15.86,Average,13.7,Slightly Above Avg,34.99,Average,1,1,8,,,,,,A*,Excellent,A*,Excellent,No
4869,8,2,LGGS,1,0,1,-1,1,-1,1,0,1,-1,0,0,1,0,0,0,1,1,0,0,1,0,0,0,0,0,0,0,1,0,0,0,0,0,1,0,0,0,0,0,0,0,1,0,1,0,1,0,35.3,Average,73.38,Way Above Avg,37.96,Way Above Avg,12.26,Slightly Above Avg,37.26,Way Above Avg,22.83,Slightly Above Avg,8.34,Average,3.88,Way Below Avg,3.74,Way Below Avg,3.84,Way Below Avg,4.05,Slightly Below Avg,36.08,Average,50.03,Slightly Above Avg,85.79,Slightly Above Avg,47.66,Slightly Above Avg,28.2,Slightly Above Avg,11.13,Slightly Below Avg,9.83,Slightly Below Avg,35.01,Average,48.49,Slightly Above Avg,29.72,Average,17.94,Slightly Above Avg,6.64,Slightly Below Avg,24.55,Slightly Below Avg,1,3,11,No,No,No,No,No,90.00%,Good,95.00%,Excellent,No
4876,9,2,LGGS,1,0,1,0,1,-1,1,0,1,0,1,0,1,-1,1,0,1,-1,1,0,1,0,1,0,1,0,1,-1,1,0,1,0,1,0,0,-1,1,0,1,-1,0,0,1,0,1,0,1,0,95.81,Slightly Above Avg,53.57,Slightly Above Avg,27.48,Way Above Avg,9.9,Average,19.54,Slightly Above Avg,24.26,Slightly Above Avg,23.03,Way Above Avg,13.1,Slightly Above Avg,33.74,Way Above Avg,9.46,Average,5.2,Slightly Below Avg,28.89,Average,25.5,Average,90.65,Way Above Avg,19.74,Average,40.54,Slightly Above Avg,35.8,Slightly Above Avg,47.76,Way Above Avg,27.08,Average,68.54,Way Above Avg,38.41,Average,22.53,Slightly Above Avg,8.94,Average,65.06,Slightly Above Avg,1,1,16,No,No,No,No,No,80.00%,Good,70.00%,Above Average,Yes
4879,,2,LGGS,1,-1,1,0,1,0,1,0,1,0,1,0,1,0,1,0,1,0,1,0,1,0,1,0,1,-1,1,0,0,0,0,0,0,0,0,0,1,0,1,0,1,0,1,0,1,0,1,0,121.69,Way Above Avg,37.87,Slightly Above Avg,12.35,Slightly Above Avg,12.03,Slightly Above Avg,22.08,Slightly Above Avg,18.58,Slightly Above Avg,18.14,Slightly Above Avg,9.02,Average,5.78,Average,17.81,Slightly Above Avg,5.21,Slightly Below Avg,45.63,Average,108.3,Way Above Avg,25.99,Average,39.66,Slightly Above Avg,14.47,Average,37.53,Slightly Above Avg,42.96,Slightly Above Avg,43.13,Slightly Above Avg,32.01,Average,34.7,Average,12.39,Average,9.95,Average,74.21,Slightly Above Avg,1,2,18,,,,,,A*,Excellent,B,Above Average,No
4887,8,2,LGGS,1,-1,1,0,1,0,1,0,0,-1,1,0,0,0,1,0,0,0,1,0,1,0,0,-1,0,0,1,-1,0,-1,1,0,0,0,1,0,0,0,0,0,0,0,1,0,1,0,1,-1,138.08,Way Above Avg,42.2,Slightly Above Avg,14,Slightly Above Avg,15.23,Slightly Above Avg,38.02,Way Above Avg,7.43,Average,8.44,Average,9.04,Average,6.62,Average,13.69,Slightly Above Avg,6.62,Average,98.23,Way Above Avg,7.77,Way Below Avg,140.15,Way Above Avg,158.85,Way Above Avg,12.49,Average,17.9,Average,6.54,Slightly Below Avg,17.21,Slightly Below Avg,43.45,Slightly Above Avg,19.54,Slightly Below Avg,6.39,Slightly Below Avg,6.11,Slightly Below Avg,124.84,Way Above Avg,1,1,8,,,,,,A*,Excellent,A*,Excellent,No
4888,,2,LGGS,1,-1,1,0,1,0,1,0,1,-1,1,0,1,0,1,0,1,0,1,-1,1,0,1,0,1,0,1,0,1,0,1,0,0,-1,1,0,1,0,1,0,1,0,1,0,1,0,1,0,201.91,Way Above Avg,24.99,Average,10.7,Average,7.99,Average,36.51,Way Above Avg,13.99,Slightly Above Avg,12.1,Average,8.02,Average,15.26,Slightly Above Avg,77.35,Way Above Avg,6.08,Average,39.8,Average,44.68,Slightly Above Avg,17.47,Average,34.86,Slightly Above Avg,40.26,Slightly Above Avg,68.73,Way Above Avg,43.37,Slightly Above Avg,33.92,Average,37.14,Slightly Above Avg,31.87,Average,14.08,Average,13.9,Slightly Above Avg,59.86,Slightly Above Avg,1,2,19,,,,,,A*,Excellent,A,Good,No
4910,8,2,LGGS,1,-1,0,0,1,0,1,0,1,0,1,0,0,0,1,0,1,0,1,0,1,0,1,0,0,-1,1,0,0,0,0,0,0,-1,1,0,1,0,1,-1,0,0,1,-1,1,0,1,0,198.08,Way Above Avg,44.29,Slightly Above Avg,8.87,Average,5.85,Slightly Below Avg,33.68,Slightly Above Avg,20.66,Slightly Above Avg,8.78,Average,9.38,Average,6.74,Average,8.53,Average,12.03,Slightly Above Avg,58.48,Slightly Above Avg,76.56,Way Above Avg,79.97,Slightly Above Avg,33.18,Average,19.77,Average,57.51,Way Above Avg,27.89,Slightly Above Avg,34.96,Average,102.78,Way Above Avg,72.6,Slightly Above Avg,36.95,Way Above Avg,8.9,Average,61.79,Slightly Above Avg,1,2,12,,,,,,A*,Excellent,A,Good,No
4911,9,2,LGGS,1,0,1,0,1,-1,1,0,1,0,1,0,1,0,1,-1,1,0,1,0,1,0,1,-1,0,0,1,0,1,0,0,-1,0,-1,0,-1,1,-1,1,-1,0,0,1,-1,1,0,1,0,53.18,Slightly Above Avg,26.16,Average,28.54,Way Above Avg,11.57,Slightly Above Avg,28.1,Slightly Above Avg,22.81,Slightly Above Avg,18.1,Slightly Above Avg,23.46,Way Above Avg,12.21,Slightly Above Avg,19.26,Slightly Above Avg,13.91,Slightly Above Avg,117.93,Way Above Avg,62.51,Slightly Above Avg,50.06,Slightly Above Avg,29.23,Average,85.97,Way Above Avg,114.05,Way Above Avg,82.13,Way Above Avg,123.06,Way Above Avg,184.03,Way Above Avg,77.71,Slightly Above Avg,37.55,Way Above Avg,7.42,Slightly Below Avg,29.78,Average,2,1,10,No,No,No,Yes,No,80.00%,Good,90.00%,Excellent,Yes
4919,8,2,LGGS,1,0,1,-1,1,0,1,0,1,0,1,0,1,0,1,0,1,0,1,0,1,0,1,0,1,0,1,0,1,-1,0,0,1,0,1,0,0,0,0,0,0,0,0,0,1,0,1,0,103.66,Slightly Above Avg,81.52,Way Above Avg,16.77,Slightly Above Avg,13.38,Slightly Above Avg,16.89,Average,10.87,Average,9.45,Average,9.31,Average,8.38,Average,8.09,Average,6.74,Average,45.34,Average,37.02,Average,36.76,Average,96.55,Way Above Avg,13.82,Average,22.68,Average,7.3,Slightly Below Avg,21.34,Average,26.96,Average,44.03,Average,9.67,Average,16.66,Slightly Above Avg,46.74,Average,1,1,17,,,,,,85.00%,Good,90.00%,Good,Yes
4927,9,3,LGGS,1,-1,0,0,1,-1,1,0,1,0,0,0,1,-1,1,0,1,0,1,0,1,0,1,-1,0,-1,0,-1,1,0,1,-1,0,0,0,0,1,-1,1,0,0,0,1,-1,1,0,1,0,148.92,Way Above Avg,25.77,Slightly Above Avg,22.73,Way Above Avg,8.94,Average,11.36,Average,14.99,Slightly Above Avg,15.81,Way Above Avg,11.01,Slightly Above Avg,8.45,Slightly Above Avg,11.29,Slightly Above Avg,7.7,Slightly Above Avg,77.49,Way Above Avg,72.94,Way Above Avg,62.15,Way Above Avg,35.45,Slightly Above Avg,28.88,Way Above Avg,12.1,Slightly Below Avg,8.93,Slightly Below Avg,58.66,Way Above Avg,22.18,Average,24.38,Average,24.43,Way Above Avg,11.17,Slightly Above Avg,42.38,Slightly Above Avg,2,3,8,,,,,,A*,Excellent,A*,Excellent,No
4933,9,2,LGGS,1,-1,1,0,1,-1,1,0,1,0,1,0,1,0,1,0,1,0,0,0,0,0,0.5,0,0,-1,0,-1,0,-1,0,-1,0,0,1,0,0,0,0,0,0,0,0,0,0,0,1,-1,185.46,Way Above Avg,46.94,Slightly Above Avg,370.43,Way Above Avg,13.55,Slightly Above Avg,12.49,Average,16.9,Slightly Above Avg,17.44,Slightly Above Avg,7.89,Average,8.38,Average,13.52,Slightly Above Avg,8.35,Average,85.14,Slightly Above Avg,98.54,Way Above Avg,144.14,Way Above Avg,107.24,Way Above Avg,50.77,Way Above Avg,10.74,Slightly Below Avg,16.99,Average,23.51,Average,12.33,Way Below Avg,22.13,Slightly Below Avg,6.93,Slightly Below Avg,13.8,Slightly Above Avg,120.73,Way Above Avg,1,5,4.5,,,,,,A*,Excellent,A*,Excellent,No
4951,,3,LGGS,1,-1,1,-1,1,-1,1,-1,0,-1,0,-1,1,-1,1,-1,1,-1,1,0,1,-1,1,-1,1,-1,1,0,0,-1,0,-1,0,0,1,0,1,-1,1,0,0,0,1,-1,1,0,1,0,175.69,Way Above Avg,43.02,Way Above Avg,24.52,Way Above Avg,39,Way Above Avg,54.37,Way Above Avg,20.75,Way Above Avg,78.9,Way Above Avg,13.78,Way Above Avg,10.69,Way Above Avg,10.67,Slightly Above Avg,13.52,Way Above Avg,111.27,Way Above Avg,93.94,Way Above Avg,38.37,Slightly Above Avg,144.93,Way Above Avg,32.31,Way Above Avg,9.51,Slightly Below Avg,8.98,Slightly Below Avg,45.37,Way Above Avg,17.34,Average,51.22,Slightly Above Avg,19.2,Way Above Avg,16.42,Slightly Above Avg,20.17,Average,2,5,2,,,,,,A*,Excellent,A,Good,No
4960,11,3,LGGS,1,-1,1,-1,1,0,1,0,1,0,1,0,1,0,1,0,1,-1,1,0,1,0,1,0,1,0,1,0,1,0,1,0,1,0,1,0,1,0,1,0,1,0,0,-1,1,0,1,-1,169.57,Way Above Avg,47.27,Way Above Avg,8.66,Average,7.73,Average,12.01,Average,13.94,Slightly Above Avg,13.02,Slightly Above Avg,8.7,Slightly Above Avg,12.14,Way Above Avg,10.61,Slightly Above Avg,11.35,Slightly Above Avg,17.94,Average,23.66,Average,37.7,Slightly Above Avg,23.26,Average,19.04,Slightly Above Avg,10.59,Slightly Below Avg,33.39,Slightly Above Avg,37.25,Slightly Above Avg,25.29,Slightly Above Avg,54.04,Slightly Above Avg,53.17,Way Above Avg,9.98,Average,63.7,Way Above Avg,1,4,18,,,,,,A*,Excellent,A*,Excellent,No
5002,,3,LGGS,1,1,1,0,1,0,1,1,1,1,1,1,1,1,1,1,1,1,1,1,1,1,0,0,1,0,1,0,0,0,1,0,1,1,1,1,1,0,1,0,1,0,1,1,1,1,1,0,6.46,Way Below Avg,8.01,Slightly Below Avg,9.8,Slightly Above Avg,3.25,Way Below Avg,3.29,Way Below Avg,3.6,Way Below Avg,3.74,Way Below Avg,3.14,Way Below Avg,2.56,Way Below Avg,3.51,Way Below Avg,3.05,Way Below Avg,6.43,Way Below Avg,17.46,Average,11.11,Slightly Below Avg,11.14,Slightly Below Avg,6.66,Slightly Below Avg,7.24,Way Below Avg,5.45,Way Below Avg,10.7,Slightly Below Avg,17.94,Average,14.74,Slightly Below Avg,3.3,Way Below Avg,4.27,Way Below Avg,15.78,Slightly Below Avg,1,1,35,,,,,,Above Average,Above Average,Above Average,Above Average,No
5062,9,3,LGGS,0,0,0,0,1,0,1,0,1,0,1,0,1,0,1,0,1,0,1,-1,1,0,1,0,0,0,1,0,1,0,1,0,1,0,1,-1,1,0,1,0,1,0,1,0,0,0,1,0,20.14,Average,26.95,Slightly Above Avg,4.89,Slightly Below Avg,5.67,Average,10.92,Average,10.12,Slightly Above Avg,9.69,Slightly Above Avg,5.34,Average,4.98,Average,24.5,Way Above Avg,6.88,Average,25.4,Average,19.51,Average,20.43,Average,9.18,Slightly Below Avg,12.15,Average,17.74,Average,35.41,Way Above Avg,14.68,Average,11.82,Slightly Below Avg,19.72,Average,7.22,Average,5.62,Slightly Below Avg,22.93,Average,2,2,18,No,No,No,No,No,90.00%,Good,95.00%,Excellent,No
5096,,3,LGGS,1,0,1,0,1,0,1,0,1,0,1,0,1,0,1,-1,1,0,1,0,1,0,1,0,1,0,1,0,1,-1,0,0,1,0,1,0,1,0,0,0,0,-1,1,0,1,0,1,-1,35.09,Slightly Above Avg,16.89,Average,8.98,Average,8.26,Average,13.5,Slightly Above Avg,7.99,Average,10.07,Slightly Above Avg,13.74,Way Above Avg,7.03,Slightly Above Avg,7.69,Average,8.29,Slightly Above Avg,41.73,Slightly Above Avg,10.86,Slightly Below Avg,34.98,Slightly Above Avg,56.81,Way Above Avg,15.74,Average,22.38,Average,14.65,Average,34.7,Slightly Above Avg,41.08,Slightly Above Avg,170.19,Way Above Avg,15.82,Slightly Above Avg,15.27,Slightly Above Avg,61.17,Way Above Avg,1,1,17,No,No,No,No,No,85.00%,Good,90.00%,Good,Yes
5117,9,3,LGGS,0,-1,1,-1,1,-1,1,0,1,0,0,-1,1,0,1,0,1,-1,1,-1,1,0,0.5,-1,1,0,1,0,1,-1,0,0,1,0,1,0,0,-1,0,0,0,0,1,0,1,0,1,-1,148.74,Way Above Avg,33.64,Way Above Avg,19.26,Way Above Avg,10.48,Slightly Above Avg,13.91,Slightly Above Avg,18.87,Way Above Avg,11.83,Slightly Above Avg,11.66,Slightly Above Avg,12.54,Way Above Avg,21.47,Way Above Avg,8.42,Slightly Above Avg,81.35,Way Above Avg,25.89,Average,34.51,Slightly Above Avg,113.1,Way Above Avg,11.63,Average,20.62,Average,18.07,Average,50.88,Way Above Avg,21.87,Average,55.92,Slightly Above Avg,13.04,Slightly Above Avg,10.56,Slightly Above Avg,115.3,Way Above Avg,1,4,7.5,,,,,,A*,Excellent,A*,Excellent,No
5128,10,3,LGGS,0,-1,1,-1,1,-1,1,-1,1,-1,0,0,1,-1,1,0,1,0,0,0,1,0,1,0,1,0,0,0,1,-1,0,0,1,1,0,0,0,-1,0,0,0,0,1,0,1,0,1,-1,101.19,Way Above Avg,43.93,Way Above Avg,20.83,Way Above Avg,19.62,Way Above Avg,26.93,Way Above Avg,12.89,Slightly Above Avg,17.44,Way Above Avg,11.09,Slightly Above Avg,8.8,Slightly Above Avg,9.66,Slightly Above Avg,11.75,Slightly Above Avg,58.22,Slightly Above Avg,21.87,Average,40.83,Slightly Above Avg,168.42,Way Above Avg,18.98,Slightly Above Avg,8.74,Way Below Avg,12.7,Average,76.55,Way Above Avg,12.1,Slightly Below Avg,14.98,Slightly Below Avg,15.54,Slightly Above Avg,7.23,Average,79.3,Way Above Avg,2,1,7,,,,,,A*,Excellent,A,Good,No
5150,10,3,LGGS,0,-1,1,0,1,0,1,0,0,0,1,0,0,0,0,-1,0,0,1,0,1,0,0,0,0,0,1,0,1,0,0,0,0,0,1,0,0,0,0,0,0,0,0,0,1,0,1,-1,124.58,Way Above Avg,12.13,Average,13.77,Slightly Above Avg,6.09,Average,7.76,Average,11.41,Slightly Above Avg,8.11,Average,13.15,Way Above Avg,4.76,Average,4.78,Average,10.04,Slightly Above Avg,31.27,Average,41.44,Slightly Above Avg,43.39,Slightly Above Avg,42.73,Slightly Above Avg,12.44,Average,33.35,Slightly Above Avg,12.64,Average,24.73,Average,41.53,Slightly Above Avg,61.13,Slightly Above Avg,16.61,Slightly Above Avg,16.52,Slightly Above Avg,88.26,Way Above Avg,1,1,8,,,,,,A*,Excellent,A*,Excellent,No
5155,9,3,LGGS,1,0,1,0,1,0,1,-1,1,-1,1,0,1,-1,1,-1,1,0,1,0,1,0,1,-1,1,0,1,0,1,-1,0,0,0,0,1,0,1,0,0,0,0,0,1,0,1,-1,1,-1,25.01,Slightly Above Avg,17.71,Average,7.66,Average,14.78,Way Above Avg,24.48,Way Above Avg,5.65,Average,24.22,Way Above Avg,16.24,Way Above Avg,6.88,Slightly Above Avg,5.46,Average,5.43,Average,90.61,Way Above Avg,33.91,Slightly Above Avg,45.85,Slightly Above Avg,125.81,Way Above Avg,18.67,Slightly Above Avg,19.82,Average,17.22,Average,38.87,Slightly Above Avg,21.98,Average,46.42,Slightly Above Avg,12.61,Slightly Above Avg,22.83,Way Above Avg,63.47,Way Above Avg,1,4,12,No,No,No,No,No,85.00%,Good,75.00%,Good,Yes
5157,8,2,LGGS,1,0,1,-1,1,0,1,0,1,0,0,0,1,0,1,0,1,0,0,0,1,-1,1,0,1,0,1,0,1,0,0,0,0,0,0,0,1,0,1,0,1,0,1,0,1,0,1,0,101.86,Slightly Above Avg,80.47,Way Above Avg,7.74,Average,7.09,Average,14.68,Average,19.57,Slightly Above Avg,9.05,Average,5.27,Slightly Below Avg,6.25,Average,27.54,Slightly Above Avg,22.34,Way Above Avg,32.56,Average,16.21,Average,14.89,Slightly Below Avg,16.6,Slightly Below Avg,17.35,Average,37.82,Slightly Above Avg,16.85,Average,27.59,Average,23.11,Average,41.82,Average,12.75,Average,10.42,Average,31.31,Average,1,2,17,No,No,No,No,No,85.00%,Good,90.00%,Excellent,Yes
5167,9,2,LGGS,0,0,1,0,1,0,1,0,1,0,1,1,1,0,1,0,1,1,1,0,1,0,1,0,1,0,1,0,1,0,1,0,1,0,1,0,1,0,1,0,1,0,1,0,1,0,1,0,39.1,Average,50.97,Slightly Above Avg,8.2,Average,9.64,Average,8.55,Average,4.74,Way Below Avg,5.42,Slightly Below Avg,4.97,Slightly Below Avg,4.12,Way Below Avg,6.1,Slightly Below Avg,9.3,Average,15.11,Slightly Below Avg,12.87,Slightly Below Avg,24.74,Average,34.46,Average,15.48,Average,38.81,Slightly Above Avg,7.29,Slightly Below Avg,26.6,Average,20.5,Average,24.22,Slightly Below Avg,14.78,Average,7.32,Slightly Below Avg,51.44,Slightly Above Avg,1,1,25,No,No,No,No,No,90.00%,Excellent,95.00%,Excellent,No
5187,8,2,LGGS,1,0,0,0,1,0,1,0,1,0,1,0,1,-1,1,0,0,0,1,-1,1,-1,0,0,0,0,1,0,0,0,0,0,0,0,1,0,1,0,1,0,0,-1,0,-1,1,0,1,0,19.41,Average,26.06,Average,6.52,Slightly Below Avg,7.19,Average,13.56,Average,9.1,Average,24.3,Way Above Avg,7.13,Average,7.16,Average,61.62,Way Above Avg,21.66,Way Above Avg,79.32,Slightly Above Avg,58.88,Slightly Above Avg,51.7,Slightly Above Avg,20.66,Average,7.21,Slightly Below Avg,23.89,Average,9.54,Slightly Below Avg,33.67,Average,43.27,Slightly Above Avg,122.16,Way Above Avg,57.35,Way Above Avg,7.13,Slightly Below Avg,50.66,Average,2,1,10,No,No,No,No,No,90.00%,Excellent,85.00%,Good,No
5218,8,2,LGGS,1,0,0,0,1,0,1,0,1,-1,1,0,1,0,1,0,1,0,1,0,1,0,1,-1,0,-1,0,-1,1,-1,0,0,0,-1,0,0,1,-1,0,-1,1,0,0,-1,1,0,1,0,53.96,Slightly Above Avg,32.56,Average,5.9,Slightly Below Avg,9.37,Average,52.51,Way Above Avg,21.11,Slightly Above Avg,10.16,Average,11.86,Slightly Above Avg,13.38,Slightly Above Avg,15.46,Slightly Above Avg,7.7,Average,137.37,Way Above Avg,89.81,Way Above Avg,93.14,Way Above Avg,142.15,Way Above Avg,16.06,Average,55.82,Way Above Avg,24.54,Slightly Above Avg,69.96,Way Above Avg,117.99,Way Above Avg,48.62,Average,30.94,Way Above Avg,10.94,Average,34.03,Average,3,3,7,No,No,No,No,No,85.00%,Good,90.00%,Good,Yes
5221,8,2,LGGS,1,0,0,0,1,1,1,1,1,0,0,0,1,0,1,1,1,0,1,0,1,0,1,0,1,0,1,0,1,0,0,0,0,0,1,0,1,0,1,1,0,0,1,1,1,0,1,0,35.11,Average,56.7,Slightly Above Avg,4.34,Way Below Avg,3.61,Way Below Avg,5.52,Slightly Below Avg,13.72,Slightly Above Avg,5.82,Slightly Below Avg,3.98,Way Below Avg,5.18,Slightly Below Avg,4.69,Slightly Below Avg,6.05,Average,18.26,Slightly Below Avg,31.14,Average,25.79,Average,72.06,Slightly Above Avg,7.03,Slightly Below Avg,8.87,Slightly Below Avg,13.21,Average,20.22,Slightly Below Avg,13.09,Way Below Avg,29.34,Average,5.93,Way Below Avg,7.78,Average,52.89,Slightly Above Avg,1,2,24,No,No,No,No,No,90.00%,Excellent,85.00%,Good,No
5229,,3,LGGS,1,0,1,0,1,0,1,0,1,0,1,0,1,0,1,0,1,0,1,0,1,0,1,0,1,0,1,0,0,0,0,0,1,0,1,0,1,0,1,0,1,0,1,0,1,0,1,0,43.58,Slightly Above Avg,12.53,Average,7.5,Average,5.54,Average,8.3,Average,5.34,Slightly Below Avg,5.98,Average,4.78,Average,4.68,Average,5.98,Average,4.72,Average,12.72,Slightly Below Avg,11.47,Slightly Below Avg,36.22,Slightly Above Avg,31.67,Slightly Above Avg,11.1,Average,16.67,Average,12.93,Average,14.32,Slightly Below Avg,15.88,Average,15.74,Slightly Below Avg,9.38,Average,6.65,Slightly Below Avg,37.24,Slightly Above Avg,2,1,22,No,No,No,No,No,85.00%,Good,80.00%,Above Average,Yes
5250,9,2,LGGS,1,0,1,-1,1,0,1,0,1,-1,0,-1,1,0,1,-1,1,0,1,0,1,0,0,0,0,-1,1,-1,1,-1,0,0,1,0,0,-1,1,0,0,0,0,0,1,0,1,0,1,0,73.67,Slightly Above Avg,87.14,Way Above Avg,18.18,Slightly Above Avg,12.29,Slightly Above Avg,36.56,Way Above Avg,37.1,Way Above Avg,16.93,Slightly Above Avg,17.95,Way Above Avg,9.02,Slightly Above Avg,17.67,Slightly Above Avg,7.06,Average,62.14,Slightly Above Avg,69.71,Way Above Avg,121.18,Way Above Avg,103.52,Way Above Avg,23.41,Slightly Above Avg,42.46,Slightly Above Avg,50.74,Way Above Avg,25.73,Average,30.64,Average,83.18,Slightly Above Avg,13.56,Average,10.93,Average,21.15,Slightly Below Avg,1,2,9,No,No,No,No,No,85.00%,Good,90.00%,Good,Yes
5275,8,1,LGGS,0,0,0,0,1,0,1,0,1,0,0,0,0,0,0,0,1,0,0,0,0,0,0,0,0,0,0,0,0,0,0,0,0,0,1,0,1,0,0,0,0,0,0,0,0,0,1,0,49.1,Average,34.1,Average,7.87,Slightly Below Avg,8.22,Average,15.7,Average,7.23,Slightly Below Avg,8.69,Average,5.42,Slightly Below Avg,6.15,Average,11.64,Average,5.58,Slightly Below Avg,27.25,Average,15.95,Average,45.49,Average,32.8,Average,26.2,Slightly Above Avg,19.99,Average,12.01,Average,43.71,Average,36.26,Average,18.93,Way Below Avg,26.2,Slightly Above Avg,11.27,Average,66.85,Average,1,1,7,No,No,No,No,No,90.00%,Good,85.00%,Good,No
5307,8,1,LGGS,0,-1,0,-1,1,0,1,0,1,0,1,0,1,0,1,0,1,0,1,-1,0,0,0,0,0,0,0,0,0,0,1,0,0,0,0,0,0,-1,0,0,0,-1,1,0,1,0,1,0,248.74,Way Above Avg,175.06,Way Above Avg,16.38,Slightly Above Avg,18.27,Slightly Above Avg,20.23,Average,14.16,Average,11.9,Average,16.15,Slightly Above Avg,8.09,Average,37.17,Way Above Avg,14.36,Slightly Above Avg,21.24,Slightly Below Avg,10.58,Slightly Below Avg,54.96,Average,11.89,Way Below Avg,11.96,Average,26.1,Average,7.26,Slightly Below Avg,287.87,Way Above Avg,68.33,Slightly Above Avg,189.66,Way Above Avg,15.82,Average,13.06,Average,65.35,Average,1,1,7,,,,,,A*,Excellent,A,Good,No
5335,6,1,LGGS,1,0,1,0,1,-1,0,0,1,0,1,0,0,0,1,-1,1,0,1,0,1,0,0,0,0,0,1,1,0,0,1,-1,1,0,0,0,0,0,0,0,0,0,1,-1,1,0,1,0,82.51,Slightly Above Avg,33.15,Average,67.75,Way Above Avg,19.79,Slightly Above Avg,15.82,Average,21.3,Slightly Above Avg,19.31,Slightly Above Avg,25.8,Way Above Avg,10.16,Average,21.17,Slightly Above Avg,7.38,Average,50.21,Average,13.12,Slightly Below Avg,17.15,Way Below Avg,48.14,Slightly Above Avg,42.35,Way Above Avg,42.21,Slightly Above Avg,45.54,Slightly Above Avg,66.28,Slightly Above Avg,37.12,Average,47.49,Average,41.41,Way Above Avg,12.51,Average,91.22,Slightly Above Avg,1,2,12,No,No,No,No,No,86.67%,Good,88.00%,Good,Yes
5363,8,1,LGGS,1,-1,1,-1,1,-1,1,-1,1,0,1,-1,1,-1,1,-1,1,-1,1,-1,1,-1,0,0,0,0,1,0,0,0,0,0,0,0,0,-1,0,0,0,-1,0,0,1,0,1,0,1,0,272.77,Way Above Avg,90.02,Way Above Avg,67.29,Way Above Avg,42.65,Way Above Avg,22.49,Average,37.37,Way Above Avg,55.49,Way Above Avg,27.26,Way Above Avg,24.27,Way Above Avg,57.99,Way Above Avg,25.53,Way Above Avg,28.68,Average,18.19,Average,31.82,Average,49.89,Slightly Above Avg,26.18,Slightly Above Avg,20.59,Average,64.5,Way Above Avg,61.93,Slightly Above Avg,135.18,Way Above Avg,62.35,Average,28.02,Slightly Above Avg,16.61,Slightly Above Avg,90.12,Slightly Above Avg,1,1,3,,,,,,A*,Excellent,A,Good,No
5364,8,1,LGGS,1,-1,1,0,1,0,0,-1,1,0,1,0,1,0,1,0,1,0,1,0,1,0,0.5,0,1,0,1,0,0,0,0,0,0,0,1,0,0,0,0,0,0,0,1,0,1,0,1,-1,225.48,Way Above Avg,36.07,Average,9.94,Average,30.57,Way Above Avg,30.85,Slightly Above Avg,9.62,Average,12.73,Average,9.36,Average,7.95,Average,9.98,Average,8.54,Average,67.76,Slightly Above Avg,10.98,Slightly Below Avg,98.35,Slightly Above Avg,65.99,Slightly Above Avg,16.36,Average,18.78,Average,15.87,Average,100.68,Slightly Above Avg,17.28,Way Below Avg,108.58,Slightly Above Avg,9.86,Slightly Below Avg,9.79,Average,145.37,Way Above Avg,1,2,13.5,,,,,,A*,Excellent,A*,Excellent,No
5401,8,1,LGGS,1,-1,1,0,1,-1,1,-1,1,0,1,0,0,0,1,0,0,0,1,0,0,0,0,0,0,0,0,0,0,0,0,0,0,0,0,0,0,0,0,0,0,0,0,0,1,0,1,-1,222.18,Way Above Avg,42.96,Slightly Above Avg,57.63,Way Above Avg,34.86,Way Above Avg,17.41,Average,23.82,Slightly Above Avg,17.3,Slightly Above Avg,9.65,Average,13.85,Slightly Above Avg,6.56,Average,12.45,Slightly Above Avg,47.05,Average,48.72,Slightly Above Avg,97.71,Slightly Above Avg,16.21,Slightly Below Avg,28.1,Slightly Above Avg,13.22,Slightly Below Avg,11.54,Average,79.66,Slightly Above Avg,70.17,Slightly Above Avg,38.18,Average,23.99,Slightly Above Avg,9.48,Average,185,Way Above Avg,5,3,6,,,,,,A*,Excellent,A,Good,No
5403,8,1,LGGS,1,-1,1,0,1,0,1,0,1,0,0,0,1,0,1,0,1,0,1,0,1,0,1,0,1,0,1,0,0,0,1,0,1,0,1,0,1,0,1,0,0,0,1,0,1,0,1,0,205.95,Way Above Avg,66.32,Slightly Above Avg,16.28,Slightly Above Avg,9.26,Average,34.43,Slightly Above Avg,10.48,Average,8.26,Average,8.04,Average,8.06,Average,12.69,Average,10.25,Average,50.75,Average,26.68,Average,48.41,Average,40.77,Average,24.76,Slightly Above Avg,25.46,Average,12.82,Average,22.85,Slightly Below Avg,18.26,Slightly Below Avg,25.53,Slightly Below Avg,17.13,Average,9.56,Average,63.86,Average,1,1,20,,,,,,A*,Excellent,B,Above Average,No
5419,9,1,LGGS,1,0,1,0,1,1,1,0,1,0,0,0,1,1,0,0,1,0,0,0,1,0,0,0,0,0,1,0,0,0,0,-1,1,0,0,0,1,0,1,0,0,-1,1,0,1,0,1,0,78.33,Slightly Above Avg,60.7,Slightly Above Avg,6.38,Way Below Avg,8.86,Average,8.25,Slightly Below Avg,4.33,Way Below Avg,5.33,Way Below Avg,3.62,Way Below Avg,4.32,Slightly Below Avg,5.65,Slightly Below Avg,5.22,Slightly Below Avg,53.95,Average,10.58,Slightly Below Avg,39.9,Average,46.62,Slightly Above Avg,44.8,Way Above Avg,21.02,Average,23,Slightly Above Avg,53.13,Average,55.68,Average,361.93,Way Above Avg,12.78,Average,12,Average,26.1,Slightly Below Avg,1,1,15,,,,,,86.67%,Good,80.00%,Good,Yes
5438,7,1,LGGS,1,0,1,0,0,-1,1,0,1,0,1,0,1,0,1,-1,1,0,1,0,1,0,1,0,1,0,1,0,0,0,1,-1,0,-1,0,-1,1,0,1,-1,0,0,1,-1,1,0,1,0,155.34,Slightly Above Avg,35.11,Average,86.03,Way Above Avg,23.31,Slightly Above Avg,11.89,Average,13.44,Average,23.57,Slightly Above Avg,43.38,Way Above Avg,9.56,Average,14.89,Slightly Above Avg,11.14,Slightly Above Avg,40.39,Average,51.53,Slightly Above Avg,63.54,Slightly Above Avg,38.71,Average,42.66,Way Above Avg,69.53,Way Above Avg,62.55,Way Above Avg,75.68,Slightly Above Avg,128.09,Way Above Avg,61.52,Average,39.68,Way Above Avg,14.02,Slightly Above Avg,100.82,Slightly Above Avg,1,2,12,No,No,No,No,No,90.00%,Excellent,88.00%,Good,Yes
5442,7,1,LGGS,1,-1,1,0,1,-1,1,-1,0,-1,0,0,0,0,0,-1,1,0,1,0,1,0,1,0,1,0,1,-1,0,0,0,0,1,0,0,0,0,0,0,0,0,0,1,-1,1,0,0,-1,292.3,Way Above Avg,59.47,Slightly Above Avg,82.95,Way Above Avg,52,Way Above Avg,59.14,Way Above Avg,12.48,Average,21.81,Slightly Above Avg,40.07,Way Above Avg,13.18,Slightly Above Avg,20.8,Slightly Above Avg,20.82,Slightly Above Avg,68.01,Slightly Above Avg,65.96,Slightly Above Avg,126.34,Way Above Avg,74.94,Slightly Above Avg,31.84,Slightly Above Avg,25.52,Average,18.05,Average,72.85,Slightly Above Avg,66.6,Slightly Above Avg,41.99,Average,38.74,Way Above Avg,19.25,Slightly Above Avg,106.79,Way Above Avg,2,2,5,,,,,,A*,Excellent,A*,Excellent,No
5460,8,2,LGGS,1,0,1,-1,1,0,1,0,1,-1,1,0,1,0,1,0,1,0,1,0,1,0,1,-1,1,0,1,-1,1,0,1,0,1,0,1,-1,1,0,1,0,0,-1,1,0,1,0,1,-1,73.52,Slightly Above Avg,81.95,Way Above Avg,20.18,Slightly Above Avg,7.78,Average,113.7,Way Above Avg,10.8,Average,12.66,Slightly Above Avg,8.55,Average,8.25,Average,16.12,Slightly Above Avg,9.37,Average,218.34,Way Above Avg,66.23,Slightly Above Avg,138.14,Way Above Avg,65.98,Slightly Above Avg,36.13,Slightly Above Avg,34.02,Slightly Above Avg,146.28,Way Above Avg,66.22,Slightly Above Avg,49.95,Slightly Above Avg,139.26,Way Above Avg,18.74,Slightly Above Avg,10.72,Average,110.75,Way Above Avg,1,1,16,No,No,No,No,No,90.00%,Excellent,90.00%,Excellent,Yes
5470,8,2,LGGS,0,0,0,0,1,0,1,-1,0,0,0,0,1,1,1,0,1,0,1,0,1,0,1,0,1,0,1,0,0,0,0,0,0,0,1,0,0,0,1,0,1,0,1,0,1,0,1,0,12.19,Slightly Below Avg,19.09,Average,8.32,Average,23.46,Way Above Avg,23.34,Slightly Above Avg,16.3,Slightly Above Avg,4.81,Way Below Avg,7.53,Average,5.45,Average,10.19,Average,18.37,Slightly Above Avg,51.87,Average,13.62,Slightly Below Avg,57.72,Slightly Above Avg,15.45,Slightly Below Avg,17.46,Average,15.94,Average,15.76,Average,53.18,Slightly Above Avg,23.18,Average,31.65,Average,7.45,Slightly Below Avg,7.22,Slightly Below Avg,24.07,Slightly Below Avg,1,2,16,No,No,Yes,Yes,Yes,46.67%,Below Average,56.00%,Average,Yes
5478,8,2,LGGS,1,0,0,0,1,0,1,0,0,0,1,0,0,0,0,0,0,0,1,0,1,0,0,0,0,0,1,0,1,0,0,0,1,0,1,0,1,0,1,0,1,0,1,-1,1,-1,1,-1,32.54,Average,14.25,Average,7.64,Average,6.35,Average,10.93,Average,7.16,Average,8.13,Average,6.25,Average,5.78,Average,14.79,Slightly Above Avg,4.9,Slightly Below Avg,8.22,Way Below Avg,7.64,Way Below Avg,53.53,Slightly Above Avg,12.05,Slightly Below Avg,24.43,Slightly Above Avg,38.75,Slightly Above Avg,18.12,Average,15.49,Slightly Below Avg,30.86,Average,32.69,Average,33.55,Way Above Avg,19.03,Way Above Avg,114.97,Way Above Avg,1,1,13,No,No,No,No,No,90.00%,Excellent,85.00%,Good,No
5492,9,2,LGGS,1,0,0,0,1,0,1,0,1,-1,1,0,1,0,1,0,1,-1,1,0,1,0,1,-1,1,0,1,-1,0,0,0,0,0,0,0,-1,1,-1,1,-1,0,-1,1,0,1,-1,1,0,36.14,Average,39.5,Slightly Above Avg,7.08,Average,6.27,Slightly Below Avg,61.07,Way Above Avg,14.2,Slightly Above Avg,12.16,Slightly Above Avg,10.88,Slightly Above Avg,17.6,Way Above Avg,7.65,Average,6.01,Average,108.95,Way Above Avg,11.46,Slightly Below Avg,171.38,Way Above Avg,38.97,Slightly Above Avg,6.96,Slightly Below Avg,36.18,Slightly Above Avg,87.55,Way Above Avg,88.45,Way Above Avg,99.32,Way Above Avg,136.9,Way Above Avg,16.66,Slightly Above Avg,25.86,Way Above Avg,49.9,Average,1,3,9,No,No,No,Yes,No,90.00%,Excellent,80.00%,Good,No
5500,8,2,LGGS,1,0,1,0,1,0,1,0,1,-1,1,0,1,0,1,0,1,0,1,-1,1,0,1,0,1,-1,1,0,1,0,1,0,1,0,1,0,1,0,1,0,0,-1,1,0,1,0,1,0,58.53,Slightly Above Avg,34.46,Average,17.53,Slightly Above Avg,6.95,Average,56.15,Way Above Avg,12.75,Average,9.3,Average,10.87,Slightly Above Avg,14.21,Slightly Above Avg,34.03,Way Above Avg,5.89,Average,40.75,Average,71.75,Way Above Avg,50.52,Slightly Above Avg,24.07,Average,9.24,Slightly Below Avg,28.13,Average,20.14,Average,21.61,Average,29.94,Average,151.08,Way Above Avg,16.14,Average,8.88,Average,46.03,Average,1,1,19,No,No,No,No,No,90.00%,Good,95.00%,Excellent,Yes
5507,10,2,LGGS,1,0,1,0,1,0,1,0,1,0,0,0,1,0,0,0,0,0,0,0,1,0,1,-1,1,-1,1,0,1,0,1,0,0,0,0,0,1,0,1,0,0,0,1,-1,1,-1,1,0,73.91,Slightly Above Avg,48.34,Slightly Above Avg,11.92,Slightly Above Avg,8.22,Average,12.99,Average,25.28,Slightly Above Avg,12.02,Average,9.06,Average,8.84,Slightly Above Avg,15.9,Slightly Above Avg,6.55,Average,92.06,Way Above Avg,81.38,Way Above Avg,45.38,Slightly Above Avg,37.52,Slightly Above Avg,25.47,Slightly Above Avg,32.22,Slightly Above Avg,22.27,Average,37.1,Average,19.14,Slightly Below Avg,62.59,Slightly Above Avg,54.68,Way Above Avg,21.81,Way Above Avg,42.86,Average,1,1,13,,,,,,90.00%,Excellent,75.00%,Good,Yes
5510,8,2,LGGS,1,-1,1,-1,1,0,1,0,1,0,1,-1,1,0,1,0,1,0,1,-1,1,0,1,-1,1,0,0,0,0,0,1,0,0,0,1,0,1,0,1,0,1,0,1,0,1,0,1,0,120.44,Way Above Avg,93.78,Way Above Avg,6.97,Average,6.42,Average,22.27,Slightly Above Avg,28.02,Way Above Avg,10.24,Average,8.07,Average,6.53,Average,81.81,Way Above Avg,5.97,Average,164.91,Way Above Avg,21.9,Average,74.37,Slightly Above Avg,19.24,Average,16.58,Average,17.61,Average,34.46,Slightly Above Avg,27.33,Average,37.51,Slightly Above Avg,65.73,Slightly Above Avg,14.88,Average,13.84,Slightly Above Avg,46.28,Average,1,1,16,,,,,,A*,Excellent,A,Good,No
552873,9,3,CITY_SCHOOL,1,0,1,0,1,0,1,0,1,0,1,1,1,0,1,0,1,0,1,1,1,0,1,0,1,0,1,1,1,0,0,0,1,0,0,0,1,0,1,0,0,0,1,0,1,0,1,0,9.35,Slightly Below Avg,16.46,Average,5.5,Average,5.98,Average,4.9,Slightly Below Avg,3.82,Way Below Avg,6.06,Average,3.28,Slightly Below Avg,3.38,Slightly Below Avg,3.43,Way Below Avg,4.76,Average,20.86,Average,22.26,Average,6.15,Way Below Avg,11.36,Slightly Below Avg,7.12,Slightly Below Avg,11.34,Slightly Below Avg,25.65,Slightly Above Avg,13.02,Slightly Below Avg,12.74,Slightly Below Avg,14.02,Slightly Below Avg,8.99,Average,7.42,Average,16.51,Slightly Below Avg,1,1,24,No,No,Yes,Yes,Yes,50.00%,Average,60.00%,Above Average,Yes
5529,8,2,LGGS,1,-1,0,0,1,0,1,0,1,0,0,0,1,0,1,0,1,0,1,0,0,0,0,0,0,0,1,0,0,0,1,0,1,0,1,0,1,0,1,0,0,0,0,0,1,-1,1,0,121.81,Way Above Avg,50.36,Slightly Above Avg,11.89,Slightly Above Avg,14.09,Slightly Above Avg,31.3,Slightly Above Avg,23.56,Slightly Above Avg,12.53,Slightly Above Avg,6.19,Average,7.33,Average,11.79,Average,10.29,Slightly Above Avg,54.52,Slightly Above Avg,15.34,Slightly Below Avg,43,Average,31.23,Average,19.71,Average,21.95,Average,20.28,Average,21.19,Average,26.85,Average,31.71,Average,8.65,Slightly Below Avg,22.79,Way Above Avg,54.47,Slightly Above Avg,1,1,14,,,,,,A*,Excellent,A,Good,No
5543,10,2,LGGS,1,-1,1,0,0,-1,1,-1,1,-1,1,0,0,0,1,0,1,0,0,0,1,-1,0,0,0,0,1,-1,1,-1,1,0,0,0,0,0,1,0,1,0,0,0,1,0,1,0,1,-1,117.43,Way Above Avg,37.91,Slightly Above Avg,39.06,Way Above Avg,17.41,Way Above Avg,93.26,Way Above Avg,14.62,Slightly Above Avg,9.23,Average,12.38,Slightly Above Avg,8.93,Slightly Above Avg,26.15,Slightly Above Avg,23.88,Way Above Avg,10.16,Way Below Avg,18.6,Average,91.62,Way Above Avg,236.34,Way Above Avg,21.82,Slightly Above Avg,35.31,Slightly Above Avg,47.06,Slightly Above Avg,40.17,Slightly Above Avg,28.58,Average,52.54,Average,10.85,Average,9.67,Average,82.06,Way Above Avg,1,3,8,,,,,,A*,Excellent,A*,Excellent,No
5544,10,2,LGGS,1,0,1,-1,1,0,1,0,0,-1,0,0,1,-1,1,0,0,0,1,0,1,-1,1,0,0.5,0,0,-1,1,0,0,-1,1,0,0,0,1,0,1,0,0,-1,1,0,1,0,1,0,60.21,Slightly Above Avg,86.92,Way Above Avg,12.85,Slightly Above Avg,7.36,Average,40.62,Way Above Avg,17.61,Slightly Above Avg,86.76,Way Above Avg,8.3,Average,4.52,Slightly Below Avg,27.24,Slightly Above Avg,38.2,Way Above Avg,60.32,Slightly Above Avg,37.83,Average,114.3,Way Above Avg,44.21,Slightly Above Avg,71.53,Way Above Avg,43.9,Slightly Above Avg,34.7,Slightly Above Avg,55.49,Slightly Above Avg,53.71,Slightly Above Avg,132.22,Way Above Avg,12.67,Average,6.71,Slightly Below Avg,41.82,Average,1,2,9.5,No,No,No,Yes,No,93.33%,Excellent,60.00%,Above Average,Yes
555555,8,3,NEWLANDS,1,0,1,0,1,0,1,0,0,0,1,0,1,0,1,0,1,0,1,0,1,0,1,0,1,0,1,0,1,0,1,0,1,0,1,0,1,0,1,0,1,0,1,0,1,0,1,0,25.11,Slightly Above Avg,14.75,Average,10.38,Slightly Above Avg,8.08,Average,19.45,Slightly Above Avg,9.1,Average,5.34,Average,6.14,Average,6.05,Average,10.85,Slightly Above Avg,10.97,Slightly Above Avg,20.56,Average,17.27,Average,26.54,Slightly Above Avg,28.69,Slightly Above Avg,22.36,Slightly Above Avg,28.09,Slightly Above Avg,14.25,Average,25.43,Average,29.9,Slightly Above Avg,26.41,Average,12.42,Slightly Above Avg,10.38,Slightly Above Avg,14.88,Slightly Below Avg,1,1,23,No,No,No,No,No,95.00%,Excellent,90.00%,Excellent,Yes
5558,9,3,LGGS,0,-1,1,0,1,0,1,0,1,0,0,-1,1,0,1,0,1,0,1,0,1,0,0,0,0,0,1,0,1,0,0,0,1,0,0,0,1,0,1,0,1,0,1,0,1,1,1,-1,62.21,Way Above Avg,28.6,Slightly Above Avg,5.41,Average,7.78,Average,9.87,Average,31.31,Way Above Avg,6.3,Average,5.52,Average,4.42,Average,13.1,Slightly Above Avg,8.1,Slightly Above Avg,24.38,Average,8.58,Slightly Below Avg,42.32,Slightly Above Avg,13.83,Average,11.09,Average,38.65,Slightly Above Avg,31.45,Slightly Above Avg,28.91,Slightly Above Avg,15.29,Average,26.86,Average,9.2,Average,4.5,Way Below Avg,68.08,Way Above Avg,1,1,16,,,,,,Above Average,Above Average,Above Average,Above Average,No
5574,,2,LGGS,1,0,1,-1,1,0,1,0,1,0,1,0,1,0,1,0,1,-1,1,0,1,0,0,0,1,0,1,0,1,0,0,0,1,0,1,0,1,0,1,0,1,0,1,0,1,0,1,0,97.17,Slightly Above Avg,100.1,Way Above Avg,12.82,Slightly Above Avg,14.3,Slightly Above Avg,16.24,Average,11.1,Average,15.76,Slightly Above Avg,9.23,Average,27.15,Way Above Avg,21.74,Slightly Above Avg,11.57,Slightly Above Avg,58.35,Slightly Above Avg,54.92,Slightly Above Avg,60.94,Slightly Above Avg,68.45,Slightly Above Avg,11.81,Average,29.46,Slightly Above Avg,11.22,Average,28.61,Average,24.29,Average,25.9,Slightly Below Avg,10.97,Average,10.24,Average,79.13,Slightly Above Avg,2,2,20,No,No,No,No,No,95.00%,Excellent,95.00%,Excellent,Yes
5582,7,2,LGGS,1,-1,1,0,1,0,1,0,1,-1,1,-1,1,0,1,-1,1,0,1,0,1,0,1,-1,1,0,1,-1,1,0,0,0,1,-1,0,-1,1,0,0,0,0,-1,1,0,1,0,1,0,137.11,Way Above Avg,37.02,Slightly Above Avg,20.96,Slightly Above Avg,9.97,Average,142.24,Way Above Avg,36.94,Way Above Avg,22.34,Slightly Above Avg,16.96,Way Above Avg,10.32,Slightly Above Avg,8.83,Average,9.06,Average,95.42,Way Above Avg,58.75,Slightly Above Avg,107.03,Way Above Avg,33.73,Average,23.66,Slightly Above Avg,174.11,Way Above Avg,95.89,Way Above Avg,64.05,Slightly Above Avg,56.77,Slightly Above Avg,159.51,Way Above Avg,29.94,Slightly Above Avg,14.82,Slightly Above Avg,25.73,Slightly Below Avg,1,3,11,,,,,,Above Average,Above Average,Above Average,Above Average,No
5597,10,2,LGGS,1,-1,1,0,1,-1,1,-1,1,-1,1,-1,1,0,1,-1,1,-1,1,0,1,-1,0,0,0,0,1,0,1,0,0,-1,1,0,0,-1,0,0,0,0,0,0,1,0,1,0,1,0,217.24,Way Above Avg,28.74,Average,89.62,Way Above Avg,32.7,Way Above Avg,39.16,Way Above Avg,63.09,Way Above Avg,19.11,Slightly Above Avg,17.25,Way Above Avg,22.57,Way Above Avg,16.7,Slightly Above Avg,28.21,Way Above Avg,76.13,Slightly Above Avg,45.04,Slightly Above Avg,53.72,Slightly Above Avg,55.74,Slightly Above Avg,42.88,Way Above Avg,34.57,Slightly Above Avg,146.19,Way Above Avg,41.85,Slightly Above Avg,45.85,Slightly Above Avg,107.85,Slightly Above Avg,16.61,Slightly Above Avg,15.32,Slightly Above Avg,48.52,Average,2,2,7,,,,,,Above Average,Above Average,Above Average,Above Average,No
5620,8,2,LGGS,0,-1,1,0,1,0,1,0,1,0,1,0,1,0,1,0,1,0,1,0,1,0,1,0,1,0,1,0,0,-1,0,0,1,0,1,0,1,-1,1,0,1,0,1,0,1,0,1,-1,124.38,Way Above Avg,21.61,Average,20.68,Slightly Above Avg,6.11,Slightly Below Avg,10.32,Average,8.38,Average,8.1,Average,7.36,Average,8.51,Slightly Above Avg,6.78,Average,6.15,Average,77.97,Slightly Above Avg,18.09,Average,25.02,Average,87.73,Way Above Avg,11.91,Average,33.65,Slightly Above Avg,11.85,Average,68.74,Way Above Avg,24,Average,28.82,Average,16.58,Slightly Above Avg,13.16,Slightly Above Avg,90.62,Way Above Avg,1,1,17,,,,,,Above Average,Above Average,Above Average,Above Average,No
5628,8,2,LGGS,0,-1,0,0,0,0,1,0,0,-1,1,0,1,0,1,0,1,0,1,0,1,0,1,-1,1,1,1,0,1,0,0,0,1,0,0,0,1,0,0,0,0,0,1,0,1,0,1,0,117.14,Way Above Avg,13.43,Slightly Below Avg,10.53,Average,10.4,Average,63.54,Way Above Avg,10.2,Average,7.54,Average,7.18,Average,6.1,Average,10.7,Average,6.32,Average,90.32,Way Above Avg,8.46,Way Below Avg,32.93,Average,22.35,Average,10.72,Average,25.21,Average,13.63,Average,24.26,Average,53.06,Slightly Above Avg,24.6,Slightly Below Avg,20.54,Slightly Above Avg,14.76,Slightly Above Avg,30.66,Average,2,5,14,,,,,,Above Average,Above Average,Above Average,Above Average,No
5662,8,2,LGGS,1,0,1,0,1,0,1,0,1,0,0,0,1,0,1,0,1,0,1,1,1,0,1,0,1,0,1,0,0,0,1,0,0,0,1,0,1,1,1,1,0,0,1,1,1,0,1,0,14.12,Slightly Below Avg,11.27,Slightly Below Avg,6.49,Slightly Below Avg,4.97,Slightly Below Avg,9.49,Average,7.8,Average,6.6,Slightly Below Avg,4.5,Slightly Below Avg,8.82,Slightly Above Avg,3.51,Way Below Avg,6.34,Average,19.38,Slightly Below Avg,11.3,Slightly Below Avg,24.6,Average,26.23,Average,9.94,Average,21.41,Average,9.09,Slightly Below Avg,13.34,Way Below Avg,13.26,Way Below Avg,26.1,Slightly Below Avg,5.24,Way Below Avg,13.86,Slightly Above Avg,32.36,Average,1,2,24,,,,,,60.00%,Above Average,65.00%,Above Average,Yes
5672,8,3,LGGS,1,0,1,0,1,0,1,0,1,0,1,0,1,0,1,0,1,0,1,0,1,0,1,1,1,0,1,1,1,0,0,0,0,0,0,0,1,0,1,0,0,0,1,0,1,1,1,0,20.54,Average,9.86,Slightly Below Avg,4.73,Slightly Below Avg,7.55,Average,6.3,Average,5.16,Slightly Below Avg,4.06,Slightly Below Avg,4,Slightly Below Avg,3.51,Slightly Below Avg,4.21,Slightly Below Avg,3.49,Slightly Below Avg,8.3,Way Below Avg,9.02,Slightly Below Avg,8.17,Way Below Avg,11.51,Slightly Below Avg,6.28,Slightly Below Avg,14.21,Average,8.93,Slightly Below Avg,13.34,Slightly Below Avg,13.69,Slightly Below Avg,12.39,Way Below Avg,9.38,Average,4.58,Way Below Avg,36.83,Slightly Above Avg,1,1,23,No,No,No,Yes,No,90.00%,Excellent,85.00%,Good,No
5679,8,2,LGGS,1,0,1,0,0,-1,0,-1,0,-1,0,0,0,0,1,0,1,0,0,0,1,0,0,0,0,0,1,0,0,-1,0,0,0,0,1,0,1,-1,1,-1,0,0,0,0,0,0,1,-1,26.03,Average,45.52,Slightly Above Avg,68.38,Way Above Avg,25.42,Way Above Avg,40.07,Way Above Avg,12.56,Average,14.99,Slightly Above Avg,11.25,Slightly Above Avg,7.21,Average,6.96,Average,13.34,Slightly Above Avg,7.22,Way Below Avg,21.18,Average,67.97,Slightly Above Avg,125.04,Way Above Avg,16.38,Average,32.84,Slightly Above Avg,10.94,Average,147.08,Way Above Avg,84.26,Way Above Avg,96.62,Slightly Above Avg,24.03,Slightly Above Avg,9.96,Average,197.82,Way Above Avg,1,4,3,No,No,No,Yes,No,90.00%,Excellent,75.00%,Good,No
5708,8,2,LGGS,1,0,1,0,1,-1,1,0,1,0,1,0,1,-1,1,0,1,-1,1,0,1,-1,1,0,1,0,1,0,1,0,0,-1,0,0,1,-1,1,0,1,-1,1,0,1,0,1,0,1,0,65.39,Slightly Above Avg,55.1,Slightly Above Avg,24.26,Way Above Avg,12.35,Slightly Above Avg,26.15,Slightly Above Avg,26,Slightly Above Avg,23.41,Way Above Avg,15.97,Slightly Above Avg,15.66,Way Above Avg,11.6,Average,21.5,Way Above Avg,38.18,Average,27.22,Average,41.9,Average,34.21,Average,112.17,Way Above Avg,30.7,Slightly Above Avg,103.82,Way Above Avg,41.94,Slightly Above Avg,108.26,Way Above Avg,46.05,Average,23.22,Slightly Above Avg,14.3,Slightly Above Avg,50.75,Slightly Above Avg,1,2,15,No,No,No,No,No,100.00%,Excellent,100.00%,Excellent,Yes
5721,,3,LGGS,1,0,1,0,1,0,1,0,1,0,1,0,1,0,1,0,1,0,1,0,1,0,1,0,1,0,0,0,1,0,0,0,1,0,1,0,1,0,1,0,1,0,1,0,1,0,1,0,11.38,Average,12.54,Average,9.15,Slightly Above Avg,6.22,Average,7.09,Average,10.38,Slightly Above Avg,6.75,Average,8.59,Slightly Above Avg,4.72,Average,4.52,Slightly Below Avg,3.35,Slightly Below Avg,15.36,Average,13.29,Average,15.1,Average,33.14,Slightly Above Avg,6.16,Slightly Below Avg,19.17,Average,17.56,Average,15.42,Average,17.5,Average,25.31,Average,14.09,Slightly Above Avg,8.47,Average,30.38,Average,1,1,22,,,,,,90.00%,Excellent,75.00%,Good,No
5727,10,2,LGGS,1,0,0,0,1,0,1,0,1,0,1,0,1,0,1,0,1,0,0,0,1,0,0,0,0,0,1,0,1,0,0,0,1,1,1,0,1,0,1,0,0,0,1,0,1,0,1,-1,17.56,Average,8.83,Way Below Avg,6.46,Slightly Below Avg,7.78,Average,8.81,Average,7.99,Average,7.21,Average,7.15,Average,4.43,Slightly Below Avg,12.28,Average,5.62,Average,26.63,Average,10.25,Slightly Below Avg,20,Average,17,Average,11.57,Average,6.54,Way Below Avg,8.08,Slightly Below Avg,20.09,Slightly Below Avg,15.84,Slightly Below Avg,67.67,Slightly Above Avg,12.21,Average,9.09,Average,94.01,Way Above Avg,1,3,18,,,,,,90.00%,Excellent,95.00%,Excellent,No
5744,9,2,LGGS,1,0,1,-1,1,-1,1,-1,1,0,1,0,1,0,1,0,1,0,1,-1,1,0,1,0,0.5,0,1,-1,0,-1,0,0,1,0,1,0,1,0,1,0,0,0,1,0,1,0,1,0,97.74,Slightly Above Avg,72.51,Way Above Avg,42.22,Way Above Avg,35.44,Way Above Avg,19.48,Slightly Above Avg,17.23,Slightly Above Avg,9.86,Average,7.64,Average,9.07,Slightly Above Avg,38.31,Way Above Avg,13.91,Slightly Above Avg,49.66,Average,51.39,Slightly Above Avg,121.94,Way Above Avg,111.53,Way Above Avg,24.4,Slightly Above Avg,46.68,Slightly Above Avg,21.21,Average,28.3,Average,28.87,Average,38.54,Average,13.53,Average,9.86,Average,63.9,Slightly Above Avg,1,1,14.5,No,No,No,No,No,100.00%,Excellent,100.00%,Excellent,Yes
5747,,3,LGGS,1,0,1,0,1,0,1,0,1,0,1,0,1,1,1,0,1,0,1,0,1,0,1,0,1,0,1,0,1,0,0,0,1,0,1,0,0,0,1,0,1,0,1,0,1,0,1,0,12.96,Average,13.43,Average,6.38,Average,5.65,Average,11.22,Average,8.5,Average,3.94,Way Below Avg,4.15,Slightly Below Avg,4.16,Slightly Below Avg,7.78,Average,4.75,Average,21.03,Average,9.34,Slightly Below Avg,32.7,Slightly Above Avg,9.06,Slightly Below Avg,11.13,Average,11.1,Slightly Below Avg,8.85,Slightly Below Avg,14.43,Slightly Below Avg,21.34,Average,71.71,Slightly Above Avg,10.81,Average,7.14,Average,30.61,Average,2,2,23,,,,,,90.00%,Excellent,95.00%,Excellent,No
5764,8,2,LGGS,1,-1,1,0,1,0,1,0,0,0,1,0,1,0,1,0,1,0,0,0,0,0,0,0,0,0,0,0,0,0,0,0,1,0,1,0,1,0,0,0,0,0,1,0,1,-1,1,-1,122.42,Way Above Avg,33.52,Average,9.22,Average,9.79,Average,14.51,Average,9.78,Average,6.18,Slightly Below Avg,7.39,Average,11.93,Slightly Above Avg,17.4,Slightly Above Avg,5.9,Average,14.41,Slightly Below Avg,11.96,Slightly Below Avg,44.71,Slightly Above Avg,31.07,Average,13.01,Average,15.89,Average,13.62,Average,60.49,Slightly Above Avg,34.32,Average,56.74,Average,18.99,Slightly Above Avg,23.42,Way Above Avg,91.38,Way Above Avg,1,2,11,,,,,,Above Average,Above Average,Above Average,Above Average,No
5771,10,2,LGGS,1,0,1,-1,1,0,1,0,1,0,0,0,1,1,1,1,1,1,1,1,1,1,0.5,0,1,0,1,0,0,0,0,0,0,0,1,-1,0,0,0,0,1,0,1,0,1,0,1,0,10.33,Slightly Below Avg,83,Way Above Avg,5.32,Slightly Below Avg,5.14,Slightly Below Avg,6.68,Slightly Below Avg,21.4,Slightly Above Avg,4.07,Way Below Avg,3.26,Way Below Avg,2.95,Way Below Avg,4.33,Way Below Avg,3.71,Way Below Avg,18.16,Slightly Below Avg,13.7,Slightly Below Avg,62.3,Slightly Above Avg,70.38,Slightly Above Avg,26.22,Slightly Above Avg,20.29,Average,65.17,Way Above Avg,34.14,Average,26.52,Average,61.64,Average,6.91,Slightly Below Avg,9.98,Average,24.98,Slightly Below Avg,1,1,20.5,,,,,,65.00%,Above Average,60.00%,Above Average,Yes
5772,10,2,LGGS,1,0,1,0,1,1,1,0,1,0,1,0,1,0,1,1,1,0,1,-1,1,0,1,1,1,0,1,0,1,0,0,0,1,-1,0,-1,1,0,1,0,1,0,1,0,1,0,1,0,14.66,Slightly Below Avg,11.76,Slightly Below Avg,3.54,Way Below Avg,5.77,Slightly Below Avg,5.54,Slightly Below Avg,8.71,Average,5.11,Slightly Below Avg,3.18,Way Below Avg,5,Slightly Below Avg,28.76,Way Above Avg,4.17,Slightly Below Avg,10.55,Way Below Avg,12.37,Slightly Below Avg,33.47,Average,22.68,Average,13.84,Average,77.49,Way Above Avg,77.88,Way Above Avg,53.36,Slightly Above Avg,17.54,Slightly Below Avg,25.2,Slightly Below Avg,7.22,Slightly Below Avg,9.15,Average,21.7,Slightly Below Avg,1,1,22,No,No,No,Yes,Yes,66.67%,Above Average,84.00%,Good,Yes
5779,7,1,LGGS,1,0,1,0,1,0,1,0,1,-1,1,0,1,0,1,0,1,0,1,0,0,-1,1,-1,0.5,-1,1,0,0,0,0,0,1,0,0,0,0,0,1,0,0,0,1,0,1,0,1,0,106.06,Slightly Above Avg,43.1,Slightly Above Avg,19.74,Slightly Above Avg,6.61,Slightly Below Avg,85.65,Way Above Avg,10.8,Average,25.32,Slightly Above Avg,10.5,Average,6.82,Average,25.66,Slightly Above Avg,61.48,Way Above Avg,168.97,Way Above Avg,309.56,Way Above Avg,99.11,Slightly Above Avg,23.45,Slightly Below Avg,16.75,Average,42.13,Slightly Above Avg,4.62,Way Below Avg,70.84,Slightly Above Avg,81.66,Slightly Above Avg,32.32,Slightly Below Avg,17.68,Average,9.14,Average,69.97,Slightly Above Avg,1,1,13.5,No,No,No,No,No,100.00%,Excellent,95.00%,Excellent,Yes
5791,8,2,LGGS,1,-1,1,-1,1,0,1,0,1,0,1,-1,1,0,1,0,1,0,1,0,1,0,0.5,-1,1,0,1,0,1,-1,0,0,1,-1,0,-1,0,-1,0,-1,0,0,1,0,1,0,1,0,170.58,Way Above Avg,101.84,Way Above Avg,18.62,Slightly Above Avg,15.43,Slightly Above Avg,16.44,Average,38,Way Above Avg,15.14,Slightly Above Avg,14.67,Slightly Above Avg,9.83,Slightly Above Avg,16.75,Slightly Above Avg,14.78,Slightly Above Avg,124.35,Way Above Avg,26.33,Average,73.14,Slightly Above Avg,92.65,Way Above Avg,20.41,Average,119.58,Way Above Avg,70.09,Way Above Avg,135.53,Way Above Avg,60.08,Way Above Avg,42.02,Average,15.77,Average,17.42,Slightly Above Avg,41.01,Average,3,1,9.5,,,,,,Above Average,Above Average,Above Average,Above Average,No
5792,8,2,LGGS,1,0,0,-1,1,0,1,0,1,0,1,0,1,0,1,0,1,0,1,0,1,0,0,0,0,0,1,0,1,0,1,0,0,0,0,0,1,0,1,0,1,0,0,-1,1,-1,1,-1,39.74,Average,63.73,Way Above Avg,16.41,Slightly Above Avg,11.61,Slightly Above Avg,21.62,Slightly Above Avg,24.54,Slightly Above Avg,10.42,Average,9.93,Slightly Above Avg,11.42,Slightly Above Avg,18.94,Slightly Above Avg,10.6,Slightly Above Avg,46.19,Average,22.17,Average,50.9,Slightly Above Avg,18.92,Average,8.81,Slightly Below Avg,9.46,Slightly Below Avg,22.86,Average,59.62,Slightly Above Avg,31.68,Average,39.68,Average,32.73,Way Above Avg,46.36,Way Above Avg,184.06,Way Above Avg,4,5,14,No,No,No,No,No,93.33%,Excellent,84.00%,Good,No
5820,,3,LGGS,1,0,1,0,1,0,1,0,1,0,1,0,1,0,1,0,1,0,1,0,1,0,1,0,1,1,1,0,1,0,0,0,1,0,1,0,1,-1,1,0,1,0,1,0,1,0,1,-1,36,Slightly Above Avg,9.06,Slightly Below Avg,5.7,Average,5.92,Average,5.14,Slightly Below Avg,4.83,Slightly Below Avg,4.97,Slightly Below Avg,5.86,Average,4.26,Slightly Below Avg,4.18,Slightly Below Avg,4.06,Slightly Below Avg,19.3,Average,8.27,Way Below Avg,21.5,Average,18.62,Average,6.46,Slightly Below Avg,34.44,Slightly Above Avg,6.97,Slightly Below Avg,48.54,Way Above Avg,16.43,Average,27.76,Average,9.98,Average,7.9,Average,62.73,Way Above Avg,1,1,22,No,No,No,No,No,100.00%,Excellent,95.00%,Excellent,Yes
583062,9,3,CITY_SCHOOL,1,0,0,0,1,0,1,0,1,0,0,0,1,0,1,0,1,0,1,0,1,0,1,0,1,0,1,0,0,0,0,0,0,0,1,0,1,0,0,0,1,0,1,0,1,0,1,0,11.82,Average,15.52,Average,5.02,Slightly Below Avg,5.44,Average,5.64,Average,5.84,Average,5.58,Average,4.67,Average,4.3,Average,5.42,Average,5.64,Average,11.92,Slightly Below Avg,10.69,Slightly Below Avg,12.93,Average,25.89,Average,6.6,Slightly Below Avg,12.14,Slightly Below Avg,20.94,Slightly Above Avg,15.46,Average,16.05,Average,55.81,Slightly Above Avg,7.17,Average,7.15,Average,13.94,Slightly Below Avg,1,1,18,No,No,No,No,No,93.33%,Excellent,96.00%,Excellent,No
588992,8,3,CITY_SCHOOL,1,0,1,1,1,0,1,0,1,0,1,0,1,0,1,0,1,0,1,0,1,1,1,0,1,0,1,0,0,0,0,0,1,0,1,0,1,0,1,1,0,0,1,0,1,0,1,0,9.14,Slightly Below Avg,7.45,Way Below Avg,6.35,Average,3.82,Slightly Below Avg,4.42,Slightly Below Avg,5.03,Slightly Below Avg,5.39,Average,4.52,Average,4.36,Average,4.17,Slightly Below Avg,2.9,Way Below Avg,37.25,Slightly Above Avg,11.1,Slightly Below Avg,12.89,Average,13.91,Average,5.73,Slightly Below Avg,22.39,Average,12.51,Average,14.89,Average,10.63,Way Below Avg,16.85,Slightly Below Avg,7.54,Average,6.8,Average,13.58,Slightly Below Avg,1,1,24,No,No,No,Yes,Yes,67.50%,Above Average,75.00%,Good,Yes
590421,8,3,CITY_SCHOOL,1,0,1,0,1,0,1,0,1,0,1,0,1,0,1,1,1,0,1,0,1,0,1,0,1,0,1,1,1,0,0,0,1,0,1,0,1,1,1,0,1,1,1,1,1,1,1,0,8.58,Slightly Below Avg,7.77,Slightly Below Avg,4.45,Slightly Below Avg,5.94,Average,4.71,Slightly Below Avg,3.86,Slightly Below Avg,4.67,Slightly Below Avg,3.1,Way Below Avg,6.6,Average,9.77,Slightly Above Avg,4.45,Average,13.84,Slightly Below Avg,10.18,Slightly Below Avg,5.66,Way Below Avg,16.07,Average,10.6,Average,20.13,Average,6.27,Slightly Below Avg,9.5,Way Below Avg,13.27,Slightly Below Avg,11.38,Way Below Avg,4.12,Way Below Avg,3.94,Way Below Avg,17.51,Slightly Below Avg,1,1,29,,,,,,70.00%,Above Average,72.00%,Above Average,Yes
590533,9,3,CITY_SCHOOL,1,1,1,1,1,0,1,1,1,1,1,1,1,1,1,0,1,1,1,1,1,1,1,1,1,1,1,1,1,1,1,0,1,1,1,1,1,1,1,1,1,1,1,0,1,0,1,0,7.39,Way Below Avg,3.83,Way Below Avg,4.97,Slightly Below Avg,3.24,Way Below Avg,3.74,Way Below Avg,3.38,Way Below Avg,2.65,Way Below Avg,3.18,Slightly Below Avg,3.08,Way Below Avg,3.11,Way Below Avg,2.46,Way Below Avg,6.28,Way Below Avg,5.7,Way Below Avg,6.61,Way Below Avg,4.83,Way Below Avg,7.04,Slightly Below Avg,4.43,Way Below Avg,3.22,Way Below Avg,8.05,Way Below Avg,8.03,Way Below Avg,13,Way Below Avg,4.92,Slightly Below Avg,7.58,Average,17.75,Slightly Below Avg,5,5,42,,,,,,Above Average,Above Average,Above Average,Above Average,No
592787,8,2,CITY_SCHOOL,1,0,1,0,1,0,1,1,1,0,1,1,1,0,1,0,1,1,1,0,1,0,1,0,1,0,1,1,1,0,1,1,1,0,1,1,1,0,1,0,0,0,1,0,1,0,1,1,12.55,Slightly Below Avg,24.85,Average,5.37,Slightly Below Avg,3.83,Way Below Avg,6.42,Slightly Below Avg,3.81,Way Below Avg,5.66,Slightly Below Avg,5.18,Slightly Below Avg,3.84,Way Below Avg,5.34,Slightly Below Avg,10.31,Slightly Above Avg,30.13,Average,35.71,Average,9.55,Way Below Avg,18.64,Average,3.94,Way Below Avg,25.43,Average,5.87,Way Below Avg,14.86,Slightly Below Avg,29.82,Average,79.17,Slightly Above Avg,6.13,Slightly Below Avg,7.95,Average,18.24,Way Below Avg,1,1,30,No,No,No,No,Yes,73.33%,Above Average,84.00%,Good,Yes
597381,8,2,CITY_SCHOOL,0,0,0,0,1,0,1,0,1,0,1,0,1,0,1,1,1,0,1,0,1,0,1,0,1,0,1,0,1,0,0,0,0,0,1,0,1,0,1,1,0,0,1,0,1,0,1,0,18.93,Average,27.22,Average,6.43,Slightly Below Avg,6.25,Slightly Below Avg,7.8,Slightly Below Avg,6.74,Slightly Below Avg,5.21,Slightly Below Avg,4.16,Way Below Avg,5.27,Slightly Below Avg,6.3,Slightly Below Avg,4.42,Slightly Below Avg,17.69,Slightly Below Avg,17.84,Average,13.86,Slightly Below Avg,11.86,Slightly Below Avg,26.89,Slightly Above Avg,36.82,Slightly Above Avg,23.45,Slightly Above Avg,15.16,Slightly Below Avg,13.09,Way Below Avg,91.46,Slightly Above Avg,9.82,Average,7.66,Slightly Below Avg,30.9,Average,1,1,21,No,No,No,No,No,93.33%,Excellent,80.00%,Good,No
597422,8,3,CITY_SCHOOL,1,0,1,0,1,0,1,0,1,0,1,0,1,0,1,0,1,0,1,0,1,0,1,0,1,0,0,0,0,0,1,-1,1,0,0,-1,1,0,1,0,1,0,1,0,1,0,1,0,15.4,Average,25.34,Slightly Above Avg,7.35,Average,11.74,Slightly Above Avg,20.9,Slightly Above Avg,5.96,Average,6.74,Average,7.57,Slightly Above Avg,3.87,Slightly Below Avg,7.9,Average,4.21,Average,44.69,Slightly Above Avg,32.74,Slightly Above Avg,13.84,Average,12.28,Slightly Below Avg,30.86,Way Above Avg,26.94,Slightly Above Avg,57.48,Way Above Avg,22.15,Average,18.42,Average,18.94,Average,12.1,Slightly Above Avg,9.24,Average,59.5,Slightly Above Avg,1,1,19,No,No,No,No,No,93.33%,Excellent,92.00%,Excellent,No
599510,9,3,CITY_SCHOOL,1,1,1,0,1,0,1,0,1,1,1,1,1,1,1,1,1,1,1,0,1,1,1,0,1,0,1,0,1,0,1,0,1,0,1,1,1,1,1,0,0,0,1,0,1,0,1,0,7.54,Way Below Avg,8.46,Slightly Below Avg,5.67,Average,3.97,Slightly Below Avg,2.76,Way Below Avg,3.5,Way Below Avg,3.22,Way Below Avg,3.01,Way Below Avg,2.87,Way Below Avg,6.64,Average,3.01,Way Below Avg,10.46,Slightly Below Avg,12.01,Slightly Below Avg,11.24,Slightly Below Avg,27.62,Slightly Above Avg,12.98,Average,17.93,Average,3.68,Way Below Avg,9.09,Way Below Avg,12.78,Slightly Below Avg,13.91,Slightly Below Avg,8.26,Average,7.3,Average,26.66,Average,1,2,32,,,,,,Above Average,Above Average,Average,Average,No
599521,7,2,CITY_SCHOOL,1,1,1,0,1,1,1,1,1,0,1,0,1,1,1,0,1,1,1,0,1,0,0,0,0,0,1,0,0,0,0,0,1,0,0,0,1,1,1,0,0,0,1,0,1,0,1,0,8.84,Way Below Avg,13.65,Slightly Below Avg,3.74,Way Below Avg,4.62,Way Below Avg,5.87,Slightly Below Avg,5.98,Slightly Below Avg,4.59,Way Below Avg,5.38,Slightly Below Avg,3.7,Way Below Avg,4.78,Slightly Below Avg,4.52,Slightly Below Avg,16.55,Slightly Below Avg,8.61,Way Below Avg,13.04,Slightly Below Avg,9.47,Way Below Avg,3.56,Way Below Avg,8.94,Slightly Below Avg,6.08,Way Below Avg,13.3,Way Below Avg,16.06,Slightly Below Avg,9.85,Way Below Avg,8.74,Slightly Below Avg,9.35,Average,27.36,Average,1,1,24,,,,,,Average,Average,Average,Average,No
2-Jun,,2,NEWLANDS,1,0,1,0,1,0,1,0,1,1,0,0,1,0,1,0,1,0,0,0,1,1,0,0,0,0,1,0,1,0,0,0,0,0,0,0,0,0,0,0,0,0,0,0,1,0,1,0,12.16,Slightly Below Avg,58.59,Slightly Above Avg,6.66,Slightly Below Avg,5.78,Slightly Below Avg,5.3,Way Below Avg,5.27,Slightly Below Avg,7.93,Average,7.9,Average,6.93,Average,7.97,Average,3.63,Way Below Avg,24.02,Average,9.63,Slightly Below Avg,50.98,Slightly Above Avg,48.96,Slightly Above Avg,8.3,Slightly Below Avg,12.16,Slightly Below Avg,13.39,Average,37.37,Average,37.07,Slightly Above Avg,14.49,Way Below Avg,13.77,Average,9.36,Average,18.76,Slightly Below Avg,2,2,15,,,,,,,,,,
600711,9,2,CITY_SCHOOL,1,0,1,0,1,0,1,-1,1,0,1,0,1,0,1,0,1,0,1,0,1,0,1,0,1,0,1,0,1,0,1,0,1,0,1,0,1,0,1,0,1,-1,1,1,1,0,1,0,10.57,Slightly Below Avg,15.93,Average,6.35,Slightly Below Avg,19.3,Way Above Avg,12.25,Average,10.23,Average,5.47,Slightly Below Avg,7.81,Average,9.7,Slightly Above Avg,7.09,Average,9.74,Slightly Above Avg,35.45,Average,12.12,Slightly Below Avg,18.81,Average,14.34,Slightly Below Avg,19.99,Average,21.7,Average,7.96,Slightly Below Avg,15.38,Slightly Below Avg,28.9,Average,141.02,Way Above Avg,6.01,Way Below Avg,14.79,Slightly Above Avg,34.7,Average,2,2,23,,,,,,73.33%,Above Average,80.00%,Good,Yes
600734,8,2,CITY_SCHOOL,1,0,0,0,1,0,1,1,0,0,1,1,1,1,1,0,1,0,1,0,1,1,1,1,0.5,0,1,0,1,0,0,0,1,0,0,0,1,1,1,1,1,1,1,1,0,0,1,0,19.77,Average,14.08,Slightly Below Avg,5.6,Slightly Below Avg,4.71,Way Below Avg,5.8,Slightly Below Avg,2.99,Way Below Avg,4.62,Way Below Avg,4.87,Slightly Below Avg,7.44,Average,9.34,Average,3.7,Way Below Avg,9.68,Way Below Avg,15.89,Slightly Below Avg,11.86,Slightly Below Avg,12.61,Slightly Below Avg,5.93,Slightly Below Avg,14.75,Average,5.3,Way Below Avg,13.51,Way Below Avg,12.49,Way Below Avg,18.03,Way Below Avg,4.23,Way Below Avg,9.68,Average,24.23,Slightly Below Avg,1,4,27.5,No,No,No,No,No,95.00%,Excellent,95.00%,Excellent,No
600948,8,3,CITY_SCHOOL,1,0,1,1,1,0,1,0,1,0,1,0,1,0,1,0,1,0,1,0,1,0,0,0,0.5,0,1,0,1,0,1,0,0,0,1,0,1,0,1,0,0,0,1,0,1,0,1,0,9.3,Slightly Below Avg,7.01,Way Below Avg,8.67,Average,9.86,Slightly Above Avg,6.21,Average,6.88,Average,5.03,Slightly Below Avg,3.37,Slightly Below Avg,4.84,Average,4.54,Slightly Below Avg,3.81,Slightly Below Avg,18.62,Average,18.36,Average,14.19,Average,16.35,Average,10.94,Average,14.99,Average,7.44,Slightly Below Avg,14.45,Slightly Below Avg,13.86,Slightly Below Avg,25.06,Average,7.49,Average,10.7,Slightly Above Avg,22.23,Average,1,1,21.5,No,No,No,No,Yes,75.00%,Good,75.00%,Good,Yes
600954,8,3,CITY_SCHOOL,1,1,1,0,1,0,1,0,1,0,0,0,1,0,1,0,1,0,1,0,1,0,1,0,1,0,1,0,1,0,0,0,1,0,1,0,1,0,1,0,1,0,1,0,1,0,1,0,7.84,Way Below Avg,9.11,Slightly Below Avg,7.07,Average,6.3,Average,6.63,Average,4.24,Slightly Below Avg,6.34,Average,4.07,Slightly Below Avg,4.59,Average,6.42,Average,5.21,Average,32.13,Average,19.86,Average,11.06,Slightly Below Avg,22.66,Average,11.15,Average,23.18,Average,15.43,Average,19.51,Average,17.5,Average,16.51,Slightly Below Avg,7.08,Average,5.46,Slightly Below Avg,23.93,Average,1,2,23,,,,,,Average,Average,Average,Average,No
601468,8,2,CITY_SCHOOL,1,0,0,0,1,1,1,1,1,0,1,0,0,0,1,0,1,0,1,0,1,0,1,0,1,0,1,0,1,0,0,0,1,0,0,0,0,0,1,0,0,0,0,0,0,0,1,0,17.54,Average,13.86,Slightly Below Avg,4.36,Way Below Avg,4.03,Way Below Avg,10.6,Average,6.94,Average,11.38,Average,9.61,Slightly Above Avg,5.1,Slightly Below Avg,5.41,Slightly Below Avg,4.02,Slightly Below Avg,17.01,Slightly Below Avg,30.04,Average,12.52,Slightly Below Avg,34.5,Average,5.72,Slightly Below Avg,12.18,Slightly Below Avg,6.48,Way Below Avg,24.14,Average,37.31,Slightly Above Avg,25.78,Slightly Below Avg,4.22,Way Below Avg,4.15,Way Below Avg,19.57,Slightly Below Avg,2,2,18,No,No,No,No,No,95.00%,Excellent,97.50%,Excellent,No
601727,10,3,CITY_SCHOOL,1,0,1,0,1,0,1,0,1,0,1,0,1,0,1,0,1,0,1,-1,1,0,1,0,1,0,1,0,0,0,0,-1,0,0,1,0,1,0,0,0,1,0,1,0,1,0,1,0,9.4,Slightly Below Avg,10.22,Slightly Below Avg,7.6,Average,6.74,Average,13.46,Slightly Above Avg,9.98,Average,5.98,Average,5.93,Average,6.12,Average,14.13,Way Above Avg,6.33,Average,17.82,Average,13.84,Average,15.19,Average,5.6,Way Below Avg,36.85,Way Above Avg,14.2,Average,6.81,Slightly Below Avg,27.92,Slightly Above Avg,18.23,Average,16.36,Slightly Below Avg,10.07,Average,10.01,Average,22.54,Average,1,2,18,No,No,No,No,Yes,76.67%,Good,52.00%,Average,Yes
604411,9,3,CITY_SCHOOL,1,0,1,0,1,0,1,0,1,1,1,0,1,0,1,0,1,0,1,0,1,0,1,0,1,-1,1,0,1,0,0,0,0,0,1,0,1,0,1,0,0,0,1,0,1,0,1,0,9.26,Slightly Below Avg,9.19,Slightly Below Avg,10.45,Slightly Above Avg,4.31,Slightly Below Avg,3.42,Way Below Avg,4.62,Slightly Below Avg,5.86,Average,3.57,Slightly Below Avg,4.49,Average,3.66,Slightly Below Avg,3.9,Slightly Below Avg,44.23,Slightly Above Avg,105.95,Way Above Avg,8.9,Slightly Below Avg,31.21,Slightly Above Avg,3.33,Way Below Avg,10.5,Slightly Below Avg,7.48,Slightly Below Avg,27.93,Slightly Above Avg,14.24,Slightly Below Avg,24.93,Average,10.49,Average,7.7,Average,14.43,Slightly Below Avg,1,1,21,No,No,No,No,Yes,83.33%,Good,76.00%,Good,Yes
604729,8,3,CITY_SCHOOL,1,1,1,1,1,0,1,1,1,0,0,0,1,0,1,0,1,1,1,1,1,1,1,1,1,0,1,0,1,1,1,0,1,1,1,1,1,1,1,1,1,0,1,1,1,0,1,0,5.63,Way Below Avg,6.3,Way Below Avg,5.41,Average,3.2,Way Below Avg,4.27,Slightly Below Avg,2.84,Way Below Avg,4.18,Slightly Below Avg,4.5,Average,2.86,Way Below Avg,2.71,Way Below Avg,2.91,Way Below Avg,9.71,Way Below Avg,10.04,Slightly Below Avg,9.89,Slightly Below Avg,7.01,Way Below Avg,9.67,Average,5.54,Way Below Avg,4.7,Way Below Avg,8.51,Way Below Avg,9.62,Way Below Avg,15.51,Slightly Below Avg,4.14,Way Below Avg,5.63,Slightly Below Avg,13.59,Slightly Below Avg,1,1,36,,,,,,Average,Average,Average,Average,No
604738,7,2,CITY_SCHOOL,1,1,1,0,1,1,1,1,1,0,1,1,1,1,1,1,1,1,1,1,1,1,1,0,1,0,0,0,1,0,0,0,1,1,1,1,1,1,0,0,1,1,1,1,1,0,1,1,9.22,Way Below Avg,10.62,Slightly Below Avg,4.28,Way Below Avg,3.24,Way Below Avg,6.21,Slightly Below Avg,3.88,Way Below Avg,4.3,Way Below Avg,3.18,Way Below Avg,3.7,Way Below Avg,3.6,Way Below Avg,2.59,Way Below Avg,39.17,Average,16.13,Average,12.65,Slightly Below Avg,29.51,Average,21.36,Slightly Above Avg,7.05,Way Below Avg,6.12,Way Below Avg,13.9,Way Below Avg,13.22,Way Below Avg,18.42,Way Below Avg,5.04,Way Below Avg,6.75,Slightly Below Avg,15.52,Way Below Avg,1,1,36,,,,,,Average,Average,Average,Average,No
606319,8,2,CITY_SCHOOL,1,0,1,1,1,0,1,1,1,0,0,0,1,0,1,0,1,0,1,0,1,1,1,0,1,1,1,0,0,0,0,0,1,0,0,0,1,1,0,0,1,0,1,0,1,0,1,0,10.44,Slightly Below Avg,8.47,Way Below Avg,7.62,Average,3.6,Way Below Avg,29.98,Slightly Above Avg,2.64,Way Below Avg,8.18,Average,6.39,Average,8.5,Slightly Above Avg,5.03,Slightly Below Avg,3.46,Way Below Avg,24.24,Average,8.71,Way Below Avg,12.32,Slightly Below Avg,8.74,Way Below Avg,15.98,Average,9.27,Slightly Below Avg,12.85,Average,13.09,Way Below Avg,14.58,Slightly Below Avg,25.46,Slightly Below Avg,13.37,Average,5.85,Slightly Below Avg,34.11,Average,1,1,24,No,No,No,No,Yes,96.67%,Excellent,80.00%,Good,Yes
607846,10,3,CITY_SCHOOL,1,0,1,0,1,0,1,0,1,0,1,0,1,0,1,0,1,1,1,0,1,0,1,0,1,0,1,0,1,0,1,0,1,0,1,0,1,0,1,0,1,0,1,0,1,0,1,1,10.76,Slightly Below Avg,9.95,Slightly Below Avg,6.88,Average,10.46,Slightly Above Avg,9.98,Average,5.58,Average,4.86,Slightly Below Avg,3.76,Slightly Below Avg,2.94,Way Below Avg,4.38,Slightly Below Avg,3.71,Slightly Below Avg,11.78,Slightly Below Avg,14.28,Average,16.19,Average,22.68,Average,12.9,Average,12,Slightly Below Avg,10.96,Average,15.26,Average,16.09,Average,54.95,Slightly Above Avg,10.74,Average,5.6,Slightly Below Avg,13.37,Way Below Avg,1,2,26,No,No,No,No,Yes,68.57%,Above Average,58.79%,Average,Yes
607978,7,2,CITY_SCHOOL,1,1,0,0,1,1,1,0,1,1,0,-1,1,0,1,0,1,0,1,0,0,0,1,0,0,0,1,1,1,1,0,0,0,0,0,0,1,0,1,1,0,0,1,1,0,-1,1,0,6.9,Way Below Avg,33.61,Average,4.55,Way Below Avg,4.72,Slightly Below Avg,3.93,Way Below Avg,40.3,Way Above Avg,9.25,Average,7.13,Average,6.34,Average,6.48,Slightly Below Avg,6.01,Average,12.99,Slightly Below Avg,31.98,Average,9.09,Way Below Avg,11.04,Way Below Avg,7.99,Slightly Below Avg,30.39,Slightly Above Avg,33.73,Slightly Above Avg,17.11,Slightly Below Avg,9.47,Way Below Avg,11.98,Way Below Avg,2.86,Way Below Avg,20.16,Way Above Avg,23.7,Slightly Below Avg,2,1,20,,,,,,Average,Average,Average,Average,No
608635,9,2,CITY_SCHOOL,1,1,0,0,1,0,1,1,1,0,1,0,1,1,1,0,1,0,1,0,1,0,0,0,0,0,1,1,1,1,0,0,1,0,0,0,1,1,1,0,0,0,1,0,1,1,1,0,10.31,Way Below Avg,12.66,Slightly Below Avg,5.75,Slightly Below Avg,3.42,Way Below Avg,17.39,Average,16.93,Slightly Above Avg,3.51,Way Below Avg,9.97,Slightly Above Avg,4.83,Slightly Below Avg,4.39,Slightly Below Avg,4.48,Slightly Below Avg,11.01,Way Below Avg,14.29,Slightly Below Avg,9.43,Way Below Avg,6.92,Way Below Avg,3.58,Way Below Avg,12.3,Slightly Below Avg,4.22,Way Below Avg,12.45,Way Below Avg,15.99,Slightly Below Avg,18.79,Slightly Below Avg,8.33,Slightly Below Avg,5.37,Way Below Avg,23.98,Slightly Below Avg,1,1,25,,,,,,Average,Average,Average,Average,No
610091,10,3,CITY_SCHOOL,1,0,1,0,1,0,1,0,1,0,1,0,1,0,1,0,1,0,1,0,1,0,1,0,0.5,0,1,0,1,0,1,0,0,0,1,0,1,0,1,0,0,0,1,0,1,-1,1,0,15.04,Average,10.16,Slightly Below Avg,5.24,Slightly Below Avg,4.71,Slightly Below Avg,6.82,Average,8.23,Average,8.21,Average,7.39,Slightly Above Avg,6.74,Average,4.47,Slightly Below Avg,5.87,Average,50.31,Slightly Above Avg,23.05,Average,10.38,Slightly Below Avg,12.15,Slightly Below Avg,12.78,Average,26.92,Slightly Above Avg,7.98,Slightly Below Avg,16.79,Average,22.3,Average,77.68,Slightly Above Avg,6.55,Slightly Below Avg,30.25,Way Above Avg,25.82,Average,1,1,20.5,No,No,No,No,No,95.00%,Excellent,100.00%,Excellent,No
610482,7,1,CITY_SCHOOL,0,0,0,0,1,0,1,0,1,0,1,0,1,0,1,0,0,0,1,0,1,1,1,0,0.5,0,1,0,0,0,0,0,0,0,0,0,0,0,0,0,0,0,1,0,0,-1,1,1,9.32,Way Below Avg,17.73,Slightly Below Avg,7.06,Slightly Below Avg,7.38,Slightly Below Avg,39.84,Slightly Above Avg,7.56,Average,6.58,Slightly Below Avg,6.16,Slightly Below Avg,5.23,Slightly Below Avg,4.73,Slightly Below Avg,3.74,Way Below Avg,95.97,Slightly Above Avg,33.1,Average,32.89,Average,7.34,Way Below Avg,7.26,Slightly Below Avg,13.24,Average,12.17,Average,10.27,Way Below Avg,19.28,Slightly Below Avg,20.42,Slightly Below Avg,15.3,Average,25.47,Way Above Avg,16.39,Way Below Avg,1,1,13.5,,,,,,Average,Average,Average,Average,No
6105,8,2,LGGS,1,-1,1,0,0,-1,0,0,0,0,0,0,1,0,1,0,1,0,0,0,1,0,0,0,0,0,1,-1,0,-1,1,0,0,0,1,0,1,0,1,0,0,0,0,0,1,-1,1,-1,174.48,Way Above Avg,28.8,Average,51.28,Way Above Avg,12.38,Slightly Above Avg,15.06,Average,6.66,Slightly Below Avg,11.5,Average,11.32,Slightly Above Avg,6.62,Average,25.74,Slightly Above Avg,7.01,Average,16.67,Slightly Below Avg,41.25,Slightly Above Avg,135.9,Way Above Avg,102.19,Way Above Avg,25.02,Slightly Above Avg,19.74,Average,7.9,Slightly Below Avg,59.46,Slightly Above Avg,39.39,Slightly Above Avg,105.56,Slightly Above Avg,15.14,Average,27.63,Way Above Avg,93.15,Way Above Avg,1,3,7,,,,,,Above Average,Above Average,Above Average,Above Average,No
6106,9,2,LGGS,1,0,0,0,1,0,1,0,1,0,1,0,1,0,1,0,1,0,0,0,0,0,0,0,0,0,1,0,1,0,0,0,0,0,1,1,1,0,1,0,1,0,1,-1,1,0,1,0,98.28,Slightly Above Avg,10.82,Slightly Below Avg,7.22,Average,11.12,Slightly Above Avg,6.2,Slightly Below Avg,11.01,Average,8.5,Average,7.48,Average,8.46,Average,7.13,Average,6.48,Average,19.28,Slightly Below Avg,8.48,Way Below Avg,36.9,Average,55.39,Slightly Above Avg,5.22,Way Below Avg,14.09,Average,4.93,Way Below Avg,26.02,Average,39.59,Slightly Above Avg,51.59,Average,80.24,Way Above Avg,8.28,Average,38.76,Average,1,4,17,No,No,No,No,No,Approaching Class Benchmarks,Average,Approaching Class Benchmarks,Average,Yes
611465,9,2,CITY_SCHOOL,0,0,0,0,1,0,1,0,1,0,1,0,1,0,1,0,1,0,1,0,1,0,1,0,1,0,1,0,0,0,0,0,0,0,0,0,1,0,1,0,0,0,1,0,0,0,1,0,52.13,Slightly Above Avg,16.83,Average,21.12,Slightly Above Avg,6.34,Average,9.8,Average,20.37,Slightly Above Avg,12.5,Slightly Above Avg,12.58,Slightly Above Avg,7.33,Average,21.86,Slightly Above Avg,9.6,Slightly Above Avg,45.5,Average,16.95,Average,21.73,Average,55.82,Slightly Above Avg,21.03,Slightly Above Avg,17.06,Average,25.82,Slightly Above Avg,40.24,Slightly Above Avg,31.23,Average,75.34,Slightly Above Avg,9.37,Average,4.39,Way Below Avg,69.78,Slightly Above Avg,1,2,16,No,No,No,No,No,Approaching Class Benchmarks,Average,Approaching Class Benchmarks,Average,Yes
6122,8,2,LGGS,1,-1,1,0,1,0,1,0,1,0,1,0,1,0,1,0,1,0,1,0,1,0,0,0,0,0,1,-1,0,0,0,0,0,0,1,1,1,-1,0,0,0,0,1,0,1,0,1,0,225.81,Way Above Avg,49.7,Slightly Above Avg,10.82,Average,9.17,Average,18.41,Average,11.89,Average,11.48,Average,9.32,Average,7.84,Average,8.09,Average,7.63,Average,26.56,Average,12.68,Slightly Below Avg,113.07,Way Above Avg,12.19,Slightly Below Avg,15.57,Average,16.81,Average,5.59,Way Below Avg,127.53,Way Above Avg,40.43,Slightly Above Avg,101.15,Slightly Above Avg,13.97,Average,8.38,Average,48.94,Average,1,1,15,,,,,,Above Average,Above Average,Above Average,Above Average,No
6125,9,2,LGGS,1,0,0,0,1,0,1,0,1,0,1,0,1,0,1,0,1,0,1,0,1,0,1,0,1,0,1,0,1,0,0,0,0,0,0,0,1,0,1,0,1,0,1,0,1,0,1,0,19.58,Average,9.93,Slightly Below Avg,6.91,Average,6.04,Slightly Below Avg,7.49,Slightly Below Avg,13.46,Average,9.41,Average,8.8,Average,7.58,Average,8.14,Average,6.69,Average,16.95,Slightly Below Avg,27.42,Average,27.56,Average,26.7,Average,15.58,Average,7.86,Way Below Avg,27.82,Slightly Above Avg,18.85,Slightly Below Avg,29.9,Average,37.66,Average,10.6,Average,8.02,Average,77.15,Slightly Above Avg,1,1,20,No,No,No,No,No,95.00%,Excellent,90.00%,Excellent,No
612502,7,2,CITY_SCHOOL,1,0,1,0,1,0,1,0,1,0,1,0,1,0,1,0,1,0,1,0,1,0,0,0,0,0,1,0,1,0,0,0,0,0,1,0,1,0,1,0,0,-1,1,0,1,0,1,1,24.15,Average,13.89,Slightly Below Avg,7.62,Average,5.83,Slightly Below Avg,26.4,Slightly Above Avg,4.78,Slightly Below Avg,5.1,Slightly Below Avg,5.76,Slightly Below Avg,4.67,Slightly Below Avg,8.98,Average,4.44,Slightly Below Avg,40.14,Average,11.91,Slightly Below Avg,19.93,Average,31.18,Average,3.69,Way Below Avg,11.95,Slightly Below Avg,12.76,Average,19.83,Slightly Below Avg,16.58,Slightly Below Avg,116.22,Way Above Avg,7.96,Slightly Below Avg,9.88,Average,15.95,Way Below Avg,1,1,19,No,No,No,No,No,95.00%,Excellent,100.00%,Excellent,No
6127,8,1,LGGS,1,0,0,-1,1,0,1,0,0,0,1,-1,1,0,1,0,1,0,0,0,1,0,0,0,0,0,1,0,0,0,1,0,0,0,0,0,1,0,1,0,1,0,1,0,1,0,1,0,107.49,Slightly Above Avg,80.4,Way Above Avg,15.1,Average,13.67,Average,13.81,Average,36.32,Way Above Avg,17.58,Slightly Above Avg,9.02,Average,6.66,Average,9.84,Average,7.44,Average,12.69,Slightly Below Avg,7.6,Way Below Avg,88.26,Slightly Above Avg,54.31,Slightly Above Avg,39.54,Slightly Above Avg,9.66,Slightly Below Avg,12.09,Average,17.28,Slightly Below Avg,23.67,Slightly Below Avg,64.59,Average,20.81,Slightly Above Avg,9.11,Average,51.99,Average,2,3,14,No,No,No,No,No,B,Above Average,B,Above Average,Yes
6129,9,3,LGGS,1,0,1,0,1,0,1,0,1,0,0,-1,1,0,1,0,1,0,1,0,1,0,1,-1,0.5,0,1,0,1,-1,0,0,1,0,1,-1,1,0,0,0,1,0,1,0,1,-1,1,0,52.61,Slightly Above Avg,16.82,Average,5.22,Slightly Below Avg,7.25,Average,12.46,Slightly Above Avg,35.13,Way Above Avg,5.69,Average,5.21,Average,9.66,Slightly Above Avg,6.82,Average,6.03,Average,67.98,Way Above Avg,48.11,Slightly Above Avg,16.49,Average,66.85,Way Above Avg,16.38,Average,38.5,Slightly Above Avg,64.09,Way Above Avg,23.05,Average,23.66,Average,25.93,Average,9.86,Average,20.54,Way Above Avg,42.25,Slightly Above Avg,1,2,15.5,No,No,No,No,No,C,Average,B,Above Average,Yes
6135,,2,LGGS,0,-1,1,0,1,-1,1,0,1,-1,1,-1,1,-1,0,-1,0,-1,1,-1,0,-1,0,0,0,0,1,-1,1,0,0,-1,1,0,0,-1,0,-1,0,0,0,0,1,-1,1,-1,1,0,224.89,Way Above Avg,30.83,Average,146.75,Way Above Avg,10.59,Average,118.51,Way Above Avg,61.87,Way Above Avg,87.73,Way Above Avg,41.41,Way Above Avg,67.89,Way Above Avg,77.13,Way Above Avg,51.26,Way Above Avg,38.37,Average,54.22,Slightly Above Avg,113.8,Way Above Avg,57.58,Slightly Above Avg,46.75,Way Above Avg,19.48,Average,69.09,Way Above Avg,156.85,Way Above Avg,55.11,Slightly Above Avg,56.38,Average,45.34,Way Above Avg,21.51,Way Above Avg,68.08,Slightly Above Avg,1,5,-2,,,,,,Above Average,Above Average,Above Average,Above Average,No
6140,8,2,LGGS,1,0,0,0,1,-1,1,-1,0,0,1,-1,1,-1,1,-1,0,0,1,0,1,0,0,0,0.5,-1,1,0,1,-1,0,0,1,0,0,0,0,0,1,-1,0,-1,0,0,1,0,1,-1,57.12,Slightly Above Avg,32.21,Average,33.31,Way Above Avg,51.82,Way Above Avg,19.03,Slightly Above Avg,41.58,Way Above Avg,24.42,Way Above Avg,16.48,Way Above Avg,7.53,Average,20.94,Slightly Above Avg,9.96,Slightly Above Avg,48.99,Average,101.43,Way Above Avg,61.82,Slightly Above Avg,152.83,Way Above Avg,16.76,Average,29.79,Slightly Above Avg,15.27,Average,48.77,Slightly Above Avg,65.8,Way Above Avg,129.07,Way Above Avg,25.73,Slightly Above Avg,7.67,Average,84.2,Way Above Avg,3,1,4.5,No,No,No,No,No,Approaching Class Benchmarks,Average,Meeting Class Benchmarks,Good,Yes
6143,9,1,LGGS,1,0,0,0,1,0,1,0,0,0,0,0,1,0,1,0,1,0,0,0,1,0,0,0,0,0,1,0,0,0,1,0,0,0,0,0,1,0,1,0,0,0,1,0,1,0,1,0,97.21,Slightly Above Avg,40.89,Slightly Above Avg,12.77,Average,13.82,Average,11.19,Average,17.53,Slightly Above Avg,7.11,Slightly Below Avg,7.67,Average,5.12,Slightly Below Avg,9.18,Average,5.35,Slightly Below Avg,44.69,Average,16.42,Average,40.62,Average,37.06,Average,11.2,Average,17.37,Average,5.82,Slightly Below Avg,18.82,Slightly Below Avg,30.75,Average,53.63,Average,7.03,Slightly Below Avg,7.74,Slightly Below Avg,72.4,Slightly Above Avg,5,2,14,,,,,,Approaching Class Benchmarks,Average,Meeting Class Benchmarks,Good,Yes
615544,10,3,CITY_SCHOOL,1,1,0,0,1,1,1,0,1,1,1,0,1,0,1,1,1,1,1,1,1,1,1,0,1,0,1,0,1,0,0,0,1,0,1,0,1,0,1,0,1,0,1,1,1,0,1,0,6.95,Way Below Avg,11.33,Average,3.43,Way Below Avg,6.7,Average,3.86,Way Below Avg,6.09,Average,4.44,Slightly Below Avg,2.54,Way Below Avg,2.45,Way Below Avg,3.24,Way Below Avg,2.82,Way Below Avg,11.55,Slightly Below Avg,12.9,Slightly Below Avg,20.78,Average,14.08,Average,15.37,Average,19.42,Average,6.33,Slightly Below Avg,11.16,Slightly Below Avg,13.79,Slightly Below Avg,14.47,Slightly Below Avg,4.34,Way Below Avg,11.12,Slightly Above Avg,18.36,Slightly Below Avg,1,1,30,,,,,,Average,Average,Average,Average,No
615911,7,1,CITY_SCHOOL,1,0,1,1,1,0,1,0,1,0,1,0,1,-1,1,0,1,0,1,0,1,0,0,0,0,0,1,0,0,0,0,0,1,0,0,0,0,0,0,0,0,0,0,0,1,0,1,1,20.47,Slightly Below Avg,10.32,Way Below Avg,7.13,Slightly Below Avg,6.22,Slightly Below Avg,35.56,Slightly Above Avg,9.88,Average,29.62,Way Above Avg,8.6,Average,7.5,Average,14.06,Average,14.4,Slightly Above Avg,23.63,Slightly Below Avg,8.68,Way Below Avg,40.18,Average,24.75,Average,8.78,Slightly Below Avg,12.84,Slightly Below Avg,11.9,Average,31.78,Average,81.25,Slightly Above Avg,58.69,Average,5.49,Way Below Avg,5.94,Slightly Below Avg,13.91,Way Below Avg,1,2,16,,,,,,74.00%,Average,79.80%,Above Average,No
616374,7,1,CITY_SCHOOL,1,0,0,0,1,0,1,0,1,0,1,0,1,0,0,0,1,0,1,0,1,0,0,0,0,0,1,0,0,0,0,0,1,0,0,0,0,0,0,0,0,0,0,0,0,0,1,1,47.58,Average,23.14,Average,7.76,Slightly Below Avg,6.75,Slightly Below Avg,7.46,Slightly Below Avg,6.1,Slightly Below Avg,11.77,Average,3.54,Way Below Avg,4.82,Slightly Below Avg,4.63,Slightly Below Avg,7.26,Average,10.3,Way Below Avg,18.52,Average,21.22,Slightly Below Avg,13.76,Way Below Avg,5.9,Way Below Avg,11.26,Slightly Below Avg,7.93,Slightly Below Avg,44.32,Average,18.17,Slightly Below Avg,40.38,Average,3.98,Way Below Avg,4.26,Way Below Avg,16.75,Way Below Avg,2,2,13,No,No,No,No,No,95.00%,Excellent,90.00%,Excellent,No
617163,7,2,CITY_SCHOOL,1,1,1,1,1,1,1,1,1,1,1,1,1,1,1,0,1,0,1,0,1,1,1,1,1,1,1,1,1,1,1,0,1,1,1,0,0,0,1,1,1,1,1,1,1,1,1,1,8.56,Way Below Avg,6.49,Way Below Avg,4.92,Way Below Avg,4.42,Way Below Avg,4.12,Way Below Avg,3.15,Way Below Avg,5.02,Way Below Avg,6.58,Average,6.27,Average,6.32,Slightly Below Avg,2.58,Way Below Avg,7.75,Way Below Avg,7.77,Way Below Avg,5.4,Way Below Avg,9.86,Way Below Avg,6,Slightly Below Avg,6.08,Way Below Avg,8.98,Slightly Below Avg,13.51,Way Below Avg,8.21,Way Below Avg,16.29,Way Below Avg,3.79,Way Below Avg,4.98,Way Below Avg,11.68,Way Below Avg,1,1,41,,,,,,Average,Average,Average,Average,No
6179,7,1,LGGS,1,0,1,-1,1,-1,0,0,0,0,1,0,0,0,1,0,0,-1,1,0,0,0,1,0,0,0,1,0,1,-1,1,0,0,0,0,0,1,-1,0,0,0,0,1,0,1,0,1,0,158.55,Slightly Above Avg,72.41,Way Above Avg,54.13,Way Above Avg,8.13,Average,12.14,Average,6.93,Slightly Below Avg,13.34,Average,9.5,Average,21.84,Way Above Avg,15.63,Slightly Above Avg,5.77,Average,91.17,Slightly Above Avg,52.68,Slightly Above Avg,65.36,Slightly Above Avg,136.7,Way Above Avg,33.35,Slightly Above Avg,19.62,Average,20.46,Average,115.83,Way Above Avg,75.7,Slightly Above Avg,108.97,Slightly Above Avg,15.4,Average,12.72,Average,66.15,Average,1,1,9,No,Yes,No,No,No,Approaching Class Benchmarks,Average,Meeting Class Benchmarks,Good,Yes
6180,7,1,LGGS,1,0,1,-1,1,-1,1,0,1,0,1,-1,1,-1,0,0,1,0,0,0,1,0,0,-1,1,0,0,0,0,0,1,0,0,0,0,0,0,0,0,0,0,0,1,0,1,0,1,0,136.02,Slightly Above Avg,95.75,Way Above Avg,85.58,Way Above Avg,18.86,Slightly Above Avg,40.78,Slightly Above Avg,70.73,Way Above Avg,34.1,Way Above Avg,9.54,Average,6.8,Average,9.37,Average,6.4,Average,316.78,Way Above Avg,39.77,Average,34.46,Average,44.32,Slightly Above Avg,30.74,Slightly Above Avg,23.59,Average,17.66,Average,29.34,Average,29.66,Average,85.38,Slightly Above Avg,8.96,Slightly Below Avg,15.3,Slightly Above Avg,48.83,Average,1,2,9,No,No,No,No,No,Meeting Class Benchmarks,Good,Meeting Class Benchmarks,Good,Yes
6182,8,1,LGGS,0,0,1,0,0,0,1,0,1,0,1,0,1,-1,1,-1,1,0,1,-1,1,0,1,0,1,0,1,0,0,0,0,0,1,0,0,-1,1,-1,1,0,0,0,1,0,1,0,1,0,167.21,Slightly Above Avg,13.14,Slightly Below Avg,15.33,Slightly Above Avg,12.71,Average,34.66,Slightly Above Avg,7.87,Average,41.98,Way Above Avg,34.17,Way Above Avg,13.12,Slightly Above Avg,64.36,Way Above Avg,21.1,Slightly Above Avg,86.87,Slightly Above Avg,89.93,Slightly Above Avg,48.91,Average,25.69,Average,9.96,Slightly Below Avg,36.22,Slightly Above Avg,55.48,Way Above Avg,135.94,Way Above Avg,83.59,Slightly Above Avg,48.82,Average,26.38,Slightly Above Avg,12.74,Average,48.02,Average,1,1,13,No,No,No,No,No,62.86%,Above Average,65.97%,Above Average,Yes
6183,7,1,LGGS,1,-1,1,-1,1,0,1,0,0,-1,1,-1,1,0,0,0,1,0,0,0,1,0,1,0,1,0,0,-1,0,0,1,0,0,0,1,0,0,0,0,0,0,0,0,-1,0,0,1,0,197.35,Way Above Avg,139.59,Way Above Avg,21.69,Slightly Above Avg,24.95,Slightly Above Avg,69.58,Way Above Avg,26.53,Way Above Avg,6.54,Slightly Below Avg,9.21,Average,11.3,Slightly Above Avg,7.68,Average,10.08,Average,89.73,Slightly Above Avg,48.67,Slightly Above Avg,158.93,Way Above Avg,35.07,Average,19.22,Average,16.13,Average,18,Average,62.41,Slightly Above Avg,17.56,Slightly Below Avg,43.95,Average,36.47,Way Above Avg,11.83,Average,29.14,Slightly Below Avg,1,2,7,,,,,,Above Average,Above Average,Above Average,Above Average,No
6188,7,1,LGGS,1,-1,0,-1,1,0,1,0,1,0,1,0,1,-1,1,0,1,0,1,0,0,-1,1,0,1,-1,0,0,1,0,0,0,0,0,1,0,0,-1,0,0,0,0,1,-1,1,0,1,0,210.8,Way Above Avg,114.25,Way Above Avg,27.41,Slightly Above Avg,16.43,Slightly Above Avg,20.82,Average,11.79,Average,40.53,Way Above Avg,11,Average,12.26,Slightly Above Avg,19.31,Slightly Above Avg,25.42,Way Above Avg,100.13,Slightly Above Avg,155.06,Way Above Avg,73.18,Slightly Above Avg,24.02,Slightly Below Avg,20.01,Average,50.28,Slightly Above Avg,26.18,Slightly Above Avg,119.15,Way Above Avg,94.72,Slightly Above Avg,37.71,Average,38.11,Way Above Avg,10.11,Average,39.05,Average,1,5,9,,,,,,Above Average,Above Average,Above Average,Above Average,No
6190,7,1,LGGS,1,0,1,-1,1,0,1,0,1,-1,1,-1,1,0,1,0,1,0,1,0,1,0,1,0,1,0,0,-1,1,0,1,-1,1,0,0,0,0,-1,0,0,0,0,1,0,1,0,1,0,151.92,Slightly Above Avg,81.53,Way Above Avg,12.68,Average,14.75,Slightly Above Avg,66.94,Way Above Avg,58.39,Way Above Avg,11.38,Average,11.14,Average,9.17,Average,11.17,Average,7.82,Average,52.66,Average,54.37,Slightly Above Avg,115.74,Way Above Avg,42.39,Slightly Above Avg,133.57,Way Above Avg,39.75,Slightly Above Avg,49.73,Slightly Above Avg,173.74,Way Above Avg,28.3,Average,76.27,Average,10.51,Slightly Below Avg,8.15,Slightly Below Avg,78.87,Slightly Above Avg,1,2,13,No,No,No,Not Sure,Not Sure,76.67%,Good,65.48%,Above Average,No
6194,9,1,LGGS,1,0,1,0,1,0,1,0,1,-1,1,0,1,-1,1,-1,1,0,1,-1,1,0,1,-1,0.5,0,0,0,0,0,0,0,1,-1,0,0,1,-1,1,0,0,0,1,0,1,-1,1,0,71.18,Slightly Above Avg,62.58,Slightly Above Avg,37.82,Slightly Above Avg,23.06,Slightly Above Avg,41.98,Way Above Avg,22.11,Slightly Above Avg,41.91,Way Above Avg,35.31,Way Above Avg,9.3,Average,66.84,Way Above Avg,17.4,Slightly Above Avg,111.44,Way Above Avg,13.57,Slightly Below Avg,45.02,Average,28.68,Average,22.58,Average,75.26,Way Above Avg,49.19,Slightly Above Avg,140.54,Way Above Avg,83.07,Slightly Above Avg,56.11,Average,20.81,Slightly Above Avg,21.23,Way Above Avg,68.01,Slightly Above Avg,1,2,10.5,No,No,No,No,Not Sure,100.00%,Excellent,100.00%,Excellent,No
6204,9,2,LGGS,1,0,1,0,1,0,1,-1,1,0,1,0,1,0,1,0,1,0,1,0,1,-1,0,0,0,0,1,0,0,-1,0,0,1,0,0,0,1,-1,1,0,0,0,1,0,1,0,1,0,38.07,Average,49.66,Slightly Above Avg,18.74,Slightly Above Avg,29.37,Way Above Avg,18.24,Average,11.1,Average,8.81,Average,7.66,Average,5.73,Average,4.85,Slightly Below Avg,20.28,Way Above Avg,19.24,Slightly Below Avg,33.69,Average,31.43,Average,98.33,Way Above Avg,12.1,Average,15.35,Average,28.25,Slightly Above Avg,68.18,Way Above Avg,33.05,Average,93.64,Slightly Above Avg,10.8,Average,9.92,Average,41.02,Average,1,2,14,No,Not Sure,No,No,No,95.00%,Excellent,85.00%,Good,No
6221,8,1,LGGS,0,0,1,0,1,0,1,0,1,1,0,0,1,0,1,0,1,0,0,0,1,0,1,0,0,0,0,0,0,0,0,0,1,0,1,0,0,0,1,-1,0,0,1,1,1,0,0,0,15.72,Slightly Below Avg,36.27,Average,8.36,Slightly Below Avg,8.76,Average,5.72,Way Below Avg,5.5,Slightly Below Avg,7.7,Slightly Below Avg,5.7,Slightly Below Avg,4.63,Slightly Below Avg,24.7,Slightly Above Avg,6.14,Average,80.55,Slightly Above Avg,22.06,Average,97.49,Slightly Above Avg,23.23,Slightly Below Avg,11.33,Average,11.89,Slightly Below Avg,6.11,Slightly Below Avg,47.33,Average,112.06,Way Above Avg,95.15,Slightly Above Avg,4.39,Way Below Avg,9.39,Average,23.37,Slightly Below Avg,1,1,15,,,,,,86.00%,Good,85.69%,Good,No
622228,8,2,CITY_SCHOOL,1,0,0,0,1,0,1,0,1,0,1,0,1,0,1,0,1,0,1,0,1,0,1,0,1,0,0,0,1,0,0,0,0,0,0,0,1,0,0,0,0,0,1,0,1,0,1,0,15.16,Slightly Below Avg,13.32,Slightly Below Avg,7.1,Average,5.28,Slightly Below Avg,5.9,Slightly Below Avg,6.02,Slightly Below Avg,7.25,Average,5.66,Slightly Below Avg,6.51,Average,14.87,Slightly Above Avg,15.58,Slightly Above Avg,38.41,Average,17.83,Average,18.96,Average,26.94,Average,17.85,Average,12.4,Slightly Below Avg,7.76,Slightly Below Avg,21.58,Average,10.46,Way Below Avg,16.41,Way Below Avg,14.15,Average,8.63,Average,26.25,Slightly Below Avg,1,2,17,,,,,,73.33%,Above Average,67.24%,Above Average,No
622237,7,1,CITY_SCHOOL,1,0,0,0,1,0,1,1,1,0,0,0,1,0,1,0,1,0,1,0,1,0,1,0,1,0,1,0,0,0,0,0,1,0,0,0,1,1,1,0,0,0,1,0,1,0,1,0,15.57,Slightly Below Avg,13.19,Slightly Below Avg,6.82,Slightly Below Avg,4.7,Way Below Avg,16.56,Average,9.27,Average,7.92,Average,5.89,Slightly Below Avg,7.33,Average,8.97,Average,5.14,Slightly Below Avg,20.22,Slightly Below Avg,26.54,Average,25.72,Slightly Below Avg,29.04,Average,7.86,Slightly Below Avg,19.02,Average,16.46,Average,15.41,Way Below Avg,19.84,Slightly Below Avg,31.53,Slightly Below Avg,9.48,Slightly Below Avg,7.41,Slightly Below Avg,29.29,Average,1,2,20,,,,,,80.00%,Good,67.84%,Above Average,No
622532,8,2,CITY_SCHOOL,1,0,1,-1,1,0,1,0,1,0,1,1,1,1,1,0,1,0,1,0,1,0,1,0,1,0,1,0,0,0,0,0,1,0,1,0,1,1,1,1,0,0,1,1,1,0,1,0,10.6,Slightly Below Avg,78.82,Way Above Avg,5.36,Slightly Below Avg,11.92,Slightly Above Avg,5.92,Slightly Below Avg,3.91,Way Below Avg,3.9,Way Below Avg,11.36,Slightly Above Avg,7.19,Average,7.88,Average,3.97,Slightly Below Avg,26.47,Average,26.29,Average,49.39,Slightly Above Avg,16.47,Slightly Below Avg,4.98,Way Below Avg,26.1,Average,20.31,Average,13.02,Way Below Avg,9.83,Way Below Avg,10.84,Way Below Avg,5.47,Way Below Avg,6.27,Slightly Below Avg,24.74,Slightly Below Avg,1,2,25,,,,,,86.67%,Good,66.75%,Above Average,No
6226,7,1,LGGS,0,0,0,0,1,0,1,0,1,0,0,0,1,0,0,0,1,0,0,0,1,-1,1,0,0,0,1,0,0,0,0,0,1,0,0,0,1,0,1,0,0,0,1,0,1,0,1,0,46.9,Average,31.62,Average,15.3,Average,13.9,Slightly Above Avg,15.93,Average,10.85,Average,27.81,Slightly Above Avg,10.06,Average,14.62,Slightly Above Avg,10.02,Average,24.89,Way Above Avg,49.56,Average,79.84,Slightly Above Avg,85.19,Slightly Above Avg,33.14,Average,20.66,Average,30.26,Slightly Above Avg,12.43,Average,63.23,Slightly Above Avg,102.88,Slightly Above Avg,61.28,Average,29.34,Slightly Above Avg,8.24,Average,43.89,Average,2,2,13,No,No,No,No,No,95.00%,Excellent,95.00%,Excellent,No
6229,9,3,LGGS,1,0,1,-1,1,0,1,0,1,0,0,-1,1,0,1,-1,0,0,1,0,1,0,1,0,1,0,1,0,1,0,0,0,1,-1,1,0,1,-1,1,0,1,0,1,0,1,0,1,-1,32.05,Slightly Above Avg,42.3,Way Above Avg,9.58,Slightly Above Avg,11.7,Slightly Above Avg,15.3,Slightly Above Avg,23.78,Way Above Avg,11.8,Slightly Above Avg,13.42,Way Above Avg,5.95,Average,10.68,Slightly Above Avg,11.66,Slightly Above Avg,27.61,Average,29.81,Slightly Above Avg,43.68,Slightly Above Avg,17.99,Average,23.78,Slightly Above Avg,104.45,Way Above Avg,31.71,Slightly Above Avg,56.14,Way Above Avg,35.09,Slightly Above Avg,41.07,Slightly Above Avg,9.53,Average,9.25,Average,61.1,Way Above Avg,1,1,15,No,No,No,Yes,Not Sure,86.67%,Good,64.67%,Above Average,Yes
623136,8,2,CITY_SCHOOL,1,0,0,0,1,0,1,0,1,0,1,0,1,0,1,0,1,0,1,0,1,0,1,0,1,0,1,0,1,0,1,0,0,0,1,-1,1,0,0,0,0,0,1,0,1,0,1,0,13.43,Slightly Below Avg,27.18,Average,9.15,Average,8.9,Average,13.28,Average,10.78,Average,8.67,Average,6.16,Average,6.16,Average,9.7,Average,7.5,Average,44.2,Average,22.36,Average,18.16,Average,32.26,Average,26.48,Slightly Above Avg,20.42,Average,53.58,Way Above Avg,14.05,Slightly Below Avg,13.12,Way Below Avg,30.75,Average,9.38,Average,11.65,Average,25.2,Slightly Below Avg,1,1,19,,,,,,90.00%,Excellent,67.24%,Above Average,No
623572,8,1,CITY_SCHOOL,0,0,1,0,1,0,1,0,1,0,1,0,1,0,1,0,0,0,1,0,1,0,1,0,1,0,1,0,0,0,1,-1,1,-1,0,0,1,0,1,0,0,-1,1,0,1,0,1,1,37.61,Average,35.55,Average,12.24,Average,8.74,Average,33.22,Slightly Above Avg,13.56,Average,13.02,Average,5.61,Slightly Below Avg,6.81,Average,11.63,Average,10.96,Slightly Above Avg,51.46,Average,32.37,Average,55.42,Average,37.91,Average,44.05,Way Above Avg,88.25,Way Above Avg,28.34,Slightly Above Avg,38.32,Average,58.97,Slightly Above Avg,263.56,Way Above Avg,14.97,Average,9.98,Average,12.7,Way Below Avg,1,1,17,No,No,No,No,No,95.00%,Excellent,90.00%,Good,No
623617,9,2,CITY_SCHOOL,1,1,1,0,1,1,1,1,1,1,1,1,1,1,1,0,1,0,1,1,1,0,1,0,1,0,1,0,1,0,0,0,1,0,0,0,1,1,1,0,1,0,1,0,1,0,1,1,7.35,Way Below Avg,16.1,Average,3.58,Way Below Avg,3.2,Way Below Avg,3.42,Way Below Avg,4.3,Way Below Avg,4.16,Way Below Avg,4.66,Slightly Below Avg,5.44,Slightly Below Avg,3.82,Way Below Avg,4.29,Slightly Below Avg,37.04,Average,19.93,Average,10.91,Slightly Below Avg,26.86,Average,4.32,Way Below Avg,18.78,Average,6.49,Slightly Below Avg,11.05,Way Below Avg,21.31,Average,36.72,Average,6.93,Slightly Below Avg,6.28,Slightly Below Avg,9.04,Way Below Avg,1,1,31,,,,,,Average,Average,Average,Average,No
623695,7,2,CITY_SCHOOL,1,0,0,0,1,0,1,0,1,0,1,0,1,0,1,1,1,0,1,0,1,0,1,0,1,0,1,0,0,0,1,0,1,0,0,0,1,0,0,0,1,1,1,1,1,0,1,1,20.06,Average,47.16,Slightly Above Avg,18.44,Slightly Above Avg,6.79,Average,10.74,Average,8.48,Average,10.06,Average,3.85,Way Below Avg,5.01,Slightly Below Avg,5.04,Slightly Below Avg,7.06,Average,23.41,Slightly Below Avg,21.51,Average,34.18,Average,20.07,Average,29.78,Slightly Above Avg,18.82,Average,15.51,Average,17.45,Slightly Below Avg,18.24,Slightly Below Avg,17.3,Way Below Avg,5.12,Way Below Avg,7.07,Slightly Below Avg,12.27,Way Below Avg,1,1,24,No,No,No,No,No,95.00%,Excellent,90.00%,Excellent,No
623870,8,2,CITY_SCHOOL,1,0,1,0,1,0,1,0,1,0,0,0,1,0,1,0,1,0,0,0,1,0,0,0,0,0,1,0,0,0,0,0,0,0,1,0,1,1,1,0,1,0,1,0,1,0,1,0,15.83,Average,11,Slightly Below Avg,16.41,Slightly Above Avg,14.51,Slightly Above Avg,15.41,Average,11.7,Average,5.82,Slightly Below Avg,7.21,Average,4.41,Slightly Below Avg,12.87,Average,7.29,Average,41.38,Average,12.21,Slightly Below Avg,14.59,Slightly Below Avg,14.7,Slightly Below Avg,6.95,Slightly Below Avg,14.11,Average,11.28,Average,13.96,Way Below Avg,21.34,Average,18.9,Slightly Below Avg,7.1,Slightly Below Avg,7.63,Slightly Below Avg,24.74,Slightly Below Avg,2,1,18,No,No,No,No,No,95.00%,Excellent,100.00%,Excellent,No
6241,7,1,LGGS,1,0,1,0,1,0,1,-1,0,0,0,0,1,1,0,0,0,0,0,0,1,1,0,0,0,0,1,0,0,0,1,0,0,0,0,0,1,0,0,0,0,0,1,0,0,0,1,0,29.86,Average,53.39,Slightly Above Avg,12.38,Average,70.86,Way Above Avg,33.14,Slightly Above Avg,11,Average,5.73,Way Below Avg,3.77,Way Below Avg,5.14,Slightly Below Avg,4.62,Slightly Below Avg,3.24,Way Below Avg,45.1,Average,26.29,Average,33.17,Average,26.79,Average,11.56,Average,10.95,Slightly Below Avg,8.11,Slightly Below Avg,25.78,Slightly Below Avg,54.26,Average,28.34,Slightly Below Avg,21.03,Slightly Above Avg,7.78,Slightly Below Avg,36.63,Average,1,3,12,No,Yes,No,No,No,95.00%,Excellent,95.00%,Excellent,No
6242,7,1,LGGS,0,0,0,0,1,0,1,0,0,0,1,0,0,0,1,1,0,0,1,1,0,0,0,0,0,0,0,0,0,0,0,0,0,0,1,1,0,0,0,0,0,0,0,0,0,0,1,0,21.73,Average,15.55,Slightly Below Avg,18.04,Slightly Above Avg,12.13,Average,9.42,Slightly Below Avg,7.06,Slightly Below Avg,5.08,Way Below Avg,4.39,Way Below Avg,5.54,Slightly Below Avg,3.48,Way Below Avg,4.74,Slightly Below Avg,12.2,Slightly Below Avg,7.11,Way Below Avg,79.93,Slightly Above Avg,69.3,Slightly Above Avg,8.81,Slightly Below Avg,4.58,Way Below Avg,3.78,Way Below Avg,58.18,Average,34.06,Average,22.31,Slightly Below Avg,5.71,Way Below Avg,5.34,Way Below Avg,92.38,Slightly Above Avg,2,2,10,No,No,No,No,No,95.00%,Excellent,100.00%,Excellent,No
624677,10,3,CITY_SCHOOL,1,0,1,0,1,0,1,-1,1,0,1,0,1,0,1,0,1,0,1,0,1,-1,0.5,-1,1,0,1,0,1,0,0,-1,0,0,1,0,1,0,1,-1,0,0,1,0,1,0,1,0,18.09,Average,13.58,Average,12.68,Slightly Above Avg,15.61,Way Above Avg,20.78,Slightly Above Avg,9.6,Average,10.71,Slightly Above Avg,6.37,Average,6.72,Average,11.78,Slightly Above Avg,16.02,Way Above Avg,64.88,Way Above Avg,30.47,Slightly Above Avg,38.29,Slightly Above Avg,42.5,Slightly Above Avg,36.29,Way Above Avg,20.65,Average,18.05,Average,34.83,Slightly Above Avg,56.29,Way Above Avg,63.89,Slightly Above Avg,11.56,Slightly Above Avg,12.52,Slightly Above Avg,27.97,Average,1,1,15.5,No,Yes,No,No,No,95.00%,Excellent,90.00%,Excellent,No
6251,8,1,LGGS,1,-1,1,-1,1,-1,1,-1,0,0,0,0,1,0,1,0,1,0,1,0,1,0,1,0,1,-1,1,0,0,-1,1,0,0,0,0,0,0,-1,0,0,0,-1,1,0,1,0,1,0,243.92,Way Above Avg,102.37,Way Above Avg,76.65,Way Above Avg,50.78,Way Above Avg,17.99,Average,19.74,Slightly Above Avg,15.54,Average,9.97,Average,11.23,Slightly Above Avg,13.23,Average,10.95,Slightly Above Avg,31.08,Average,93.81,Way Above Avg,83.67,Slightly Above Avg,113.49,Way Above Avg,33.93,Slightly Above Avg,11.86,Slightly Below Avg,16.66,Average,135.46,Way Above Avg,101.84,Slightly Above Avg,225.38,Way Above Avg,18.32,Average,14.92,Slightly Above Avg,74.45,Slightly Above Avg,2,1,8,,,,,,Above Average,Above Average,Above Average,Above Average,No
625777,9,3,CITY_SCHOOL,1,0,1,0,1,1,1,1,1,0,1,1,1,1,1,1,1,0,1,1,1,0,1,0,1,1,1,0,1,0,1,0,1,0,1,0,1,0,1,0,1,0,1,0,1,0,1,0,9.05,Slightly Below Avg,9.22,Slightly Below Avg,3.61,Way Below Avg,3.58,Way Below Avg,4.45,Slightly Below Avg,3.76,Way Below Avg,3.7,Way Below Avg,2.26,Way Below Avg,3.9,Slightly Below Avg,3.42,Way Below Avg,4.06,Slightly Below Avg,17.31,Average,7.88,Way Below Avg,11.35,Slightly Below Avg,10.72,Slightly Below Avg,13.94,Average,15.35,Average,25.14,Slightly Above Avg,11.22,Slightly Below Avg,23.18,Average,21.49,Average,5.41,Slightly Below Avg,6.64,Slightly Below Avg,15.61,Slightly Below Avg,1,1,31,,,,,,96.67%,Excellent,59.22%,Average,No
625909,7,1,CITY_SCHOOL,1,0,0,0,1,0,1,0,1,0,0,0,1,0,1,0,0,0,1,1,0,0,0,0,0,0,0,0,1,0,0,0,0,0,0,0,0,0,0,0,0,0,0,0,0,0,1,0,72.24,Slightly Above Avg,9.87,Way Below Avg,8.92,Slightly Below Avg,6.1,Slightly Below Avg,11.36,Average,5.07,Way Below Avg,6.46,Slightly Below Avg,8.24,Average,3.43,Way Below Avg,3.63,Way Below Avg,2.53,Way Below Avg,6.16,Way Below Avg,14.25,Slightly Below Avg,22.66,Slightly Below Avg,39.78,Average,14.07,Average,11.38,Slightly Below Avg,9.48,Slightly Below Avg,29.8,Average,60.27,Slightly Above Avg,47.46,Average,20.78,Slightly Above Avg,4.07,Way Below Avg,23.58,Slightly Below Avg,1,2,10,No,No,No,No,Not Sure,43.33%,Below Average,48.00%,Below Average,Yes
626073,7,1,CITY_SCHOOL,1,1,1,1,1,0,1,0,1,0,1,0,1,0,1,1,1,0,1,0,1,1,1,0,1,0,1,0,1,1,0,0,1,0,0,0,1,0,0,0,0,0,1,0,1,0,1,1,12.75,Way Below Avg,9.67,Way Below Avg,8.94,Slightly Below Avg,8.12,Average,20.91,Average,5.96,Slightly Below Avg,8.53,Average,4.35,Way Below Avg,4.13,Slightly Below Avg,8,Average,3.95,Way Below Avg,24.02,Slightly Below Avg,14.99,Average,21.52,Slightly Below Avg,11.39,Way Below Avg,29.13,Slightly Above Avg,26.73,Average,10.96,Average,21.21,Slightly Below Avg,21.39,Slightly Below Avg,32.53,Slightly Below Avg,14.89,Average,8.46,Average,17.2,Way Below Avg,1,1,26,,,,,,Average,Average,Average,Average,No
627332,6,1,CITY_SCHOOL,1,0,1,1,1,0,1,0,1,0,1,0,1,1,1,1,1,1,0,0,0,0,0.5,0,0,0,1,0,0,0,0,0,1,0,1,0,0,0,0,0,0,0,0,0,1,0,0,0,28.3,Average,6.97,Way Below Avg,6.8,Slightly Below Avg,12.97,Average,6.94,Slightly Below Avg,6.47,Slightly Below Avg,3.71,Way Below Avg,3.52,Way Below Avg,3.25,Way Below Avg,4.91,Slightly Below Avg,3.03,Way Below Avg,37.75,Average,5.36,Way Below Avg,42.9,Average,15.41,Slightly Below Avg,24.04,Slightly Above Avg,13.66,Average,17.31,Average,16.26,Slightly Below Avg,37.59,Average,24.38,Slightly Below Avg,7.4,Slightly Below Avg,8.78,Average,35.59,Average,1,1,17.5,No,No,No,No,No,95.00%,Excellent,75.00%,Good,No
6279,8,1,LGGS,0,0,0,0,1,0,1,0,1,0,0,0,1,0,0,0,1,0,0,0,1,0,0,-1,0,0,1,0,0,0,0,0,0,0,0,0,0,-1,0,0,0,0,1,0,1,0,1,0,100.73,Slightly Above Avg,56.47,Slightly Above Avg,11.66,Average,12.07,Average,9.11,Slightly Below Avg,5.29,Way Below Avg,6.33,Slightly Below Avg,5.54,Slightly Below Avg,4.88,Slightly Below Avg,4.03,Way Below Avg,5.5,Slightly Below Avg,125.17,Way Above Avg,72.07,Slightly Above Avg,56.33,Average,29.7,Average,36.52,Slightly Above Avg,25.38,Average,13.35,Average,128.53,Way Above Avg,53.59,Average,124.14,Slightly Above Avg,16.53,Average,7.77,Slightly Below Avg,34.54,Average,1,1,8,,,,,,90.00%,Excellent,80.00%,Good,Yes
6283,7,1,LGGS,1,0,0,0,1,0,1,0,0,0,1,0,1,0,0,0,1,0,0,-1,1,0,0.5,0,0,0,1,-1,0,0,1,0,1,0,0,0,1,0,0,0,0,0,1,0,1,0,1,0,46.82,Average,46.88,Slightly Above Avg,13.38,Average,9.22,Average,12.86,Average,16.31,Slightly Above Avg,10.54,Average,19.22,Slightly Above Avg,14.34,Slightly Above Avg,36.42,Way Above Avg,7.58,Average,94.34,Slightly Above Avg,21.62,Average,157.31,Way Above Avg,15.83,Slightly Below Avg,7.78,Slightly Below Avg,8.56,Slightly Below Avg,17.36,Average,71.61,Slightly Above Avg,36.32,Average,135.38,Slightly Above Avg,9.93,Slightly Below Avg,14.37,Slightly Above Avg,33.74,Average,1,2,12.5,No,No,No,Yes,No,95.00%,Excellent,100.00%,Excellent,No
628319,6,1,CITY_SCHOOL,1,0,1,0,1,0,1,0,0,0,0,0,1,-1,1,0,1,0,0,-1,0,0,0,0,1,0,1,0,0,0,0,0,0,0,0,0,0,0,0,0,0,0,0,0,1,-1,0,0,73.98,Slightly Above Avg,11.58,Slightly Below Avg,9.86,Average,8.16,Average,22.12,Average,8.68,Average,37.07,Way Above Avg,11.75,Slightly Above Avg,9.63,Average,51.32,Way Above Avg,8.72,Average,73.97,Slightly Above Avg,22.92,Average,48.99,Average,45.24,Slightly Above Avg,7.38,Slightly Below Avg,41.8,Slightly Above Avg,34.28,Slightly Above Avg,34.78,Average,15.75,Way Below Avg,37.58,Average,17.22,Average,26.18,Way Above Avg,16.65,Way Below Avg,2,1,7,Not Sure,No,No,Yes,Yes,63.33%,Above Average,65.17%,Above Average,No
6288,10,3,LGGS,1,-1,1,0,1,0,1,-1,1,0,0,-1,1,-1,1,0,1,0,1,0,1,0,1,-1,1,0,1,-1,1,0,0,0,0,0,0,0,1,0,0,0,0,0,1,0,1,0,1,0,56.87,Way Above Avg,31.5,Slightly Above Avg,9.8,Slightly Above Avg,13.81,Way Above Avg,13.51,Slightly Above Avg,17.98,Way Above Avg,18.9,Way Above Avg,7.5,Slightly Above Avg,8.18,Slightly Above Avg,10.18,Slightly Above Avg,7.52,Slightly Above Avg,239.64,Way Above Avg,44.19,Slightly Above Avg,55.55,Way Above Avg,41.25,Slightly Above Avg,10.22,Average,26.82,Slightly Above Avg,19.8,Slightly Above Avg,24.2,Average,22.88,Average,28.7,Average,17.94,Slightly Above Avg,14.96,Slightly Above Avg,52.7,Slightly Above Avg,1,1,12,,,,,,Above Average,Above Average,Above Average,Above Average,No
6289,8,2,LGGS,1,0,0,0,1,0,1,0,1,0,0,0,1,0,0,-1,1,0,0,0,1,0,1,0,1,0,1,-1,0,0,0,0,0,0,1,0,1,0,1,0,0,0,1,0,1,0,1,-1,28.33,Average,49.44,Slightly Above Avg,5.9,Slightly Below Avg,6.22,Slightly Below Avg,12.53,Average,16.15,Slightly Above Avg,14.87,Slightly Above Avg,18.54,Way Above Avg,6.67,Average,10.99,Average,15.76,Slightly Above Avg,44.76,Average,31.21,Average,116.68,Way Above Avg,27.75,Average,12.42,Average,20.52,Average,9.84,Slightly Below Avg,54.42,Slightly Above Avg,29.79,Average,34.69,Average,18.85,Slightly Above Avg,9.68,Average,115.68,Way Above Avg,1,1,13,,,,,,95.00%,Excellent,100.00%,Excellent,No
631874,5,1,CITY_SCHOOL,1,0,1,0,1,1,1,0,1,0,1,0,1,0,1,0,1,0,1,0,1,0,1,0,1,-1,0,0,0,-1,0,0,1,0,1,0,0,-1,0,0,0,0,0,-1,0,0,1,0,36.04,Average,19.98,Average,5.85,Way Below Avg,14.94,Slightly Above Avg,20.11,Average,9.68,Average,12.77,Average,13.47,Slightly Above Avg,14.12,Slightly Above Avg,11.57,Average,7.81,Average,52.97,Average,141.27,Way Above Avg,41.06,Average,89.24,Way Above Avg,6.92,Way Below Avg,16.4,Average,23.22,Slightly Above Avg,170.54,Way Above Avg,42.41,Average,102.43,Slightly Above Avg,115.44,Way Above Avg,7.26,Slightly Below Avg,81.42,Slightly Above Avg,1,1,13,,,,,,95.00%,Excellent,90.00%,Good,No
6326,6,1,LGGS,1,0,1,-1,1,-1,1,-1,1,0,1,0,1,-1,1,-1,1,0,1,-1,1,0,1,0,1,0,0,-1,1,0,1,-1,1,-1,0,-1,0,0,0,0,0,0,1,-1,0,0,1,0,134.5,Slightly Above Avg,85.18,Way Above Avg,87.61,Way Above Avg,34.99,Way Above Avg,16.25,Average,15.97,Slightly Above Avg,31.35,Way Above Avg,25.77,Way Above Avg,10.22,Average,50.42,Way Above Avg,14.72,Slightly Above Avg,72.89,Slightly Above Avg,26.7,Average,120.07,Way Above Avg,26.54,Average,70.33,Way Above Avg,62.22,Way Above Avg,65.76,Way Above Avg,110.61,Slightly Above Avg,23.93,Slightly Below Avg,49.6,Average,35.69,Way Above Avg,14.89,Slightly Above Avg,73.92,Slightly Above Avg,1,1,7,Not Sure,Yes,No,Yes,Yes,70.00%,Above Average,47.78%,Below Average,No
6330,9,2,LGGS,1,0,1,0,1,0,1,0,1,0,0,0,0,0,0,0,1,-1,1,0,1,0,0,0,0,0,1,-1,1,-1,0,0,1,0,1,0,1,0,0,0,0,0,0,0,0,0,1,0,38.26,Average,16.83,Average,5.86,Slightly Below Avg,6.94,Average,11.51,Average,12,Average,12.78,Slightly Above Avg,8.14,Average,15.33,Way Above Avg,6.59,Slightly Below Avg,7.5,Average,8.16,Way Below Avg,14.41,Slightly Below Avg,130.01,Way Above Avg,119.54,Way Above Avg,6.66,Slightly Below Avg,22.54,Average,12.27,Average,53.5,Slightly Above Avg,26.04,Average,31.7,Average,12.13,Average,5.02,Way Below Avg,39.94,Average,2,2,11,No,No,No,No,No,96.67%,Excellent,96.00%,Excellent,No
633423,7,1,CITY_SCHOOL,1,1,1,0,1,1,1,1,1,1,1,0,1,1,1,1,0,0,1,0,1,1,1,0,1,0,1,1,1,0,0,0,1,0,0,0,1,1,1,1,1,1,1,1,1,1,1,0,6.98,Way Below Avg,20.03,Average,3.49,Way Below Avg,4.26,Way Below Avg,3.69,Way Below Avg,5.63,Slightly Below Avg,5.06,Way Below Avg,4.88,Way Below Avg,3.67,Way Below Avg,5.54,Slightly Below Avg,3.7,Way Below Avg,15.15,Slightly Below Avg,15.42,Average,6.74,Way Below Avg,16.82,Slightly Below Avg,9.9,Slightly Below Avg,24.7,Average,15.53,Average,8.71,Way Below Avg,9.62,Way Below Avg,14.78,Way Below Avg,4.61,Way Below Avg,5.66,Way Below Avg,20.08,Slightly Below Avg,1,1,34,,,,,,Average,Average,Average,Average,No
633438,8,2,CITY_SCHOOL,1,0,1,1,1,0,1,0,1,1,1,0,1,0,1,0,1,0,1,0,1,0,1,0,1,0,1,0,0,0,0,0,1,0,0,0,1,1,1,0,0,0,1,0,1,0,1,0,24,Average,6.84,Way Below Avg,6.6,Slightly Below Avg,8.29,Average,4.07,Way Below Avg,7.54,Average,7.13,Slightly Below Avg,5.42,Slightly Below Avg,6.18,Average,13.22,Average,4.33,Slightly Below Avg,33.45,Average,38.34,Slightly Above Avg,12.23,Slightly Below Avg,15.43,Slightly Below Avg,3.94,Way Below Avg,12.18,Slightly Below Avg,8.96,Slightly Below Avg,12.28,Way Below Avg,20.92,Average,29.35,Average,11.1,Average,8.48,Average,20.98,Slightly Below Avg,2,2,23,No,No,No,No,No,96.67%,Excellent,96.00%,Excellent,No
6335,7,1,LGGS,1,-1,0,0,1,0,1,0,1,0,0,0,1,0,0,0,1,0,0,0,1,0,0.5,-1,0.5,0,1,0,0,0,1,0,0,0,1,0,0,-1,0,0,0,0,1,0,1,0,1,-1,186.15,Way Above Avg,29.02,Average,13.01,Average,23.72,Slightly Above Avg,27.16,Slightly Above Avg,13.51,Average,21.4,Slightly Above Avg,5.72,Slightly Below Avg,6.82,Average,7.22,Average,6.65,Average,212.78,Way Above Avg,36.62,Average,20.93,Slightly Below Avg,18.81,Slightly Below Avg,18.29,Average,41.21,Slightly Above Avg,35.69,Slightly Above Avg,112.76,Way Above Avg,18.1,Slightly Below Avg,15.66,Way Below Avg,22.21,Slightly Above Avg,13.78,Slightly Above Avg,134.51,Way Above Avg,1,1,10,,,,,,Above Average,Above Average,Above Average,Above Average,No
633503,6,1,CITY_SCHOOL,1,1,0,0,1,0,1,0,1,0,1,0,0,0,0,0,1,-1,0,0,1,0,0,0,1,-1,1,1,0,0,1,1,0,0,0,0,0,0,0,0,0,0,1,0,1,0,1,0,12.17,Way Below Avg,18.01,Average,8.15,Slightly Below Avg,6.79,Slightly Below Avg,28.27,Slightly Above Avg,7.01,Slightly Below Avg,21.11,Slightly Above Avg,20.26,Slightly Above Avg,49.28,Way Above Avg,14.06,Average,9.63,Average,42.98,Average,282.49,Way Above Avg,14.26,Way Below Avg,28.12,Average,5.44,Way Below Avg,7.76,Way Below Avg,8.77,Slightly Below Avg,34.85,Average,21.52,Slightly Below Avg,29.9,Slightly Below Avg,26.37,Slightly Above Avg,19.15,Slightly Above Avg,50.1,Average,2,1,14,,,,,,Average,Average,Average,Average,No
6352,8,2,LGGS,1,0,1,0,1,0,1,0,1,0,0,0,1,0,1,0,1,0,0,0,1,0,1,0,0.5,-1,1,0,0,0,1,0,1,0,1,0,1,0,1,0,1,0,1,0,1,0,1,0,62.5,Slightly Above Avg,37.4,Slightly Above Avg,6.13,Slightly Below Avg,5.74,Slightly Below Avg,14.7,Average,19.65,Slightly Above Avg,10.24,Average,8.86,Average,6.25,Average,21.58,Slightly Above Avg,6.06,Average,56.24,Slightly Above Avg,81.32,Way Above Avg,16.24,Slightly Below Avg,31.94,Average,11.54,Average,16.8,Average,7.79,Slightly Below Avg,44.95,Slightly Above Avg,24.34,Average,54.14,Average,13.7,Average,9.67,Average,40.74,Average,1,2,19.5,No,No,No,Yes,Yes,83.33%,Good,80.19%,Good,No
635448,7,1,CITY_SCHOOL,1,0,0,0,1,0,1,0,1,0,0,0,1,0,0,0,1,0,0,0,1,0,0,0,0,0,1,0,0,0,0,0,0,0,0,0,0,0,0,0,0,0,1,0,1,0,1,0,39.24,Average,20.15,Average,7.19,Slightly Below Avg,17.05,Slightly Above Avg,28.28,Slightly Above Avg,6.74,Slightly Below Avg,17.62,Slightly Above Avg,5.62,Slightly Below Avg,5.62,Slightly Below Avg,15.19,Slightly Above Avg,4.68,Slightly Below Avg,18.14,Slightly Below Avg,8.9,Way Below Avg,79.67,Slightly Above Avg,21.73,Slightly Below Avg,21.66,Average,16.62,Average,15.42,Average,83.47,Slightly Above Avg,49.36,Average,42.54,Average,18.48,Average,13.26,Slightly Above Avg,31.41,Average,1,2,11,No,No,No,No,No,100.00%,Excellent,100.00%,Excellent,No
6361,,2,LGGS,1,0,1,0,1,0,1,0,1,0,0,0,1,0,1,0,1,0,0,0,1,0,0,0,0,0,1,0,0,0,1,0,1,0,1,0,1,0,1,1,1,0,1,0,1,0,1,0,25.09,Average,18.13,Average,12.85,Slightly Above Avg,6.64,Average,9.5,Average,9.17,Average,6.4,Slightly Below Avg,4.65,Slightly Below Avg,4.37,Slightly Below Avg,6.62,Average,5.07,Slightly Below Avg,22.13,Slightly Below Avg,9.96,Slightly Below Avg,18.15,Average,11.46,Way Below Avg,14.89,Average,10.79,Slightly Below Avg,25.79,Slightly Above Avg,16.56,Slightly Below Avg,11.8,Way Below Avg,20.4,Slightly Below Avg,11.05,Average,7.02,Slightly Below Avg,61.61,Slightly Above Avg,1,1,20,No,No,No,No,No,100.00%,Excellent,100.00%,Excellent,No
637133,7,2,CITY_SCHOOL,1,0,0,0,1,0,1,0,0,0,1,1,1,1,1,0,1,0,1,0,1,0,0,0,1,0,1,0,1,0,0,0,0,0,0,0,1,0,1,0,1,0,1,0,1,0,1,1,22.83,Average,7.2,Way Below Avg,4.95,Slightly Below Avg,9.01,Average,6.53,Slightly Below Avg,4.11,Way Below Avg,4.82,Way Below Avg,6.86,Average,6.86,Average,9.35,Average,5.46,Slightly Below Avg,5.65,Way Below Avg,21.13,Average,17.21,Average,22.78,Average,12.75,Average,8.78,Slightly Below Avg,20.09,Average,16.83,Slightly Below Avg,33.8,Average,29.66,Average,12.71,Average,7.06,Slightly Below Avg,16.12,Way Below Avg,2,1,21,No,No,No,No,No,100.00%,Excellent,95.00%,Excellent,No
6374,8,2,LGGS,1,0,1,0,1,0,1,0,1,0,1,0,1,0,1,0,1,0,1,0,1,0,1,0,1,0,1,0,0,0,0,0,1,0,1,0,1,0,1,0,1,0,1,0,1,0,1,0,86.11,Slightly Above Avg,25.71,Average,10.79,Average,5.82,Slightly Below Avg,9.42,Average,6.53,Slightly Below Avg,8.9,Average,7.34,Average,5.04,Slightly Below Avg,6.09,Slightly Below Avg,7.27,Average,36.05,Average,65.34,Slightly Above Avg,49.23,Slightly Above Avg,33.91,Average,16.78,Average,35.03,Slightly Above Avg,23.25,Slightly Above Avg,25.24,Average,18.84,Slightly Below Avg,20.58,Slightly Below Avg,10.56,Average,10.14,Average,62.68,Slightly Above Avg,1,1,22,No,No,No,No,Yes,55.00%,Average,70.00%,Above Average,No
6384,8,2,LGGS,1,0,1,0,1,0,1,0,1,0,1,-1,1,0,1,0,1,0,0,0,1,0,1,-1,1,0,1,-1,1,-1,0,0,0,-1,1,-1,0,-1,0,-1,0,0,1,0,1,0,1,-1,64.02,Slightly Above Avg,31.52,Average,14.84,Slightly Above Avg,13.43,Slightly Above Avg,20.38,Slightly Above Avg,35.78,Way Above Avg,10.88,Average,8.42,Average,10.8,Slightly Above Avg,26.9,Slightly Above Avg,9.68,Slightly Above Avg,87.6,Way Above Avg,58.14,Slightly Above Avg,112.92,Way Above Avg,120.7,Way Above Avg,8.33,Slightly Below Avg,71.19,Way Above Avg,81.73,Way Above Avg,194.46,Way Above Avg,79.59,Way Above Avg,62.5,Slightly Above Avg,18.71,Slightly Above Avg,15.64,Slightly Above Avg,91.12,Way Above Avg,1,2,9,No,No,No,Yes,Yes,60.00%,Above Average,60.00%,Above Average,No
638490,8,2,CITY_SCHOOL,1,0,1,1,1,-1,1,1,0,0,0,0,1,1,0,0,1,0,1,0,1,0,1,0,1,0,1,1,1,0,0,0,0,0,0,0,0,0,0,0,0,0,1,0,1,0,1,0,21.5,Average,8.22,Way Below Avg,25,Way Above Avg,3.51,Way Below Avg,3.7,Way Below Avg,2.62,Way Below Avg,3.65,Way Below Avg,4.14,Way Below Avg,4.31,Slightly Below Avg,5.94,Slightly Below Avg,7.03,Average,33.7,Average,41.35,Slightly Above Avg,10.24,Way Below Avg,14.04,Slightly Below Avg,10.3,Average,11.77,Slightly Below Avg,8.28,Slightly Below Avg,49.74,Slightly Above Avg,46.1,Slightly Above Avg,71.74,Slightly Above Avg,13.17,Average,9.1,Average,31.14,Average,1,1,18,No,No,No,No,No,100.00%,Excellent,95.00%,Excellent,No
6386,7,1,LGGS,0,0,0,0,1,0,1,0,1,0,1,0,0,0,1,0,0,0,0,0,1,1,0,0,0,0,1,0,0,0,0,0,0,0,0,0,1,0,0,-1,0,0,1,0,0,-1,1,-1,49.49,Average,20.01,Average,19.59,Slightly Above Avg,10.48,Average,13.8,Average,6.32,Slightly Below Avg,7.34,Slightly Below Avg,5.74,Slightly Below Avg,12.53,Slightly Above Avg,4.43,Slightly Below Avg,4.28,Way Below Avg,23.59,Slightly Below Avg,9.93,Slightly Below Avg,87.04,Slightly Above Avg,15.73,Slightly Below Avg,36.62,Slightly Above Avg,13.63,Average,7.94,Slightly Below Avg,33.91,Average,160.14,Way Above Avg,86.55,Slightly Above Avg,16,Average,23.68,Way Above Avg,132,Way Above Avg,1,2,8,No,No,No,No,No,100.00%,Excellent,95.00%,Excellent,No
6400,8,2,LGGS,1,-1,1,0,1,0,1,-1,1,0,1,-1,1,0,1,0,1,0,1,0,1,0,1,0,1,-1,1,0,1,0,0,0,1,0,1,0,1,-1,1,0,1,0,1,0,1,0,1,1,163.3,Way Above Avg,56.73,Slightly Above Avg,21.05,Slightly Above Avg,22.42,Way Above Avg,14.94,Average,33.49,Way Above Avg,13.01,Slightly Above Avg,12.77,Slightly Above Avg,6.92,Average,8.7,Average,9.88,Slightly Above Avg,29.79,Average,69.5,Way Above Avg,46.76,Slightly Above Avg,24.3,Average,11.28,Average,31.94,Slightly Above Avg,15.3,Average,68.87,Way Above Avg,25.27,Average,32.34,Average,15.93,Average,10.98,Average,16.43,Way Below Avg,1,3,19,,,,,,Above Average,Above Average,Above Average,Above Average,No
6425,,2,LGGS,1,0,1,0,1,0,1,1,1,0,0,0,1,-1,1,0,1,0,1,0,1,0,1,-1,1,0,1,0,0,0,1,-1,0,0,1,0,1,0,1,0,1,0,1,0,1,0,1,0,86.57,Slightly Above Avg,26.19,Average,4.99,Slightly Below Avg,4.61,Way Below Avg,15.2,Average,25.74,Slightly Above Avg,31.3,Way Above Avg,6.2,Average,5,Slightly Below Avg,5.62,Slightly Below Avg,8.13,Average,94.17,Way Above Avg,14.02,Slightly Below Avg,33.06,Average,12.75,Slightly Below Avg,65.09,Way Above Avg,13.37,Average,30.89,Slightly Above Avg,26.5,Average,29.9,Average,78.5,Slightly Above Avg,19.02,Slightly Above Avg,8.1,Average,52.55,Slightly Above Avg,1,1,19,No,Yes,No,No,Yes,70.00%,Average,95.00%,Excellent,No
6429,7,2,LGGS,1,0,0,-1,1,0,1,0,1,0,0,-1,0,-1,1,-1,1,0,1,-1,1,0,1,0,1,0,1,-1,1,0,0,-1,1,-1,0,0,0,0,1,-1,0,0,1,0,1,-1,1,0,76.26,Slightly Above Avg,91.86,Way Above Avg,8.05,Average,9.51,Average,36.18,Slightly Above Avg,32.09,Way Above Avg,25.74,Way Above Avg,17.33,Way Above Avg,8.59,Slightly Above Avg,35.17,Way Above Avg,6.16,Average,44.88,Average,48.95,Slightly Above Avg,116.67,Way Above Avg,22.09,Average,43.02,Way Above Avg,58.9,Way Above Avg,11.77,Average,50.78,Slightly Above Avg,66.43,Way Above Avg,91.98,Slightly Above Avg,11.69,Average,19.66,Way Above Avg,38.85,Average,1,1,7,,,,,,75.00%,Above Average,75.00%,Above Average,No
6434,7,1,LGGS,0,-1,1,0,0,-1,1,-1,1,-1,1,-1,1,0,1,0,1,0,1,-1,0,-1,0,0,1,-1,1,0,0,-1,1,-1,1,0,0,-1,0,-1,0,-1,0,0,1,0,1,0,1,0,242,Way Above Avg,57.41,Slightly Above Avg,60.28,Way Above Avg,74.58,Way Above Avg,62.49,Way Above Avg,40.75,Way Above Avg,17.56,Slightly Above Avg,9.66,Average,11.38,Slightly Above Avg,73.2,Way Above Avg,36.4,Way Above Avg,74.58,Slightly Above Avg,100.13,Way Above Avg,48.59,Average,205.17,Way Above Avg,171.22,Way Above Avg,21.58,Average,104.99,Way Above Avg,200,Way Above Avg,151.29,Way Above Avg,94.94,Slightly Above Avg,18.64,Average,18.86,Slightly Above Avg,22.4,Slightly Below Avg,2,1,2,,,,,,Above Average,Above Average,Above Average,Above Average,No
6440,8,2,LGGS,1,-1,1,-1,1,-1,1,-1,1,0,0,-1,1,-1,0,-1,1,-1,0,0,1,-1,0,0,0,0,1,0,0,0,0,0,1,0,0,0,1,-1,0,0,0,0,1,-1,0,-1,1,0,236.03,Way Above Avg,65.23,Way Above Avg,36.02,Way Above Avg,43.99,Way Above Avg,31.53,Slightly Above Avg,37.84,Way Above Avg,36.5,Way Above Avg,21.93,Way Above Avg,20.06,Way Above Avg,15.07,Slightly Above Avg,48.7,Way Above Avg,27.15,Average,30.04,Average,44.38,Slightly Above Avg,58.44,Slightly Above Avg,23.11,Slightly Above Avg,23.02,Average,10.65,Average,92.28,Way Above Avg,52.09,Slightly Above Avg,28.89,Average,35.19,Way Above Avg,22.78,Way Above Avg,57.5,Slightly Above Avg,1,5,1,,,,,,Above Average,Above Average,Above Average,Above Average,No
6441,,3,LGGS,1,-1,1,0,1,-1,1,0,1,0,0,0,1,0,1,-1,1,0,1,0,1,0,1,0,1,0,1,-1,1,0,0,0,1,0,0,0,0,0,0,-1,0,0,1,0,1,0,1,0,55.74,Way Above Avg,24.7,Slightly Above Avg,42.02,Way Above Avg,12.21,Slightly Above Avg,19.88,Slightly Above Avg,4.66,Slightly Below Avg,13.82,Slightly Above Avg,11.74,Way Above Avg,5.52,Average,9.13,Slightly Above Avg,5.35,Average,53.22,Slightly Above Avg,15.78,Average,103.9,Way Above Avg,32.09,Slightly Above Avg,9.26,Slightly Below Avg,27.83,Slightly Above Avg,28.51,Slightly Above Avg,17.59,Average,59.5,Way Above Avg,24.98,Average,8.82,Average,7.77,Average,56.99,Slightly Above Avg,1,2,13,,,,,,Above Average,Above Average,Above Average,Above Average,No
647208,8,3,CITY_SCHOOL,1,0,1,0,1,-1,1,1,1,1,1,0,1,0,1,0,1,0,1,0,1,-1,1,0,1,0,1,0,1,0,1,0,1,1,1,1,1,-1,1,0,1,1,1,0,1,0,1,0,12.32,Average,19.88,Slightly Above Avg,15.03,Way Above Avg,3.02,Way Below Avg,3.99,Way Below Avg,13.12,Slightly Above Avg,7.43,Average,7.77,Slightly Above Avg,3.21,Slightly Below Avg,4.4,Slightly Below Avg,15.01,Way Above Avg,21.2,Average,18.75,Average,9.2,Slightly Below Avg,13.1,Slightly Below Avg,7.36,Slightly Below Avg,7.44,Way Below Avg,5.56,Way Below Avg,45.48,Way Above Avg,36.14,Slightly Above Avg,12.9,Way Below Avg,7.77,Average,8.11,Average,27.62,Average,3,3,26,No,No,No,No,No,100.00%,Excellent,100.00%,Excellent,No
6475,9,1,LGGS,1,0,1,0,1,0,1,-1,1,-1,1,-1,1,0,1,0,1,-1,1,-1,1,-1,1,0,0,0,1,0,0,0,1,-1,1,0,1,0,1,0,1,0,0,0,1,-1,1,0,1,0,88.27,Slightly Above Avg,41.51,Slightly Above Avg,20.79,Slightly Above Avg,43.22,Way Above Avg,66.46,Way Above Avg,35.15,Way Above Avg,25.49,Slightly Above Avg,9.12,Average,28.89,Way Above Avg,43.11,Way Above Avg,44.96,Way Above Avg,77.88,Slightly Above Avg,35.52,Average,55.47,Average,56.52,Slightly Above Avg,53.86,Way Above Avg,29.3,Slightly Above Avg,41.58,Slightly Above Avg,46.5,Average,63.58,Slightly Above Avg,93.1,Slightly Above Avg,38.82,Way Above Avg,7.42,Slightly Below Avg,36.02,Average,1,1,13,No,No,No,No,Yes,80.00%,Good,87.50%,Good,No
6476,7,2,LGGS,1,0,1,0,1,0,1,0,1,0,0,0,1,0,1,0,1,0,1,0,1,0,1,0,1,0,1,0,1,0,0,0,0,0,0,0,1,0,1,0,1,-1,1,0,1,0,1,0,13.02,Slightly Below Avg,11.8,Slightly Below Avg,7.98,Average,10.08,Average,7.79,Slightly Below Avg,7.5,Average,5.39,Slightly Below Avg,4.39,Slightly Below Avg,4.28,Slightly Below Avg,8.26,Average,7.64,Average,18.89,Slightly Below Avg,28.78,Average,16.4,Slightly Below Avg,19.5,Average,6.67,Slightly Below Avg,10.54,Slightly Below Avg,6.8,Slightly Below Avg,36.98,Average,20.7,Average,112.34,Way Above Avg,8.52,Slightly Below Avg,8.27,Average,34.62,Average,1,1,19,,,,,,73.33%,Above Average,48.00%,Below Average,No
648124,9,2,CITY_SCHOOL,1,0,1,0,1,0,1,0,0,0,1,0,1,0,1,0,1,0,1,0,1,0,0,0,0,0,1,1,1,0,0,0,0,0,0,0,1,0,1,0,0,0,1,0,1,0,1,1,21.38,Average,24.72,Average,6.62,Slightly Below Avg,6.22,Slightly Below Avg,8.1,Average,10.64,Average,5.38,Slightly Below Avg,5.51,Slightly Below Avg,5.54,Average,8.52,Average,4.9,Slightly Below Avg,22.36,Slightly Below Avg,28.51,Average,10.78,Way Below Avg,17.48,Average,10.34,Average,22.36,Average,13.54,Average,14.39,Slightly Below Avg,17.52,Slightly Below Avg,18.07,Way Below Avg,8.59,Slightly Below Avg,5.76,Slightly Below Avg,14.81,Way Below Avg,1,1,19,No,No,No,No,No,100.00%,Excellent,95.00%,Excellent,No
648126,8,2,CITY_SCHOOL,1,0,1,0,1,0,1,0,0,0,1,0,1,0,1,0,0,0,0,0,1,0,0,0,0,0,1,0,0,0,0,0,0,0,0,0,0,0,0,0,0,0,1,-1,1,0,1,0,35.2,Average,10.72,Slightly Below Avg,7.06,Average,6.02,Slightly Below Avg,25.53,Slightly Above Avg,10.75,Average,5.55,Slightly Below Avg,6.14,Average,6.83,Average,3.87,Way Below Avg,6.69,Average,25.17,Average,4.8,Way Below Avg,12.68,Slightly Below Avg,15.45,Slightly Below Avg,16.27,Average,7.29,Way Below Avg,10.45,Average,48.15,Slightly Above Avg,47.38,Slightly Above Avg,32.25,Average,54.59,Way Above Avg,7.32,Slightly Below Avg,44.3,Average,1,2,11,No,No,No,No,No,100.00%,Excellent,100.00%,Excellent,No
648877,7,1,CITY_SCHOOL,0,0,0,0,1,0,1,0,1,0,1,0,1,0,1,0,1,0,1,-1,1,0,0,0,0,0,1,1,0,0,0,0,0,0,0,0,1,0,1,0,0,0,1,0,1,0,1,0,54.88,Average,53.46,Slightly Above Avg,11.28,Average,22.03,Slightly Above Avg,12.5,Average,13.14,Average,10.35,Average,9.51,Average,7.38,Average,44.55,Way Above Avg,7.19,Average,39.55,Average,34.86,Average,12.7,Way Below Avg,30.78,Average,9.66,Slightly Below Avg,8.21,Slightly Below Avg,20.41,Average,37.81,Average,65.07,Slightly Above Avg,61.77,Average,13.54,Average,8.19,Slightly Below Avg,37.03,Average,1,2,15,No,No,No,No,No,100.00%,Excellent,100.00%,Excellent,No
648992,6,1,CITY_SCHOOL,1,1,1,0,1,0,1,0,1,0,1,0,1,1,0,0,1,1,0,0,1,0,0,0,0,0,1,-1,0,0,0,0,0,0,1,0,1,0,1,0,0,0,1,0,0,0,1,0,10.84,Way Below Avg,21.26,Average,8.65,Slightly Below Avg,6.26,Slightly Below Avg,12.44,Average,8.86,Average,5.86,Way Below Avg,2.94,Way Below Avg,3.91,Way Below Avg,4.4,Way Below Avg,9.48,Average,41.19,Average,13.19,Slightly Below Avg,186.64,Way Above Avg,33.78,Average,17.97,Average,13.65,Average,6.65,Slightly Below Avg,34.67,Average,23.98,Slightly Below Avg,50.96,Average,23.67,Slightly Above Avg,9.46,Average,25.99,Slightly Below Avg,1,2,17,,,,,,Average,Average,Average,Average,No
6490,7,2,LGGS,1,-1,1,-1,1,0,1,0,1,-1,0,-1,1,-1,1,0,1,0,0,0,1,0,1,0,0,0,1,0,1,0,0,-1,1,-1,0,0,1,0,1,-1,1,0,1,0,1,0,1,0,128.53,Way Above Avg,90.22,Way Above Avg,21.32,Slightly Above Avg,8.41,Average,36.9,Way Above Avg,58.96,Way Above Avg,44.64,Way Above Avg,11.93,Slightly Above Avg,5.45,Average,17.76,Slightly Above Avg,16.5,Slightly Above Avg,25.45,Average,47.94,Slightly Above Avg,44.5,Slightly Above Avg,24.56,Average,61.21,Way Above Avg,117.3,Way Above Avg,21.26,Average,33.32,Average,90.17,Way Above Avg,90.49,Slightly Above Avg,17.21,Slightly Above Avg,9.84,Average,41.38,Average,2,2,11,,,,,,Above Average,Above Average,Above Average,Above Average,No
649019,9,3,CITY_SCHOOL,1,0,1,-1,1,0,1,0,1,0,1,1,1,0,1,0,1,0,1,-1,1,0,1,0,1,0,1,0,1,0,1,0,1,0,1,0,1,0,1,0,0,0,1,1,1,1,1,0,40.51,Slightly Above Avg,38.79,Way Above Avg,4.56,Slightly Below Avg,4.44,Slightly Below Avg,4.43,Slightly Below Avg,3.48,Way Below Avg,4.58,Slightly Below Avg,9.91,Slightly Above Avg,5.33,Average,18.21,Way Above Avg,4.25,Average,17.62,Average,33.05,Slightly Above Avg,19.04,Average,15.27,Average,19.84,Slightly Above Avg,16.87,Average,13.53,Average,20.41,Average,14.42,Slightly Below Avg,24.09,Average,4.57,Way Below Avg,4.16,Way Below Avg,14.86,Slightly Below Avg,1,1,24,No,No,No,Yes,Yes,80.00%,Good,85.00%,Good,No
649253,7,1,CITY_SCHOOL,0,0,1,0,1,0,1,0,1,0,1,0,1,0,1,0,1,0,1,0,1,0,0,0,0,0,1,0,1,0,0,0,0,0,1,0,1,0,1,0,0,0,0,0,1,0,1,1,29.5,Average,12.49,Slightly Below Avg,9.83,Average,10.02,Average,15.21,Average,6.27,Slightly Below Avg,6.37,Slightly Below Avg,7.04,Average,6.26,Average,8.83,Average,7.29,Average,17.78,Slightly Below Avg,14.15,Slightly Below Avg,19.98,Slightly Below Avg,82.78,Slightly Above Avg,3.9,Way Below Avg,13.96,Average,11.21,Average,79.52,Slightly Above Avg,32.18,Average,84.98,Slightly Above Avg,9.39,Slightly Below Avg,10.36,Average,18.19,Way Below Avg,1,1,18,No,No,No,Yes,No,100.00%,Excellent,90.00%,Excellent,No
649446,6,1,CITY_SCHOOL,1,0,1,0,1,0,1,1,1,1,1,0,1,0,1,0,1,0,1,0,1,1,0.5,0,1,0,1,0,1,0,0,0,1,0,0,0,1,0,1,0,0,0,1,0,1,0,1,0,15.53,Slightly Below Avg,14.08,Slightly Below Avg,9.62,Average,5.61,Way Below Avg,6.02,Way Below Avg,9.3,Average,7.55,Slightly Below Avg,5.42,Slightly Below Avg,5.83,Average,5.17,Slightly Below Avg,3.34,Way Below Avg,61.18,Slightly Above Avg,11.91,Slightly Below Avg,21.55,Slightly Below Avg,23.17,Slightly Below Avg,4.72,Way Below Avg,15.91,Average,11.69,Average,19.75,Slightly Below Avg,19.57,Slightly Below Avg,67.44,Average,18.38,Average,12.13,Average,35.01,Average,1,1,23.5,,,,,,73.33%,Above Average,52.00%,Average,No
6498,11,3,LGGS,0,0,0,0,0,0,0,0,0,0,0,0,1,0,1,0,1,0,1,0,1,-1,1,0,1,0,1,0,0,-1,0,0,1,0,1,0,1,0,1,0,1,0,1,-1,1,-1,1,-1,36.59,Slightly Above Avg,14.88,Average,10.63,Slightly Above Avg,7.58,Average,8.13,Average,16.74,Slightly Above Avg,12.58,Slightly Above Avg,9.26,Slightly Above Avg,8.94,Slightly Above Avg,13.15,Slightly Above Avg,12.54,Way Above Avg,57.5,Slightly Above Avg,40.18,Slightly Above Avg,38.08,Slightly Above Avg,66.94,Way Above Avg,24.66,Slightly Above Avg,19.79,Average,9.54,Slightly Below Avg,25.9,Slightly Above Avg,23.64,Average,42.02,Slightly Above Avg,20.9,Way Above Avg,20.46,Way Above Avg,81.76,Way Above Avg,1,2,11,No,No,No,Yes,Yes,80.00%,Good,85.00%,Good,No
6510,9,1,LGGS,1,0,0,0,1,0,1,0,1,0,0,0,1,0,1,-1,1,-1,1,-1,1,-1,0,0,0,0,0,0,1,0,1,0,0,0,1,0,0,0,0,-1,0,0,1,0,1,0,1,0,144.35,Slightly Above Avg,61.52,Slightly Above Avg,32.46,Slightly Above Avg,9.54,Average,19.17,Average,19,Slightly Above Avg,23.5,Slightly Above Avg,104.58,Way Above Avg,15.86,Way Above Avg,56.88,Way Above Avg,29.05,Way Above Avg,81.9,Slightly Above Avg,64.86,Slightly Above Avg,46.83,Average,27.2,Average,36.54,Slightly Above Avg,21.14,Average,16.14,Average,33.09,Average,103.72,Way Above Avg,59.73,Average,15.73,Average,9.11,Average,26.42,Slightly Below Avg,4,3,10,,,,,,80.00%,Good,85.00%,Good,No
651628,8,2,CITY_SCHOOL,1,0,1,0,1,0,1,0,1,-1,1,0,1,0,1,1,1,0,1,0,1,0,1,0,1,0,1,0,1,0,0,0,1,0,0,0,0,0,1,0,0,0,1,0,1,0,1,0,42.65,Average,15.05,Average,7.5,Average,10.49,Average,67.53,Way Above Avg,9.9,Average,8.11,Average,4.16,Way Below Avg,7.37,Average,8.68,Average,5.11,Slightly Below Avg,77.14,Slightly Above Avg,16.62,Average,18.96,Average,67.64,Slightly Above Avg,6.3,Slightly Below Avg,11.92,Slightly Below Avg,25.6,Slightly Above Avg,28.82,Average,21.82,Average,27.41,Average,9.12,Average,9.7,Average,35.17,Average,1,1,20,,,,,,100.00%,Excellent,100.00%,Excellent,No
651629,7,2,CITY_SCHOOL,1,0,1,0,0,-1,0,-1,1,0,0,0,1,0,1,0,1,0,1,0,1,0,1,0,1,0,1,0,1,0,0,0,1,-1,0,0,1,0,1,-1,1,0,1,0,1,0,1,0,21.28,Average,11.23,Slightly Below Avg,42.98,Way Above Avg,19,Way Above Avg,19.67,Slightly Above Avg,6.05,Slightly Below Avg,9.27,Average,5.35,Slightly Below Avg,7.85,Average,7.84,Average,8.25,Average,53.49,Slightly Above Avg,67.17,Slightly Above Avg,30.08,Average,29.96,Average,17.32,Average,63.75,Way Above Avg,14.22,Average,30.18,Average,79.19,Way Above Avg,53.7,Average,18.64,Slightly Above Avg,10.56,Average,36.69,Average,2,2,15,,,,,,100.00%,Excellent,100.00%,Excellent,No
652485,6,1,CITY_SCHOOL,0,0,0,0,1,0,1,1,1,0,1,0,1,0,1,0,1,1,1,0,1,0,0.5,0,0.5,0,1,0,0,0,0,0,0,0,0,0,0,0,0,0,0,0,0,0,0,0,1,0,15.94,Slightly Below Avg,9.4,Way Below Avg,14.83,Average,4.63,Way Below Avg,26.72,Slightly Above Avg,8.02,Average,15.58,Average,5.86,Slightly Below Avg,3.86,Way Below Avg,9.58,Average,7.45,Average,41.24,Average,13.21,Slightly Below Avg,26.01,Slightly Below Avg,26.75,Average,13.71,Average,10.3,Slightly Below Avg,9.96,Average,19.48,Slightly Below Avg,10.79,Way Below Avg,36.96,Average,17.49,Average,3.88,Way Below Avg,49.37,Average,1,2,14,,,,,,76.67%,Good,76.00%,Good,No
6528,8,2,LGGS,1,0,1,-1,1,-1,1,0,0,-1,1,-1,1,0,1,0,1,0,0,0,1,0,0,0,1,0,1,0,1,0,0,0,1,0,1,0,1,0,1,0,1,0,1,0,1,0,1,0,65.4,Slightly Above Avg,63.96,Way Above Avg,24,Way Above Avg,14.12,Slightly Above Avg,39.95,Way Above Avg,29.14,Way Above Avg,9.59,Average,6.76,Average,5.1,Slightly Below Avg,13.1,Average,6.27,Average,58.22,Slightly Above Avg,39.38,Slightly Above Avg,37.55,Average,23.06,Average,5.51,Slightly Below Avg,11.62,Slightly Below Avg,13.51,Average,24.62,Average,41.14,Slightly Above Avg,27.05,Average,8.37,Slightly Below Avg,12.09,Average,30.96,Average,2,1,16,,,,,,80.00%,Good,84.00%,Good,No
6620,9,3,LGGS,1,0,1,0,1,0,1,0,1,0,1,0,1,0,1,0,1,0,1,0,1,0,1,0,1,0,0,0,1,0,0,0,1,-1,1,1,1,0,0,0,1,0,1,0,1,1,1,0,21.65,Slightly Above Avg,13.6,Average,7.81,Average,7.87,Average,9.9,Average,10.36,Slightly Above Avg,7.5,Average,7.3,Average,6.58,Average,4.91,Average,5.82,Average,22.64,Average,11.77,Slightly Below Avg,30.18,Slightly Above Avg,24.93,Average,13.79,Average,57.34,Way Above Avg,5.54,Way Below Avg,21.19,Average,12.59,Slightly Below Avg,56.54,Slightly Above Avg,5.46,Slightly Below Avg,4.44,Way Below Avg,50.25,Slightly Above Avg,1,1,22,No,No,No,No,Yes,85.00%,Good,95.00%,Excellent,No
663134,7,1,CITY_SCHOOL,1,0,1,0,0,0,0,0,0,-1,1,1,1,1,1,1,0,0,1,1,0,0,0,0,0,0,1,0,0,0,1,0,0,0,1,1,0,0,0,0,0,0,0,0,0,0,0,0,70.87,Slightly Above Avg,68.95,Slightly Above Avg,10.42,Average,4.17,Way Below Avg,43.88,Way Above Avg,3.31,Way Below Avg,3.18,Way Below Avg,2.82,Way Below Avg,2.75,Way Below Avg,3.69,Way Below Avg,8.3,Average,34.36,Average,27.16,Average,40.66,Average,17.95,Slightly Below Avg,22.62,Average,3.33,Way Below Avg,3.27,Way Below Avg,12.73,Way Below Avg,14.29,Way Below Avg,12.44,Way Below Avg,4.99,Way Below Avg,4.13,Way Below Avg,11.9,Way Below Avg,5,5,13,No,No,No,No,Yes,90.00%,Excellent,88.00%,Good,No
663135,10,3,CITY_SCHOOL,1,0,1,-1,1,1,1,0,1,0,1,0,1,0,1,0,1,0,1,0,1,0,1,0,1,0,1,0,0,0,0,0,0,0,1,0,1,0,1,0,0,0,1,0,1,0,1,0,13.77,Average,34.54,Way Above Avg,3.65,Way Below Avg,4.38,Slightly Below Avg,8.82,Average,9.29,Average,6.42,Average,3.84,Slightly Below Avg,4.86,Average,3.86,Slightly Below Avg,3.82,Slightly Below Avg,17.01,Average,21.33,Average,15.5,Average,6.56,Way Below Avg,7.27,Slightly Below Avg,29.76,Slightly Above Avg,14.7,Average,21.16,Average,14.01,Slightly Below Avg,17.08,Slightly Below Avg,10.17,Average,7.58,Average,27.08,Average,1,1,20,,,,,,100.00%,Excellent,95.00%,Excellent,No
666819,6,1,CITY_SCHOOL,1,1,0,0,1,0,1,0,0,0,1,0,1,0,1,0,1,-1,0,0,1,0,0,0,0,0,1,0,0,0,0,-1,0,0,0,0,1,0,1,0,0,0,1,0,1,0,1,0,12.57,Way Below Avg,16.83,Slightly Below Avg,9.98,Average,21.12,Slightly Above Avg,27.2,Slightly Above Avg,24.35,Slightly Above Avg,12.69,Average,15.36,Slightly Above Avg,40.92,Way Above Avg,7.66,Average,5.18,Slightly Below Avg,21.55,Slightly Below Avg,15.38,Average,38.52,Average,36.4,Average,146.83,Way Above Avg,32.74,Slightly Above Avg,40.42,Slightly Above Avg,71.22,Slightly Above Avg,99.45,Slightly Above Avg,146.96,Slightly Above Avg,29.37,Slightly Above Avg,13.74,Slightly Above Avg,23.28,Slightly Below Avg,1,1,13,,,,,,Average,Average,Average,Average,No
667320,6,1,CITY_SCHOOL,1,0,0,0,1,0,1,0,1,0,1,0,1,0,0,0,1,0,0,0,1,1,0,0,0,0,1,0,0,0,0,0,1,0,0,0,0,0,0,0,0,0,0,0,0,0,1,0,25.22,Average,50.49,Slightly Above Avg,13.27,Average,8.34,Average,16.35,Average,8.03,Average,10.19,Average,6.05,Slightly Below Avg,5.93,Average,3.6,Way Below Avg,3.15,Way Below Avg,15.22,Slightly Below Avg,9.37,Slightly Below Avg,89.86,Slightly Above Avg,47.25,Slightly Above Avg,10.34,Average,19.78,Average,34.47,Slightly Above Avg,17.33,Slightly Below Avg,69.83,Slightly Above Avg,12.04,Way Below Avg,14.02,Average,10.63,Average,38.56,Average,1,2,12,No,No,No,Don't know,No,A,Good,A,Good,No
667705,9,2,CITY_SCHOOL,0,0,1,0,1,0,1,0,0,0,1,0,1,0,0,0,1,0,1,0,1,0,1,-1,0.5,0,1,0,1,0,1,0,1,0,0,0,1,-1,1,0,1,-1,0,0,1,0,1,0,20.55,Average,57.96,Slightly Above Avg,6.54,Slightly Below Avg,5.16,Slightly Below Avg,18.56,Average,6.72,Slightly Below Avg,7.33,Average,11.31,Slightly Above Avg,7.39,Average,12.53,Average,14.17,Slightly Above Avg,156.87,Way Above Avg,53.89,Slightly Above Avg,40.16,Average,38.1,Slightly Above Avg,9.37,Slightly Below Avg,16.65,Average,15.77,Average,90.02,Way Above Avg,30.96,Average,125.91,Way Above Avg,7.5,Slightly Below Avg,11.21,Average,26.04,Slightly Below Avg,1,1,15.5,No,No,No,No,No,A,Good,A,Good,No
669293,7,2,CITY_SCHOOL,0,0,1,0,1,0,1,0,1,0,1,0,1,0,1,0,1,0,1,0,1,1,1,0,1,0,1,0,1,0,0,0,0,0,0,0,0,0,0,0,0,0,1,1,1,0,1,0,24.05,Average,12.91,Slightly Below Avg,7.05,Average,5.26,Slightly Below Avg,7.8,Slightly Below Avg,7.33,Average,7.87,Average,13.13,Slightly Above Avg,5.19,Slightly Below Avg,5.42,Slightly Below Avg,3.58,Way Below Avg,62.74,Slightly Above Avg,40.19,Slightly Above Avg,15.48,Slightly Below Avg,34.31,Average,24.23,Slightly Above Avg,9.51,Slightly Below Avg,8.52,Slightly Below Avg,4.78,Way Below Avg,6.19,Way Below Avg,8.38,Way Below Avg,4.93,Way Below Avg,6.02,Slightly Below Avg,28.73,Average,5,5,19,No,No,No,No,No,A,Good,A,Good,No
669349,8,1,CITY_SCHOOL,1,0,1,0,1,0,1,1,1,0,1,0,1,0,1,0,1,1,1,0,1,0,1,0,1,0,1,0,1,0,0,0,1,0,0,0,1,0,1,0,1,1,1,0,1,0,1,1,17.37,Slightly Below Avg,16.74,Slightly Below Avg,18.79,Slightly Above Avg,4.27,Way Below Avg,13.86,Average,8.22,Average,5.99,Slightly Below Avg,4.92,Slightly Below Avg,3.71,Way Below Avg,6.3,Slightly Below Avg,5.41,Slightly Below Avg,14.93,Slightly Below Avg,15.95,Average,20.84,Slightly Below Avg,17.15,Slightly Below Avg,8.15,Slightly Below Avg,20.13,Average,16.35,Average,31.22,Average,27.7,Average,18.34,Way Below Avg,11.63,Slightly Below Avg,13.67,Slightly Above Avg,15.22,Way Below Avg,1,1,26,,,,,,76.67%,Good,80.00%,Good,No
670090,9,1,CITY_SCHOOL,1,0,1,0,1,1,1,1,1,0,1,0,1,0,1,0,1,0,1,0,1,1,1,0,0.5,0,1,1,0,0,1,0,1,0,0,0,1,0,0,0,0,0,1,0,1,0,1,0,16.08,Slightly Below Avg,15.3,Slightly Below Avg,4.74,Way Below Avg,4.26,Way Below Avg,6.96,Slightly Below Avg,6,Slightly Below Avg,6.15,Slightly Below Avg,5.33,Slightly Below Avg,4.86,Slightly Below Avg,7.44,Average,4.03,Way Below Avg,100.76,Slightly Above Avg,17.28,Average,13.19,Way Below Avg,10.17,Way Below Avg,7.61,Slightly Below Avg,9.66,Slightly Below Avg,11.45,Average,19.74,Slightly Below Avg,16.78,Way Below Avg,21.37,Slightly Below Avg,6.6,Slightly Below Avg,6.93,Slightly Below Avg,22.6,Slightly Below Avg,5,5,23.5,,,,,,76.67%,Good,88.00%,Good,No
670213,10,3,CITY_SCHOOL,1,0,1,0,1,0,1,0,1,0,1,0,1,0,1,0,1,-1,1,0,1,0,1,0,1,0,1,0,0,-1,0,0,0,0,1,0,1,0,0,0,0,0,1,0,1,0,1,1,15.25,Average,11.01,Average,6.38,Average,6.61,Average,11.28,Average,5.52,Average,8.37,Average,6.58,Average,12.35,Way Above Avg,11.26,Slightly Above Avg,7.09,Slightly Above Avg,43.3,Slightly Above Avg,9.26,Slightly Below Avg,11.36,Slightly Below Avg,74.99,Way Above Avg,9.9,Average,16.58,Average,13.75,Average,14.49,Slightly Below Avg,24.61,Average,24.76,Average,9.34,Average,8.87,Average,12.71,Way Below Avg,1,2,18,No,Yes,No,No,No,Meeting Class Benchmarks,Good,Approaching Class Benchmarks,Average,No
67kid-3,,3,NEWLANDS,1,0,1,0,1,0,1,0,1,0,1,0,1,0,1,0,1,0,1,0,1,0,0.5,0,1,0,1,0,0,0,1,0,0,0,0,0,1,0,1,0,1,0,1,0,1,0,1,0,22.11,Slightly Above Avg,21.76,Slightly Above Avg,9.38,Slightly Above Avg,9.06,Slightly Above Avg,11.61,Average,8.33,Average,6.67,Average,5.68,Average,8.85,Slightly Above Avg,8.79,Slightly Above Avg,4.81,Average,11.22,Slightly Below Avg,18.97,Average,11.41,Slightly Below Avg,37.82,Slightly Above Avg,15.11,Average,14.48,Average,14.16,Average,17.95,Average,23.66,Average,23.77,Average,12.31,Slightly Above Avg,7.86,Average,41.83,Slightly Above Avg,1,1,20.5,,,,,,,,,,
681227,7,1,CITY_SCHOOL,1,0,0,0,1,0,1,0,1,1,0,0,0,0,0,0,1,0,0,0,0,0,0,0,1,0,1,0,0,0,0,0,0,0,0,0,1,0,0,0,0,0,1,0,0,0,1,0,25.72,Average,24.23,Average,7.34,Slightly Below Avg,6.5,Slightly Below Avg,5.26,Way Below Avg,7.28,Slightly Below Avg,8.94,Average,7.82,Average,5.02,Slightly Below Avg,4.63,Slightly Below Avg,5.53,Slightly Below Avg,23.4,Slightly Below Avg,42.71,Average,29.76,Average,30.28,Average,10.87,Average,17.18,Average,10.88,Average,22.38,Slightly Below Avg,44.53,Average,43.73,Average,13.6,Average,7.89,Slightly Below Avg,20.98,Slightly Below Avg,2,2,11,No,No,No,No,No,Meeting Class Benchmarks,Good,Approaching Class Benchmarks,Average,No
681759,6,1,CITY_SCHOOL,1,0,1,0,1,0,1,0,1,0,1,0,1,-1,1,0,0,0,1,0,0,0,0,0,0,0,1,0,0,0,0,0,0,0,0,-1,0,0,0,0,0,0,1,0,1,0,1,0,46.72,Average,46.73,Slightly Above Avg,11.21,Average,9.13,Average,28.82,Slightly Above Avg,9.67,Average,44.45,Way Above Avg,9.18,Average,5.94,Average,5.91,Slightly Below Avg,5.09,Slightly Below Avg,7.89,Way Below Avg,9.96,Slightly Below Avg,64.81,Slightly Above Avg,56.91,Slightly Above Avg,9.05,Slightly Below Avg,29.25,Slightly Above Avg,65.47,Way Above Avg,21.78,Slightly Below Avg,49.87,Average,43.02,Average,22.64,Slightly Above Avg,14.47,Slightly Above Avg,36.96,Average,1,1,11,No,No,No,No,No,Meeting Class Benchmarks,Good,Not Meeting Class Benchmarks,Below Average,No
681832,7,1,CITY_SCHOOL,1,0,0,0,1,1,1,-1,1,0,0,0,1,0,0,0,0,0,0,0,1,0,0.5,0,0.5,0,1,1,0,0,0,0,0,0,0,-1,0,0,0,0,0,0,1,0,1,0,1,0,40.45,Average,13.5,Slightly Below Avg,6.04,Way Below Avg,41.59,Way Above Avg,33.9,Slightly Above Avg,25.98,Slightly Above Avg,5.92,Slightly Below Avg,9.66,Average,9.2,Average,11.38,Average,8.1,Average,77.1,Slightly Above Avg,26.87,Average,12.17,Way Below Avg,33.47,Average,8.64,Slightly Below Avg,16.32,Average,90.62,Way Above Avg,29.54,Average,82.88,Slightly Above Avg,14.46,Way Below Avg,12.37,Average,9.05,Average,27.7,Slightly Below Avg,2,2,11,No,No,No,No,No,Approaching Class Benchmarks,Average,Meeting Class Benchmarks,Good,No
684082,10,3,CITY_SCHOOL,0,0,0,0,1,0,1,0,0,0,1,1,0,0,0,0,0,0,1,0,1,0,0,0,0,0,1,0,1,-1,1,-1,1,0,0,0,0,0,0,0,0,0,0,0,1,1,1,0,8.78,Slightly Below Avg,20.77,Slightly Above Avg,8.86,Average,9.4,Slightly Above Avg,14.14,Slightly Above Avg,2.43,Way Below Avg,6,Average,2.97,Way Below Avg,2.59,Way Below Avg,9.77,Slightly Above Avg,7.1,Slightly Above Avg,16.78,Average,6.02,Way Below Avg,24.82,Slightly Above Avg,56.22,Way Above Avg,30.62,Way Above Avg,21.82,Average,10.24,Average,6.32,Way Below Avg,6.06,Way Below Avg,3.98,Way Below Avg,4.77,Slightly Below Avg,1.58,Way Below Avg,49.08,Slightly Above Avg,5,1,11,,,,,,80.00%,Good,84.00%,Good,No
686175,8,3,CITY_SCHOOL,1,0,1,0,1,1,1,0,1,0,1,0,1,0,1,0,1,0,1,0,1,0,1,0,1,0,1,1,1,0,0,0,0,0,1,0,1,1,0,0,0,0,1,0,1,0,1,0,11.54,Average,11.66,Average,3.94,Way Below Avg,3.87,Slightly Below Avg,5.14,Slightly Below Avg,6.04,Average,6.14,Average,5.11,Average,4.02,Slightly Below Avg,10.38,Slightly Above Avg,5.12,Average,45.42,Slightly Above Avg,17.05,Average,5.73,Way Below Avg,17.05,Average,7.53,Slightly Below Avg,9.03,Slightly Below Avg,7.77,Slightly Below Avg,9.14,Way Below Avg,10.94,Slightly Below Avg,29.51,Average,6.13,Slightly Below Avg,8.18,Average,33.82,Average,1,1,23,No,No,No,No,No,A*,Excellent,A*,Excellent,No
6880,8,2,LGGS,1,0,1,0,1,0,1,0,1,0,1,0,1,0,1,0,1,0,1,0,1,0,1,0,0,0,1,0,1,1,0,0,0,0,0,0,1,0,1,0,1,0,0,-1,1,0,1,0,15.95,Average,15.66,Average,5.38,Slightly Below Avg,6.37,Average,12.3,Average,12.2,Average,7.65,Average,13.15,Slightly Above Avg,10.15,Slightly Above Avg,11.75,Average,5.14,Slightly Below Avg,52.74,Average,27.28,Average,22.5,Average,10.55,Way Below Avg,13.08,Average,19.72,Average,17.34,Average,23.56,Average,39.02,Slightly Above Avg,92.04,Slightly Above Avg,57.57,Way Above Avg,12.93,Slightly Above Avg,29.94,Average,1,2,19,No,No,No,No,No,A*,Excellent,A,Good,No
690689,8,3,CITY_SCHOOL,1,1,1,0,1,0,1,0,1,0,1,0,1,0,1,1,1,0,1,1,1,0,1,0,1,1,1,0,0,0,0,0,1,0,0,0,1,0,1,0,1,0,1,0,1,0,1,1,6.74,Way Below Avg,7.91,Slightly Below Avg,11.91,Slightly Above Avg,6.39,Average,8.69,Average,5.62,Average,4.25,Slightly Below Avg,2.86,Way Below Avg,3.42,Slightly Below Avg,3.06,Way Below Avg,3.28,Slightly Below Avg,13.14,Slightly Below Avg,6.38,Way Below Avg,9.61,Slightly Below Avg,8.81,Slightly Below Avg,5.49,Way Below Avg,11.79,Slightly Below Avg,13.06,Average,13.86,Slightly Below Avg,11.47,Slightly Below Avg,15.08,Slightly Below Avg,5.5,Slightly Below Avg,5.99,Slightly Below Avg,13.32,Way Below Avg,1,1,26,,,,,,Average,Average,Average,Average,No
691053,6,1,CITY_SCHOOL,0,0,0,0,1,0,1,0,0,0,1,1,0,0,1,1,1,1,0,0,0,0,0,0,0,0,1,-1,1,0,0,0,0,0,0,0,0,0,0,0,0,0,0,-1,0,-1,1,0,53.59,Average,25.3,Average,8.2,Slightly Below Avg,6.78,Slightly Below Avg,5.73,Way Below Avg,3.56,Way Below Avg,2.75,Way Below Avg,3.58,Way Below Avg,3.19,Way Below Avg,2.61,Way Below Avg,4.74,Slightly Below Avg,9.59,Way Below Avg,4.9,Way Below Avg,261.26,Way Above Avg,27.46,Average,6.87,Way Below Avg,5.02,Way Below Avg,5.37,Way Below Avg,16.86,Slightly Below Avg,13.4,Way Below Avg,9.65,Way Below Avg,38.68,Way Above Avg,22.22,Way Above Avg,27.82,Slightly Below Avg,1,1,8,No,No,No,No,No,A*,Excellent,A*,Excellent,No
6912,7,1,LGGS,0,-1,0,0,1,-1,1,0,1,0,0,0,1,0,0,0,1,1,0,0,1,0,0.5,0,0,0,1,0,1,0,0,0,1,0,1,0,0,0,0,0,0,0,0,0,0,0,1,0,210.76,Way Above Avg,45.32,Slightly Above Avg,55.38,Way Above Avg,21,Slightly Above Avg,23.99,Average,8.42,Average,6.25,Slightly Below Avg,9.41,Average,4.08,Way Below Avg,5.5,Slightly Below Avg,5.02,Slightly Below Avg,48.06,Average,43.22,Average,27.97,Average,29.56,Average,22.38,Average,21.36,Average,18.66,Average,23.5,Slightly Below Avg,39.99,Average,37.57,Average,11.7,Slightly Below Avg,13.38,Slightly Above Avg,69.65,Slightly Above Avg,1,5,10.5,,,,,,Above Average,Above Average,Above Average,Above Average,No
6917,7,1,LGGS,0,0,0,0,1,0,1,0,0,0,1,0,0,0,0,0,0,0,0,0,1,0,0,0,0,0,0,0,0,0,0,0,0,0,1,1,0,0,0,0,0,0,0,0,0,0,1,0,101.14,Slightly Above Avg,13.78,Slightly Below Avg,11.81,Average,15.14,Slightly Above Avg,8.45,Slightly Below Avg,6.39,Slightly Below Avg,14.07,Average,11.86,Slightly Above Avg,10.82,Slightly Above Avg,4.26,Way Below Avg,4.71,Slightly Below Avg,7.95,Way Below Avg,5.08,Way Below Avg,81.17,Slightly Above Avg,25.12,Average,17.16,Average,29.74,Slightly Above Avg,4.21,Way Below Avg,64.43,Slightly Above Avg,20.39,Slightly Below Avg,20.63,Slightly Below Avg,15.95,Average,11.41,Average,80.35,Slightly Above Avg,2,4,7,No,No,No,No,Yes,90.00%,Excellent,85.00%,Good,No
6952,8,1,LGGS,1,-1,0,0,1,0,1,0,1,0,0,0,1,0,0,0,1,1,0,0,1,0,0,0,0,0,1,0,1,0,1,0,1,0,0,0,1,0,1,0,0,0,1,0,1,-1,1,0,238.28,Way Above Avg,18.76,Average,10.66,Average,8.46,Average,15.49,Average,22.62,Slightly Above Avg,14.49,Average,10.04,Average,3.84,Way Below Avg,5.66,Slightly Below Avg,7.59,Average,31.08,Average,19.31,Average,83.26,Slightly Above Avg,41.24,Slightly Above Avg,26.38,Slightly Above Avg,28.1,Average,18.82,Average,57.56,Average,58.5,Average,110.14,Slightly Above Avg,18.64,Average,25.14,Way Above Avg,52.14,Average,2,2,15,,,,,,Above Average,Above Average,Above Average,Above Average,No
6958,9,2,LGGS,1,1,1,0,1,0,1,0,1,0,1,0,1,0,1,0,1,0,1,0,1,0,1,0,1,0,1,0,1,-1,0,0,0,0,1,-1,1,0,1,0,1,0,1,0,1,0,1,0,9.66,Way Below Avg,14.1,Average,7.09,Average,9.38,Average,33.39,Slightly Above Avg,9.34,Average,6.66,Slightly Below Avg,5.94,Average,6.66,Average,7.2,Average,7.79,Average,24.77,Average,14.51,Slightly Below Avg,21.16,Average,94.42,Way Above Avg,19.63,Average,14.69,Average,171.82,Way Above Avg,15.25,Slightly Below Avg,24.6,Average,43.6,Average,9.21,Average,7,Slightly Below Avg,18.73,Slightly Below Avg,1,1,21,,,,,,Average,Average,Average,Average,No
7064,9,3,LGGS,1,-1,1,0,1,0,1,0,1,0,1,0,1,0,1,0,1,0,1,0,1,0,1,0,1,0,1,0,1,0,1,0,0,-1,1,0,1,0,1,0,0,0,1,0,1,0,1,0,73.02,Way Above Avg,12.81,Average,6.37,Average,6.04,Average,8.41,Average,6.26,Average,10.51,Slightly Above Avg,5.33,Average,4.75,Average,5.93,Average,6.93,Average,19.42,Average,13.47,Average,33.7,Slightly Above Avg,25.37,Average,15.58,Average,40.41,Way Above Avg,8.44,Slightly Below Avg,15.43,Average,20.83,Average,21.66,Average,9.27,Average,7.53,Average,53.82,Slightly Above Avg,1,1,20,,,,,,Above Average,Above Average,Average,Average,No
7080,9,2,LGGS,1,0,1,0,1,0,1,0,1,0,0,0,1,0,1,0,1,0,1,0,1,0,0,0,1,0,1,0,1,0,1,0,1,0,1,0,1,0,1,0,0,-1,1,0,1,0,1,-1,90.26,Slightly Above Avg,22.02,Average,11.52,Average,16.06,Slightly Above Avg,11.7,Average,20.33,Slightly Above Avg,8.74,Average,10.12,Slightly Above Avg,10.09,Slightly Above Avg,19.95,Slightly Above Avg,8,Average,65.72,Slightly Above Avg,47.63,Slightly Above Avg,20.41,Average,33.7,Average,28.12,Slightly Above Avg,22.32,Average,13.59,Average,14.47,Slightly Below Avg,21.2,Average,128.19,Way Above Avg,14.94,Average,9.97,Average,86.42,Way Above Avg,1,2,19,No,No,No,No,Yes,90.00%,Excellent,85.00%,Good,No
708119,10,3,CITY_SCHOOL,1,0,1,0,1,1,1,1,1,1,1,1,1,0,1,1,1,0,1,0,1,0,1,1,1,1,1,0,1,0,1,0,1,0,0,0,1,0,1,0,1,0,1,0,1,1,1,0,9.97,Slightly Below Avg,8.86,Slightly Below Avg,3.7,Way Below Avg,3.58,Way Below Avg,3.98,Way Below Avg,3.7,Way Below Avg,4.61,Slightly Below Avg,2.73,Way Below Avg,3.18,Slightly Below Avg,3.87,Slightly Below Avg,4.21,Average,9.58,Way Below Avg,8.56,Way Below Avg,14.19,Average,18.42,Average,16.84,Average,29.26,Slightly Above Avg,32.43,Slightly Above Avg,13.46,Slightly Below Avg,13.6,Slightly Below Avg,19.91,Average,7.75,Average,4.96,Way Below Avg,15.83,Slightly Below Avg,1,1,31,,,,,,83.33%,Good,76.00%,Good,No
708159,9,3,CITY_SCHOOL,1,0,1,0,1,0,1,0,1,0,1,0,1,0,1,1,0,0,1,0,1,1,1,0,1,0,1,0,1,0,0,0,1,0,1,0,1,1,1,-1,1,0,1,0,1,0,1,0,8.66,Slightly Below Avg,12.86,Average,4.51,Slightly Below Avg,7.02,Average,8.66,Average,4.58,Slightly Below Avg,3.98,Slightly Below Avg,2.69,Way Below Avg,3.22,Slightly Below Avg,3.72,Slightly Below Avg,2.95,Way Below Avg,37.91,Slightly Above Avg,11.56,Slightly Below Avg,10.14,Slightly Below Avg,11,Slightly Below Avg,11.07,Average,21.7,Average,6.14,Slightly Below Avg,10.18,Way Below Avg,49.1,Way Above Avg,25.26,Average,12.62,Slightly Above Avg,9.46,Average,19.48,Average,1,1,24,,,,,,86.67%,Good,84.00%,Good,No
709350,9,2,CITY_SCHOOL,0,0,1,0,1,0,1,1,0,0,1,0,1,0,0,0,1,0,0,0,1,1,1,1,0,0,1,1,0,0,0,0,0,0,0,0,0,0,0,0,0,0,1,1,0,0,1,0,14.89,Slightly Below Avg,36.72,Slightly Above Avg,7.86,Average,4.37,Way Below Avg,6.99,Slightly Below Avg,5.99,Slightly Below Avg,8.56,Average,16.25,Slightly Above Avg,6.27,Average,2.87,Way Below Avg,3.63,Way Below Avg,10.35,Way Below Avg,24.99,Average,8.02,Way Below Avg,9.54,Way Below Avg,9.12,Slightly Below Avg,6.09,Way Below Avg,6.02,Way Below Avg,26.17,Average,10.14,Way Below Avg,18.23,Way Below Avg,5.66,Way Below Avg,4.41,Way Below Avg,29.22,Average,1,5,16,,,,,,86.67%,Good,88.00%,Good,No
709737,8,2,CITY_SCHOOL,1,1,1,1,1,0,1,0,1,0,1,1,1,0,1,1,1,0,1,1,1,1,1,0,1,1,1,0,1,0,0,0,0,0,1,0,0,0,0,0,0,0,1,0,1,0,1,0,8.17,Way Below Avg,9.25,Way Below Avg,5.32,Slightly Below Avg,5.93,Slightly Below Avg,5.72,Slightly Below Avg,3.6,Way Below Avg,6.05,Slightly Below Avg,3.13,Way Below Avg,5.02,Slightly Below Avg,3.71,Way Below Avg,3.46,Way Below Avg,15.74,Slightly Below Avg,8.26,Way Below Avg,15.29,Slightly Below Avg,27.3,Average,3.26,Way Below Avg,20.74,Average,8.01,Slightly Below Avg,11.88,Way Below Avg,15.99,Slightly Below Avg,32.02,Average,6.39,Slightly Below Avg,6.74,Slightly Below Avg,25.1,Slightly Below Avg,1,1,26,,,,,,Average,Average,Good,Good,No
709744,8,1,CITY_SCHOOL,1,1,1,0,1,1,1,1,1,0,1,1,1,1,1,0,1,0,1,0,1,0,1,0,1,0,1,1,1,0,0,0,1,0,0,0,1,1,1,1,1,0,1,0,1,0,1,0,11.78,Way Below Avg,17.94,Slightly Below Avg,4.14,Way Below Avg,5.26,Way Below Avg,11.4,Average,4.58,Way Below Avg,5.68,Way Below Avg,5.34,Slightly Below Avg,4.12,Slightly Below Avg,8.56,Average,9.44,Average,35.96,Average,13.88,Slightly Below Avg,14.75,Way Below Avg,22.49,Slightly Below Avg,5.07,Way Below Avg,40.57,Slightly Above Avg,37.69,Slightly Above Avg,13.76,Way Below Avg,15.06,Way Below Avg,27.6,Slightly Below Avg,8.3,Slightly Below Avg,9.41,Average,51.76,Average,1,3,30,,,,,,Average,Average,Average,Average,No
712171,8,1,CITY_SCHOOL,0,0,1,0,1,1,1,0,0,0,1,0,0,0,1,0,1,0,0,0,1,0,0,0,0,0,1,0,1,0,0,0,1,0,0,0,0,0,0,0,0,0,0,0,0,0,1,1,20.38,Slightly Below Avg,11.55,Slightly Below Avg,5.91,Way Below Avg,6.3,Slightly Below Avg,6.55,Slightly Below Avg,7.12,Slightly Below Avg,9.34,Average,6.11,Slightly Below Avg,5.77,Slightly Below Avg,8.87,Average,7.18,Average,17.5,Slightly Below Avg,5.54,Way Below Avg,44.59,Average,31.17,Average,4.89,Way Below Avg,12.74,Slightly Below Avg,4.34,Way Below Avg,33.05,Average,11.19,Way Below Avg,10.8,Way Below Avg,8.32,Slightly Below Avg,3.2,Way Below Avg,17.2,Way Below Avg,1,2,13,,,,,,90.00%,Excellent,76.00%,Good,No
715130,9,3,CITY_SCHOOL,1,0,1,0,1,0,1,0,1,0,1,0,1,0,1,0,1,0,1,0,1,0,1,0,1,0,1,1,0,0,1,0,1,0,1,1,1,0,0,0,1,0,1,1,1,1,1,0,8.85,Slightly Below Avg,11.34,Average,10.49,Slightly Above Avg,6.27,Average,9.78,Average,7.73,Average,4.62,Slightly Below Avg,3.83,Slightly Below Avg,3.69,Slightly Below Avg,4.9,Average,3.58,Slightly Below Avg,28.58,Average,18.54,Average,7.94,Way Below Avg,7.78,Way Below Avg,15.58,Average,30.05,Slightly Above Avg,5.7,Way Below Avg,10.7,Slightly Below Avg,10.8,Slightly Below Avg,17.46,Slightly Below Avg,4.08,Way Below Avg,4.18,Way Below Avg,14.33,Slightly Below Avg,1,1,26,,,,,,90.00%,Excellent,84.00%,Good,No
7168,7,2,LGGS,1,0,0,0,1,0,1,0,1,0,0,0,1,0,0,0,1,0,0,0,1,0,0,0,0,0,0,0,1,0,0,-1,1,0,1,0,0,0,0,0,0,0,1,-1,0,0,1,0,113.12,Slightly Above Avg,40.16,Slightly Above Avg,17.73,Slightly Above Avg,10.58,Average,27.56,Slightly Above Avg,12.38,Average,12.41,Slightly Above Avg,5.85,Slightly Below Avg,4.37,Slightly Below Avg,6.14,Slightly Below Avg,4.49,Slightly Below Avg,7.94,Way Below Avg,9.57,Slightly Below Avg,63.63,Slightly Above Avg,15.68,Slightly Below Avg,62.02,Way Above Avg,15.55,Average,15.46,Average,66.52,Slightly Above Avg,58.31,Slightly Above Avg,23.56,Slightly Below Avg,30.3,Way Above Avg,5.76,Slightly Below Avg,54.94,Slightly Above Avg,3,4,10,No,No,No,No,Yes,95.00%,Excellent,90.00%,Excellent,No
7184,,3,LGGS,1,0,0,0,1,0,1,1,1,0,1,-1,0,0,1,0,1,0,0,-1,1,0,1,-1,1,0,1,0,0,-1,0,0,0,0,0,0,1,0,0,-1,0,0,1,0,1,0,1,0,27.83,Slightly Above Avg,9.73,Slightly Below Avg,5.58,Average,3.78,Way Below Avg,6.47,Average,45.12,Way Above Avg,6.35,Average,9.52,Slightly Above Avg,6.54,Average,13.37,Way Above Avg,7.53,Slightly Above Avg,81.3,Way Above Avg,18.74,Average,17.55,Average,55.2,Way Above Avg,5.82,Slightly Below Avg,16.1,Average,22.21,Slightly Above Avg,18.97,Average,52.09,Way Above Avg,59.03,Slightly Above Avg,9.64,Average,6.96,Average,29.63,Average,1,3,11,No,No,No,No,Yes,95.00%,Excellent,90.00%,Excellent,No
719415,10,3,CITY_SCHOOL,1,0,1,0,1,-1,1,-1,1,-1,0,-1,1,-1,1,-1,1,-1,1,0,1,-1,0,0,0,0,0,0,1,0,0,0,0,0,0,0,1,0,1,0,1,0,1,-1,1,0,1,0,30.58,Slightly Above Avg,16.16,Average,14.39,Way Above Avg,19.05,Way Above Avg,56.15,Way Above Avg,54.55,Way Above Avg,16.02,Way Above Avg,15.83,Way Above Avg,11.86,Way Above Avg,8.99,Slightly Above Avg,19.61,Way Above Avg,23.15,Average,32.19,Slightly Above Avg,16.81,Average,16.66,Average,8.85,Slightly Below Avg,22.67,Average,29.58,Slightly Above Avg,15.31,Average,23.11,Average,21.7,Average,43.95,Way Above Avg,15.26,Slightly Above Avg,29.74,Average,3,5,8,,,,,,95.00%,Excellent,95.00%,Excellent,No
7570,8,2,LGGS,1,0,1,0,1,0,1,0,1,0,1,0,1,0,1,0,1,0,1,0,1,0,0,0,1,0,0,0,1,0,0,0,0,-1,0,0,1,0,1,0,0,-1,1,0,1,0,1,0,72.56,Slightly Above Avg,36.41,Slightly Above Avg,11.68,Slightly Above Avg,7.74,Average,18.71,Slightly Above Avg,14.48,Slightly Above Avg,12.91,Slightly Above Avg,14.14,Slightly Above Avg,11.26,Slightly Above Avg,11.94,Average,9.38,Average,83.68,Slightly Above Avg,55.02,Slightly Above Avg,31.64,Average,22.84,Average,16.32,Average,51.92,Way Above Avg,24.93,Slightly Above Avg,54.93,Slightly Above Avg,31.94,Average,128.56,Way Above Avg,14.41,Average,7.42,Slightly Below Avg,66.72,Slightly Above Avg,2,1,16,No,No,No,No,Yes,97.50%,Excellent,95.00%,Excellent,No
7661,9,2,LGGS,1,0,1,0,1,0,1,0,1,-1,1,0,1,0,1,0,1,-1,1,0,1,-1,1,0,1,0,1,0,1,0,0,0,1,0,1,0,1,0,1,0,0,0,1,0,1,0,1,0,49.26,Slightly Above Avg,25.73,Average,6.7,Average,10.65,Slightly Above Avg,60.62,Way Above Avg,9.5,Average,8.26,Average,8.38,Average,24.33,Way Above Avg,9.39,Average,36.15,Way Above Avg,85.89,Slightly Above Avg,17.17,Average,66.14,Slightly Above Avg,36.34,Slightly Above Avg,19.47,Average,46.56,Slightly Above Avg,27.86,Slightly Above Avg,14.7,Slightly Below Avg,16.94,Slightly Below Avg,88.27,Slightly Above Avg,24.39,Slightly Above Avg,8.87,Average,50.27,Average,1,3,19,No,No,No,Don't know,Yes,A,Good,B,Above Average,No
7673,10,3,LGGS,1,0,1,0,1,0,1,0,1,0,1,0,1,0,1,0,1,0,1,0,1,0,1,0,1,0,1,0,0,0,0,0,0,0,1,0,1,0,1,0,0,0,1,0,1,0,1,-1,52.19,Slightly Above Avg,11.55,Average,5.63,Average,6.48,Average,7.86,Average,7.54,Average,6.73,Average,4.94,Average,4.18,Slightly Below Avg,5.48,Average,3.93,Slightly Below Avg,52.95,Slightly Above Avg,11.37,Slightly Below Avg,16.21,Average,10.34,Slightly Below Avg,8.98,Slightly Below Avg,9.4,Slightly Below Avg,6.78,Slightly Below Avg,10.7,Slightly Below Avg,16.38,Average,52.3,Slightly Above Avg,8.22,Average,5.33,Slightly Below Avg,62.22,Way Above Avg,1,2,19,No,No,No,No,Yes,A,Good,A,Good,No
7754,8,2,LGGS,1,0,1,-1,1,0,1,0,1,0,1,0,1,0,1,0,1,0,1,0,1,0,0,0,0,0,1,-1,1,1,0,0,0,0,0,0,1,0,1,0,0,0,1,0,1,0,1,0,110.4,Slightly Above Avg,91.23,Way Above Avg,18.51,Slightly Above Avg,12.6,Slightly Above Avg,30.35,Slightly Above Avg,11.94,Average,14.03,Slightly Above Avg,9.5,Average,6.42,Average,10.02,Average,9.34,Average,46.92,Average,9.34,Way Below Avg,89.17,Way Above Avg,10.17,Way Below Avg,8.52,Slightly Below Avg,39.18,Slightly Above Avg,15.21,Average,53.52,Slightly Above Avg,21.73,Average,40.38,Average,22.88,Slightly Above Avg,12.38,Slightly Above Avg,57.35,Slightly Above Avg,1,1,17,,,,,,A,Good,A,Good,No
7938,9,2,LGGS,1,0,0,0,1,0,1,0,1,0,1,0,1,0,1,0,0,0,0,0,0,0,0,0,0,0,1,0,0,0,1,0,0,0,1,0,0,0,0,0,0,0,1,-1,0,0,1,0,31.94,Average,59.07,Slightly Above Avg,14.05,Slightly Above Avg,13.43,Slightly Above Avg,12.69,Average,6.22,Slightly Below Avg,9.04,Average,9.37,Average,3.65,Way Below Avg,7.98,Average,8.04,Average,13.17,Slightly Below Avg,28.74,Average,72.6,Slightly Above Avg,19.62,Average,33.86,Slightly Above Avg,17.78,Average,47.15,Slightly Above Avg,19.69,Slightly Below Avg,38.57,Slightly Above Avg,28.82,Average,33.85,Way Above Avg,9.16,Average,69.71,Slightly Above Avg,1,1,11,No,No,No,No,No,A*,Excellent,A*,Excellent,No
7960,7,2,LGGS,1,0,1,0,1,0,1,-1,1,-1,1,0,0,0,1,0,1,0,0,-1,1,-1,0,0,0,0,1,0,1,-1,1,-1,0,0,0,0,0,0,1,0,0,0,0,0,1,0,1,0,98.06,Slightly Above Avg,19.49,Average,9.88,Average,42.39,Way Above Avg,114.34,Way Above Avg,15.27,Slightly Above Avg,10.05,Average,8.33,Average,8.57,Slightly Above Avg,28.53,Way Above Avg,25.22,Way Above Avg,46.52,Average,20.88,Average,55.36,Slightly Above Avg,201.08,Way Above Avg,57.44,Way Above Avg,28.36,Average,43.15,Slightly Above Avg,64.38,Slightly Above Avg,17.16,Slightly Below Avg,36.9,Average,11.1,Average,7.58,Slightly Below Avg,31.1,Average,4,1,9,No,No,No,No,Yes,Above Average,Above Average,Above Average,Above Average,No
808081,,1,TNS_Gulberg,1,1,1,0,1,0,1,0,1,1,1,1,1,0,0,0,1,0,0,0,1,0,0,0,0,0,1,1,0,0,0,0,0,0,0,0,0,0,0,0,0,0,1,0,1,0,1,0,12.93,Way Below Avg,12.12,Slightly Below Avg,7.44,Slightly Below Avg,12.28,Average,4.66,Way Below Avg,4.55,Way Below Avg,8.93,Average,5.21,Slightly Below Avg,4.83,Slightly Below Avg,6.05,Slightly Below Avg,5.54,Slightly Below Avg,13.93,Slightly Below Avg,5.48,Way Below Avg,11.13,Way Below Avg,32.76,Average,39.17,Slightly Above Avg,13.8,Average,7.89,Slightly Below Avg,61.69,Slightly Above Avg,46.38,Average,73.5,Average,12.74,Average,13.41,Slightly Above Avg,48.69,Average,1,3,17,,,,,,C,Average,C,Average,Yes
808082,,3,TNS_Gulberg,1,0,1,0,1,0,1,0,1,0,0,-1,1,0,1,0,1,0,1,0,1,0,1,0,1,1,1,0,0,0,0,0,0,0,0,0,1,0,1,0,1,0,1,0,1,0,1,0,14.27,Average,10.5,Average,6.4,Average,3.98,Slightly Below Avg,7.88,Average,25.13,Way Above Avg,6.49,Average,6.58,Average,4.58,Average,7.97,Average,5.25,Average,13.1,Slightly Below Avg,7.45,Way Below Avg,10.3,Slightly Below Avg,29.28,Slightly Above Avg,25.51,Slightly Above Avg,11.78,Slightly Below Avg,11.01,Average,16.86,Average,19.56,Average,20.01,Average,7.17,Average,5.5,Slightly Below Avg,14.67,Slightly Below Avg,2,2,19,,,,,,C,Average,B,Above Average,Yes
908914,8,3,NEWLANDS,1,0,0,0,1,0,1,0,1,0,0,0,1,0,1,0,1,0,1,-1,1,0,1,-1,1,-1,1,0,1,0,0,0,0,-1,0,0,1,0,1,0,0,0,0,0,0,0,1,0,13.76,Average,13.19,Average,9.16,Slightly Above Avg,12.65,Slightly Above Avg,14.74,Slightly Above Avg,6.98,Average,8.78,Slightly Above Avg,7.42,Slightly Above Avg,5.47,Average,16.91,Way Above Avg,6.9,Average,66.86,Way Above Avg,70.11,Way Above Avg,14.49,Average,21.37,Average,14.3,Average,89.72,Way Above Avg,10.7,Average,37.77,Slightly Above Avg,15.32,Average,38.93,Slightly Above Avg,11.78,Slightly Above Avg,9.92,Average,21.7,Average,1,1,12,No,No,No,No,No,A*,Excellent,A*,Excellent,No
987583,,3,TNS DHA,1,0,1,0,1,1,1,1,1,0,1,0,1,0,1,0,1,1,1,0,1,1,1,1,1,0,1,1,1,1,0,0,1,0,1,0,0,0,1,0,0,0,1,1,1,1,1,0,11.37,Average,13.72,Average,3.77,Way Below Avg,3.68,Way Below Avg,4.32,Slightly Below Avg,16.84,Slightly Above Avg,4.68,Slightly Below Avg,6.58,Average,2.67,Way Below Avg,3.85,Slightly Below Avg,2.65,Way Below Avg,7.13,Way Below Avg,8.74,Slightly Below Avg,7.84,Way Below Avg,5.29,Way Below Avg,7.85,Slightly Below Avg,34.23,Slightly Above Avg,15.62,Average,9.28,Way Below Avg,20.46,Average,24.82,Average,3.98,Way Below Avg,4.21,Way Below Avg,34.03,Average,1,1,30,No,No,No,No,No,A*,Excellent,A*,Excellent,No
987585,,3,TNS DHA,1,1,1,1,1,-1,1,0,1,0,1,1,1,0,1,0,1,0,1,0,1,0,1,0,1,0,1,0,1,0,0,0,1,0,0,0,1,0,1,1,1,1,1,0,1,0,1,1,7.72,Way Below Avg,5.85,Way Below Avg,35.07,Way Above Avg,3.96,Slightly Below Avg,10.04,Average,3.47,Way Below Avg,4.07,Slightly Below Avg,3.54,Slightly Below Avg,3.99,Slightly Below Avg,4.67,Slightly Below Avg,4.35,Average,49.25,Slightly Above Avg,18.61,Average,9.4,Slightly Below Avg,12.79,Slightly Below Avg,7.38,Slightly Below Avg,21.02,Average,19.64,Average,19.64,Average,9.99,Way Below Avg,13,Way Below Avg,5.51,Slightly Below Avg,5.82,Slightly Below Avg,9.56,Way Below Avg,1,1,27,,,,,,Average,Average,Average,Average,No
987586,,3,TNS DHA,1,0,1,0,1,1,1,0,1,1,1,1,1,1,1,1,1,1,1,1,1,1,1,0,1,0,1,0,1,0,0,0,1,0,1,0,0,0,0,-1,1,0,1,0,1,0,1,0,10.44,Slightly Below Avg,11.2,Average,3.1,Way Below Avg,6.14,Average,3.5,Way Below Avg,2.99,Way Below Avg,3.78,Way Below Avg,3.11,Way Below Avg,2.27,Way Below Avg,2.85,Way Below Avg,2.79,Way Below Avg,13.91,Slightly Below Avg,9.17,Slightly Below Avg,12.08,Slightly Below Avg,31.33,Slightly Above Avg,9.57,Average,20.74,Average,9.84,Average,16.55,Average,97.99,Way Above Avg,17.34,Slightly Below Avg,7.04,Average,5.29,Slightly Below Avg,53.75,Slightly Above Avg,2,2,28,,,,,,90.00%,Excellent,84.00%,Good,No
987587,,3,TNS DHA,1,0,1,0,1,0,1,0,1,0,0,0,1,0,1,0,1,0,1,0,1,0,1,0,1,0,1,0,1,0,0,-1,1,0,1,0,0,0,1,0,1,0,1,0,1,0,1,1,11.72,Average,9.83,Slightly Below Avg,6.55,Average,7.01,Average,5.27,Slightly Below Avg,10.84,Slightly Above Avg,6.26,Average,4.82,Average,4.22,Slightly Below Avg,7.42,Average,5.61,Average,13.17,Slightly Below Avg,19.88,Average,21.17,Average,21.98,Average,31.69,Way Above Avg,23.02,Average,14.15,Average,12.79,Slightly Below Avg,20.93,Average,31.1,Average,7.9,Average,7.4,Average,13.11,Way Below Avg,3,2,21,Not Sure,No,No,No,No,A*,Excellent,A,Good,No
987589,,3,TNS DHA,1,0,1,0,1,0,1,0,1,0,1,0,1,0,1,0,1,0,1,0,1,0,1,0,1,0,1,0,1,0,0,0,1,-1,1,0,1,0,1,0,1,0,1,0,1,1,1,0,9.1,Slightly Below Avg,27.97,Slightly Above Avg,6.08,Average,5.56,Average,6.28,Average,5.55,Average,5.24,Slightly Below Avg,5.65,Average,7.65,Slightly Above Avg,5.81,Average,4.29,Average,13.1,Slightly Below Avg,10.45,Slightly Below Avg,14.27,Average,19.8,Average,4.58,Way Below Avg,63.94,Way Above Avg,20.35,Slightly Above Avg,11.6,Slightly Below Avg,12.61,Slightly Below Avg,17.3,Slightly Below Avg,6.33,Slightly Below Avg,4.83,Way Below Avg,14.02,Slightly Below Avg,2,2,23,,,,,,93.33%,Excellent,88.00%,Good,No
987591,8,3,TNS DHA,1,0,1,0,1,0,1,0,1,1,1,1,1,1,1,1,1,-1,1,0,1,1,1,0,1,0,1,0,1,0,1,1,1,0,1,1,1,0,0,0,1,0,1,1,1,0,1,0,8.41,Slightly Below Avg,10.91,Average,5.09,Slightly Below Avg,3.97,Slightly Below Avg,3.69,Way Below Avg,2.77,Way Below Avg,3.35,Way Below Avg,2.66,Way Below Avg,12.7,Way Above Avg,8.54,Average,2.92,Way Below Avg,16.98,Average,9.84,Slightly Below Avg,16.49,Average,12.29,Slightly Below Avg,4.74,Way Below Avg,33.36,Slightly Above Avg,5.1,Way Below Avg,32.24,Slightly Above Avg,20.95,Average,36.75,Average,4.72,Way Below Avg,5.94,Slightly Below Avg,15.07,Slightly Below Avg,2,1,30,,,,,,95.00%,Excellent,95.00%,Excellent,No
987593,,3,TNS DHA,1,0,1,0,1,0,1,0,1,0,1,0,1,0,1,0,1,0,1,0,1,0,1,-1,1,-1,1,0,0,0,1,0,1,0,1,0,1,0,1,0,1,1,1,0,1,0,1,0,10.24,Slightly Below Avg,7.76,Slightly Below Avg,7.3,Average,8.54,Average,12.27,Slightly Above Avg,6.75,Average,6.58,Average,4.98,Average,4.7,Average,5.59,Average,3.54,Slightly Below Avg,75.77,Way Above Avg,99.97,Way Above Avg,15.22,Average,12.26,Slightly Below Avg,23.02,Slightly Above Avg,39.71,Slightly Above Avg,11.89,Average,16.8,Average,23.63,Average,12.93,Way Below Avg,10.94,Average,7.72,Average,41.04,Slightly Above Avg,2,1,22,,,,,,100.00%,Excellent,95.00%,Excellent,No
987594,,3,TNS DHA,1,1,1,-1,1,0,1,0,1,0,1,0,1,0,1,0,1,0,1,0,1,0,1,0,1,0,1,0,0,0,0,0,1,-1,1,1,1,1,1,1,1,-1,1,0,1,0,1,0,8.14,Way Below Avg,38.09,Way Above Avg,4.31,Slightly Below Avg,11.25,Slightly Above Avg,12.22,Average,9.45,Average,8.02,Average,8.28,Slightly Above Avg,5.13,Average,8.25,Average,5.7,Average,16.39,Average,16.28,Average,14.55,Average,11.2,Slightly Below Avg,17.11,Average,42.4,Way Above Avg,3.64,Way Below Avg,8.63,Way Below Avg,8.93,Way Below Avg,86.81,Way Above Avg,4.82,Slightly Below Avg,7.11,Average,41.95,Slightly Above Avg,1,1,23,,,,,,Average,Average,Average,Average,No
987595,,3,TNS DHA,1,1,1,1,1,1,1,0,1,1,1,1,1,1,1,1,1,1,1,1,1,1,1,1,1,0,1,0,1,1,1,1,1,0,1,0,1,0,1,1,1,0,1,1,1,0,1,0,6.89,Way Below Avg,5.17,Way Below Avg,3.77,Way Below Avg,5.16,Slightly Below Avg,3.96,Way Below Avg,3.39,Way Below Avg,2.46,Way Below Avg,2.16,Way Below Avg,2.27,Way Below Avg,2.53,Way Below Avg,2.29,Way Below Avg,8.46,Way Below Avg,14.79,Average,8.75,Slightly Below Avg,7.79,Way Below Avg,3.65,Way Below Avg,14.57,Average,19.43,Average,13.08,Slightly Below Avg,9.69,Way Below Avg,19.45,Average,3.56,Way Below Avg,6.21,Slightly Below Avg,30.57,Average,2,1,39,,,,,,Average,Average,Average,Average,No
987597,,3,TNS DHA,1,1,1,1,1,1,1,1,1,1,1,1,1,1,1,1,1,1,1,1,1,1,1,1,1,0,1,0,1,1,1,0,1,1,1,1,1,0,1,1,0,0,1,1,1,0,1,0,5.55,Way Below Avg,6.59,Way Below Avg,2.87,Way Below Avg,2.15,Way Below Avg,3.84,Way Below Avg,2.43,Way Below Avg,3.21,Way Below Avg,2.32,Way Below Avg,2.28,Way Below Avg,2.93,Way Below Avg,2.83,Way Below Avg,6.54,Way Below Avg,15.45,Average,8.9,Slightly Below Avg,6.39,Way Below Avg,6.92,Slightly Below Avg,4.54,Way Below Avg,3.72,Way Below Avg,14.85,Average,10.03,Way Below Avg,17.02,Slightly Below Avg,3.29,Way Below Avg,5.63,Slightly Below Avg,19.16,Slightly Below Avg,1,1,40,,,,,,Average,Average,Average,Average,No
987598,,3,TNS DHA,1,0,1,-1,1,0,1,0,1,0,1,0,1,0,1,0,1,0,1,0,1,0,1,0,1,-1,1,0,1,0,1,0,1,1,0,-1,1,0,1,0,0,-1,1,0,1,0,1,0,13.76,Average,34.21,Way Above Avg,5.09,Slightly Below Avg,9.03,Slightly Above Avg,4.86,Slightly Below Avg,7.2,Average,6.42,Average,5.89,Average,5.38,Average,4.31,Slightly Below Avg,3.61,Slightly Below Avg,39.22,Slightly Above Avg,112.82,Way Above Avg,12.46,Average,21.55,Average,14.18,Average,8.31,Way Below Avg,51.77,Way Above Avg,19.93,Average,16.54,Average,84.59,Way Above Avg,6.27,Slightly Below Avg,6.93,Average,29.55,Average,1,1,19,,,,,,A*,Excellent,A*,Excellent,No
987599,,3,TNS DHA,1,0,1,0,1,0,1,0,1,0,1,0,1,1,1,0,1,0,1,1,1,0,1,0,1,0,1,1,1,1,0,0,1,0,0,0,1,1,0,0,0,0,1,0,1,0,1,0,8.27,Slightly Below Avg,10.55,Average,4.59,Slightly Below Avg,4.54,Slightly Below Avg,4.42,Slightly Below Avg,4.66,Slightly Below Avg,3.37,Way Below Avg,4.99,Average,3.91,Slightly Below Avg,3.02,Way Below Avg,3.6,Slightly Below Avg,14.31,Slightly Below Avg,9.63,Slightly Below Avg,7.39,Way Below Avg,5.2,Way Below Avg,3.92,Way Below Avg,9.33,Slightly Below Avg,4.36,Way Below Avg,7.68,Way Below Avg,6.33,Way Below Avg,15.36,Slightly Below Avg,5.78,Slightly Below Avg,6.23,Slightly Below Avg,20.79,Average,2,2,25,,,,,,A,Good,A,Good,No
987600,,3,TNS DHA,1,1,1,0,1,0,1,0,1,0,1,0,1,0,1,-1,1,0,1,0,1,0,1,0,1,0,1,0,0,0,0,0,1,0,1,0,1,1,1,0,1,0,1,0,1,0,1,0,8.03,Way Below Avg,10.26,Slightly Below Avg,5.2,Slightly Below Avg,5.23,Slightly Below Avg,8.46,Average,4.75,Slightly Below Avg,6.11,Average,15.01,Way Above Avg,5.53,Average,7.14,Average,4.23,Average,11.56,Slightly Below Avg,18.79,Average,9.87,Slightly Below Avg,10.78,Slightly Below Avg,12.47,Average,18.9,Average,7.99,Slightly Below Avg,9.76,Way Below Avg,21.51,Average,13.42,Slightly Below Avg,6.91,Slightly Below Avg,12.65,Slightly Above Avg,47.63,Slightly Above Avg,1,1,23,,,,,,Average,Average,Average,Average,No
987601,,3,TNS DHA,1,0,1,0,1,0,1,0,1,-1,1,0,1,1,1,1,1,-1,1,0,1,0,1,0,1,0,1,0,1,0,1,0,1,0,1,0,1,0,1,0,1,0,1,0,1,0,1,0,15.18,Average,13.13,Average,9.36,Slightly Above Avg,7.45,Average,36.95,Way Above Avg,5.13,Slightly Below Avg,2.71,Way Below Avg,3.14,Way Below Avg,14.47,Way Above Avg,6.5,Average,6.01,Average,11.4,Slightly Below Avg,19.5,Average,18.15,Average,9.23,Slightly Below Avg,18.82,Slightly Above Avg,26.31,Slightly Above Avg,18.13,Average,16.22,Average,11.73,Slightly Below Avg,18.83,Average,7.89,Average,6.62,Slightly Below Avg,27.09,Average,4,4,24,No,Yes,No,No,No,Above Average,Above Average,Above Average,Above Average,No
987603,,3,TNS DHA,1,0,1,0,1,0,1,0,1,0,1,0,1,0,1,0,1,0,1,1,1,0,1,0,1,0,1,0,1,0,0,0,1,0,1,0,1,0,1,0,1,0,1,0,1,0,1,0,18.51,Average,15.88,Average,7.36,Average,11.73,Slightly Above Avg,6.05,Average,7.19,Average,7.82,Average,3.43,Slightly Below Avg,4.22,Slightly Below Avg,3.59,Way Below Avg,3.6,Slightly Below Avg,22.33,Average,15.15,Average,15.73,Average,13.8,Average,13.83,Average,16,Average,9.89,Average,17.51,Average,27.98,Slightly Above Avg,24.68,Average,12.41,Slightly Above Avg,16.28,Slightly Above Avg,34.51,Average,3,3,24,No,No,No,No,No,Average,Average,Average,Average,No
987604,,3,TNS DHA,1,0,1,0,1,0,1,-1,1,0,1,0,1,0,1,0,1,0,1,1,1,0,1,0,1,0,1,0,1,0,1,0,1,0,1,0,1,0,1,0,1,0,1,0,1,0,1,0,37.01,Slightly Above Avg,12.4,Average,6.38,Average,22.34,Way Above Avg,16.14,Slightly Above Avg,3.88,Slightly Below Avg,5.18,Slightly Below Avg,5.09,Average,10.16,Slightly Above Avg,3.05,Way Below Avg,4.38,Average,12.27,Slightly Below Avg,17.46,Average,18.56,Average,20.04,Average,27.84,Slightly Above Avg,11.33,Slightly Below Avg,20.38,Slightly Above Avg,17.09,Average,11.57,Slightly Below Avg,18.73,Average,9.61,Average,6.84,Average,26.95,Average,2,1,24,No,No,No,No,Yes,Average,Average,Above Average,Above Average,No
987605,,3,TNS DHA,1,0,1,0,1,0,1,0,1,0,1,0,1,0,1,0,0,0,1,0,1,0,1,0,1,1,1,0,0,0,0,0,1,0,0,0,1,0,1,0,0,0,1,0,1,0,1,0,20.29,Average,12.8,Average,5.8,Average,3.94,Slightly Below Avg,4.85,Slightly Below Avg,4.79,Slightly Below Avg,5.65,Average,3.44,Slightly Below Avg,3.46,Slightly Below Avg,4.84,Average,4.03,Slightly Below Avg,14.32,Slightly Below Avg,6.57,Way Below Avg,10.08,Slightly Below Avg,7.68,Way Below Avg,9.37,Slightly Below Avg,20.06,Average,15.56,Average,28.66,Slightly Above Avg,17.02,Average,21.98,Average,5.37,Slightly Below Avg,7.43,Average,14.69,Slightly Below Avg,1,1,20,No,No,No,No,No,Average,Average,Average,Average,No
987606,,3,TNS DHA,1,0,1,1,1,1,1,0,1,1,1,1,1,1,1,1,1,1,1,1,1,1,1,1,1,1,1,0,1,0,0,0,1,-1,1,0,1,0,1,0,1,0,1,0,1,1,1,0,8.33,Slightly Below Avg,3.5,Way Below Avg,2.47,Way Below Avg,4.68,Slightly Below Avg,3.76,Way Below Avg,3.15,Way Below Avg,3.04,Way Below Avg,2.24,Way Below Avg,2.93,Way Below Avg,2.55,Way Below Avg,1.93,Way Below Avg,6.74,Way Below Avg,4.75,Way Below Avg,12.62,Average,12.1,Slightly Below Avg,5.11,Way Below Avg,53.96,Way Above Avg,10.72,Average,10.97,Slightly Below Avg,12.06,Slightly Below Avg,35.24,Average,7.36,Average,4.2,Way Below Avg,25.53,Average,1,1,34,,,,,,A,Good,A,Good,No
987607,,3,TNS DHA,1,0,1,0,1,0,1,0,1,0,1,0,1,1,1,0,0,0,1,0,1,0,0.5,0,1,0,1,0,0,0,0,0,1,0,0,-1,1,0,1,0,0,0,1,0,1,0,1,0,19.52,Average,20.07,Slightly Above Avg,5.82,Average,4.2,Slightly Below Avg,12.45,Slightly Above Avg,6.5,Average,3.27,Way Below Avg,5,Average,2.56,Way Below Avg,6.91,Average,3.26,Slightly Below Avg,28.27,Average,23.38,Average,16.14,Average,18.73,Average,11.86,Average,26.05,Slightly Above Avg,41.06,Way Above Avg,18.37,Average,19.41,Average,21.73,Average,12.75,Slightly Above Avg,6.09,Slightly Below Avg,31.42,Average,1,1,18.5,No,No,No,No,No,Average,Average,Average,Average,No
987608,,2,TNS DHA,1,0,1,0,1,0,1,1,1,1,1,0,1,0,1,0,1,1,1,0,1,0,1,0,1,0,1,0,1,0,0,0,0,0,1,0,1,0,1,0,1,0,1,0,1,0,1,0,30.12,Average,13.22,Slightly Below Avg,6.47,Slightly Below Avg,4.37,Way Below Avg,4.43,Way Below Avg,7.31,Average,5.57,Slightly Below Avg,9.47,Average,4.15,Way Below Avg,7.4,Average,4.34,Slightly Below Avg,61.47,Slightly Above Avg,10.99,Slightly Below Avg,12.62,Slightly Below Avg,17.13,Average,9.77,Average,12.22,Slightly Below Avg,8.96,Slightly Below Avg,40.27,Slightly Above Avg,20.48,Average,43.19,Average,6.41,Slightly Below Avg,5.82,Slightly Below Avg,68.41,Slightly Above Avg,1,1,25,No,No,No,No,No,Average,Average,Good,Good,No
987609,,2,TNS DHA,1,0,0,0,1,0,1,0,1,0,0,0,0,0,1,-1,0,0,1,-1,1,1,1,0,1,-1,1,1,1,0,0,0,0,0,1,0,0,-1,1,0,0,0,1,0,0,0,1,0,46.33,Slightly Above Avg,43.58,Slightly Above Avg,11.09,Average,5.58,Slightly Below Avg,6.1,Slightly Below Avg,15.32,Slightly Above Avg,12.89,Slightly Above Avg,26.3,Way Above Avg,7.36,Average,40.75,Way Above Avg,3.84,Way Below Avg,37.6,Average,86,Way Above Avg,10.54,Way Below Avg,15.51,Slightly Below Avg,11.78,Average,42.04,Slightly Above Avg,29.28,Slightly Above Avg,72.19,Way Above Avg,28.73,Average,79.44,Slightly Above Avg,18.84,Slightly Above Avg,7.54,Slightly Below Avg,43.84,Average,1,1,13,No,No,No,No,Yes,B,Above Average,B,Above Average,No
987611,,2,TNS DHA,1,1,0,0,1,-1,1,0,1,0,0,-1,1,-1,1,-1,1,0,1,0,1,0,0,0,0,0,1,0,1,0,0,0,0,0,1,0,1,0,0,0,1,-1,1,1,1,0,1,0,5.37,Way Below Avg,5.44,Way Below Avg,31.88,Way Above Avg,5.01,Slightly Below Avg,13.75,Average,37.12,Way Above Avg,22.73,Way Above Avg,21.66,Way Above Avg,5.05,Slightly Below Avg,7.87,Average,3.98,Slightly Below Avg,26.65,Average,12.3,Slightly Below Avg,22.78,Average,13.94,Slightly Below Avg,3.88,Way Below Avg,19.78,Average,9.27,Slightly Below Avg,30.37,Average,19.37,Slightly Below Avg,132.56,Way Above Avg,5.8,Way Below Avg,12.63,Slightly Above Avg,32.16,Average,1,2,14,,,,,,Average,Average,Average,Average,No
987613,,2,TNS DHA,1,0,0,0,1,0,1,0,1,0,1,1,1,0,1,0,1,0,1,0,1,0,0,0,1,0,1,1,1,1,0,0,1,0,1,0,0,0,1,0,1,1,1,0,1,0,1,0,10.85,Slightly Below Avg,30.13,Average,7.09,Average,6.46,Average,8.47,Average,3.1,Way Below Avg,15.59,Slightly Above Avg,7.09,Average,4.39,Slightly Below Avg,10.65,Average,5.85,Average,24.76,Average,39.98,Slightly Above Avg,9.22,Way Below Avg,9.3,Way Below Avg,18.22,Average,12.73,Slightly Below Avg,19.94,Average,12.7,Way Below Avg,45.42,Slightly Above Avg,18.45,Way Below Avg,12.21,Average,7.19,Slightly Below Avg,23.69,Slightly Below Avg,1,2,24,,,,,,A,Good,A,Good,No
987614,,2,TNS DHA,1,0,0,0,1,0,1,0,0,0,1,0,1,0,1,0,1,0,1,0,1,-1,1,0,1,0,0,0,0,0,1,0,1,0,0,0,1,0,1,1,0,0,1,0,1,-1,1,0,12.87,Slightly Below Avg,27.95,Average,10.28,Average,6.33,Slightly Below Avg,7.65,Slightly Below Avg,23.14,Slightly Above Avg,5.41,Slightly Below Avg,11.6,Slightly Above Avg,7.42,Average,10.41,Average,35.68,Way Above Avg,39.39,Average,16.73,Average,17.05,Average,11.24,Way Below Avg,12.26,Average,11.22,Slightly Below Avg,20.92,Average,16.7,Slightly Below Avg,13.32,Way Below Avg,20.75,Slightly Below Avg,12.46,Average,26.11,Way Above Avg,26.34,Slightly Below Avg,2,1,17,,,,,,A,Good,A,Good,No
987615,,2,TNS DHA,1,1,1,0,1,1,1,0,1,0,1,0,1,0,1,0,0,0,1,0,1,0,1,0,1,0,1,0,1,0,0,0,0,0,0,0,0,0,0,0,0,0,0,0,1,0,1,0,9.74,Way Below Avg,17.51,Average,4.59,Way Below Avg,6.4,Average,15.36,Average,7.52,Average,7.28,Average,7.61,Average,9.86,Slightly Above Avg,11.47,Average,8.89,Average,58.62,Slightly Above Avg,35.9,Average,19.98,Average,12.65,Slightly Below Avg,4.8,Way Below Avg,41.37,Slightly Above Avg,13.14,Average,21.21,Average,18.07,Slightly Below Avg,8.31,Way Below Avg,19.23,Slightly Above Avg,14.28,Slightly Above Avg,71.72,Slightly Above Avg,1,1,18,,,,,,Average,Average,Average,Average,No
987618,,2,TNS DHA,1,0,1,0,1,0,1,0,1,0,1,0,1,0,1,0,1,0,1,0,1,0,1,0,1,1,1,1,0,0,0,0,1,-1,1,0,1,0,1,0,1,0,1,0,1,0,1,0,14.75,Slightly Below Avg,10.62,Slightly Below Avg,6.45,Slightly Below Avg,10.62,Slightly Above Avg,7.79,Slightly Below Avg,17.56,Slightly Above Avg,5.75,Slightly Below Avg,4.2,Slightly Below Avg,5.12,Slightly Below Avg,13.46,Average,5.68,Average,23.44,Slightly Below Avg,9.34,Way Below Avg,7.23,Way Below Avg,13.79,Slightly Below Avg,4.84,Way Below Avg,57.34,Way Above Avg,10.87,Average,14.2,Slightly Below Avg,14.67,Slightly Below Avg,22.59,Slightly Below Avg,8.73,Slightly Below Avg,6.17,Slightly Below Avg,77.85,Slightly Above Avg,1,1,23,,,,,,A,Good,A,Good,No
987620,,2,TNS DHA,1,0,1,0,1,0,1,0,1,1,0,0,1,0,1,0,1,0,1,0,1,0,0,0,0,0,1,0,0,0,0,0,1,-1,1,0,1,0,1,1,1,0,1,0,1,0,1,0,15.16,Slightly Below Avg,39.92,Slightly Above Avg,11.88,Slightly Above Avg,14.14,Slightly Above Avg,5.3,Way Below Avg,3.65,Way Below Avg,13.27,Slightly Above Avg,7.83,Average,5.95,Average,6.97,Average,5.18,Slightly Below Avg,7.34,Way Below Avg,10.5,Slightly Below Avg,33.21,Average,11.99,Slightly Below Avg,5.36,Way Below Avg,133.66,Way Above Avg,23.99,Slightly Above Avg,17.63,Slightly Below Avg,13.26,Way Below Avg,29.12,Average,12.2,Average,10.88,Average,22.26,Slightly Below Avg,1,2,20,,,,,,A,Good,A,Good,No
987621,,2,TNS DHA,1,0,1,0,1,0,1,0,1,0,1,0,1,0,1,0,1,0,1,0,1,0,1,0,0.5,0,1,0,0,0,0,0,0,0,1,0,0,0,1,0,0,0,1,0,1,-1,1,0,23.32,Average,28.14,Average,13.29,Slightly Above Avg,9.28,Average,12.37,Average,14.47,Slightly Above Avg,12.63,Slightly Above Avg,11.83,Slightly Above Avg,6.62,Average,8.96,Average,7.07,Average,26.68,Average,22.37,Average,24.06,Average,17.21,Average,5.99,Slightly Below Avg,6.47,Way Below Avg,15.56,Average,25.29,Average,13.81,Slightly Below Avg,21.44,Slightly Below Avg,14.46,Average,23.64,Way Above Avg,54.43,Slightly Above Avg,1,1,17.5,No,No,No,No,No,B,Above Average,B,Above Average,No
987622,,2,TNS DHA,1,0,1,0,1,0,1,0,1,0,1,-1,1,0,1,0,1,0,1,0,1,-1,1,0,0.5,0,1,0,1,0,1,-1,1,0,0,0,1,0,1,0,0,0,1,0,1,0,1,0,17.43,Average,14.21,Average,15.56,Slightly Above Avg,12.45,Slightly Above Avg,16.44,Average,31.82,Way Above Avg,6.6,Slightly Below Avg,5.04,Slightly Below Avg,6.51,Average,17.97,Slightly Above Avg,24.39,Way Above Avg,34.09,Average,54.96,Slightly Above Avg,19.36,Average,13.48,Slightly Below Avg,84.74,Way Above Avg,30.4,Slightly Above Avg,15.6,Average,23.11,Average,36.55,Average,57.69,Average,14.92,Average,17.68,Slightly Above Avg,80.73,Slightly Above Avg,3,2,18.5,No,No,No,No,No,B,Above Average,B,Above Average,No
987624,,2,TNS DHA,1,0,0,0,1,0,1,0,1,0,0,0,1,0,0,0,0,-1,1,0,1,0,1,0,1,0,1,0,1,0,0,0,0,0,1,0,0,0,1,0,1,0,1,0,1,-1,1,0,23.75,Average,43.87,Slightly Above Avg,10.39,Average,6.6,Average,22.51,Slightly Above Avg,7.98,Average,13.54,Slightly Above Avg,14.25,Slightly Above Avg,23.01,Way Above Avg,26.04,Slightly Above Avg,8.94,Average,28.83,Average,15.65,Slightly Below Avg,16.84,Slightly Below Avg,16.33,Slightly Below Avg,8.9,Slightly Below Avg,18.89,Average,16.16,Average,55.8,Slightly Above Avg,56.66,Slightly Above Avg,89.38,Slightly Above Avg,18.8,Slightly Above Avg,20.56,Way Above Avg,38.47,Average,2,2,15,No,No,No,No,No,Excellent,Excellent,Excellent,Excellent,No
987626,,2,TNS DHA,1,0,1,0,1,1,1,0,1,0,1,0,1,0,1,0,1,0,1,0,1,0,1,0,1,0,1,0,0,0,0,-1,0,-1,1,0,1,0,1,0,1,0,1,0,1,0,1,0,18.61,Average,27.66,Average,4.84,Way Below Avg,5.07,Slightly Below Avg,7.82,Slightly Below Avg,10.58,Average,8.82,Average,5.83,Slightly Below Avg,5,Slightly Below Avg,5.61,Slightly Below Avg,5.79,Average,37.85,Average,18.06,Average,33.59,Average,18.95,Average,112.84,Way Above Avg,53.09,Way Above Avg,17.63,Average,41.94,Slightly Above Avg,22.35,Average,105.98,Slightly Above Avg,10.43,Average,17.9,Slightly Above Avg,23.54,Slightly Below Avg,1,1,20,No,Yes,No,No,No,Good,Good,Good,Good,No
987627,,2,TNS DHA,1,1,1,1,1,1,1,0,1,1,1,1,1,1,1,1,1,1,1,0,1,1,1,0,1,0,1,1,1,1,0,0,1,0,1,0,1,1,1,0,1,0,1,1,1,0,1,1,9.57,Way Below Avg,6.39,Way Below Avg,4.5,Way Below Avg,4.96,Slightly Below Avg,5.28,Way Below Avg,4.51,Way Below Avg,4.02,Way Below Avg,3.63,Way Below Avg,3.56,Way Below Avg,7.05,Average,3.4,Way Below Avg,29.52,Average,11.67,Slightly Below Avg,8.1,Way Below Avg,8.23,Way Below Avg,7.55,Slightly Below Avg,11.81,Slightly Below Avg,7.07,Slightly Below Avg,9.8,Way Below Avg,14.96,Slightly Below Avg,20.78,Slightly Below Avg,4.71,Way Below Avg,15.69,Slightly Above Avg,15.25,Way Below Avg,2,1,37,,,,,,Average,Average,Average,Average,No
987628,,2,TNS DHA,1,0,1,0,1,0,1,0,1,0,1,0,1,1,1,0,1,0,1,0,1,1,1,0,1,0,1,0,1,1,1,0,0,0,0,0,1,0,1,0,1,-1,1,0,1,1,1,0,14.11,Slightly Below Avg,26.35,Average,5.65,Slightly Below Avg,12.27,Slightly Above Avg,6.4,Slightly Below Avg,7.66,Average,4.98,Way Below Avg,4.81,Slightly Below Avg,7.03,Average,11.39,Average,3.81,Way Below Avg,53.38,Average,20.89,Average,15.22,Slightly Below Avg,11.03,Way Below Avg,9.77,Average,5.14,Way Below Avg,11.9,Average,23.74,Average,15.77,Slightly Below Avg,190.47,Way Above Avg,12.03,Average,5.07,Way Below Avg,28.87,Average,1,1,25,,,,,,A,Good,A,Good,No
987629,,2,TNS DHA,1,1,1,1,1,1,1,1,1,1,1,0,1,1,1,1,1,1,1,1,1,1,1,0,1,0,1,1,1,1,0,0,1,0,1,1,1,1,1,1,1,1,1,0,1,0,1,0,9.29,Way Below Avg,9.31,Way Below Avg,4.51,Way Below Avg,4.08,Way Below Avg,3.46,Way Below Avg,5.14,Slightly Below Avg,4.53,Way Below Avg,4.1,Way Below Avg,3.27,Way Below Avg,3.88,Way Below Avg,3.56,Way Below Avg,26.38,Average,28.67,Average,7.53,Way Below Avg,7.81,Way Below Avg,14.29,Average,10.11,Slightly Below Avg,5.42,Way Below Avg,9.2,Way Below Avg,12.65,Way Below Avg,10.39,Way Below Avg,8.04,Slightly Below Avg,6.32,Slightly Below Avg,19.52,Slightly Below Avg,1,1,39,,,,,,Average,Average,Average,Average,No
987630,,2,TNS DHA,1,1,1,1,1,1,1,0,1,1,0,0,1,0,1,1,1,0,0,0,1,0,1,0,1,0,1,0,1,0,0,0,0,0,0,0,1,0,1,0,0,0,1,0,1,0,1,0,9.19,Way Below Avg,5.25,Way Below Avg,4.66,Way Below Avg,9.44,Average,3.45,Way Below Avg,22.59,Slightly Above Avg,6.1,Slightly Below Avg,3.91,Way Below Avg,5.2,Slightly Below Avg,7.98,Average,5.62,Average,17.73,Slightly Below Avg,23.53,Average,15.81,Slightly Below Avg,12.11,Slightly Below Avg,14.13,Average,34.99,Slightly Above Avg,19.57,Average,20.23,Slightly Below Avg,21.4,Average,20.63,Slightly Below Avg,16.75,Slightly Above Avg,6.92,Slightly Below Avg,19.65,Slightly Below Avg,1,1,23,,,,,,Average,Average,Average,Average,No
987631,,2,TNS DHA,1,0,1,0,1,1,1,0,1,0,1,1,1,1,1,1,1,0,1,1,1,0,1,0,1,0,1,0,0,0,0,0,1,0,0,0,1,1,1,0,1,1,1,0,1,0,1,1,13.37,Slightly Below Avg,11.47,Slightly Below Avg,4.74,Way Below Avg,5.49,Slightly Below Avg,5.57,Slightly Below Avg,4.35,Way Below Avg,4.35,Way Below Avg,4.02,Way Below Avg,4.32,Slightly Below Avg,4.17,Way Below Avg,4.2,Slightly Below Avg,12.85,Slightly Below Avg,11.88,Slightly Below Avg,13.92,Slightly Below Avg,23.13,Average,3.54,Way Below Avg,39.42,Slightly Above Avg,11.82,Average,11.57,Way Below Avg,14.36,Slightly Below Avg,17.22,Way Below Avg,14.99,Average,10.57,Average,14.26,Way Below Avg,1,2,29,,,,,,A,Good,A,Good,No
987632,,2,TNS DHA,1,0,1,0,1,0,1,0,1,0,1,0,1,0,1,0,1,0,1,0,1,0,1,0,1,0,1,0,1,0,1,-1,1,0,0,-1,1,0,1,-1,1,0,1,0,1,1,1,0,16.99,Average,13.47,Slightly Below Avg,18.44,Slightly Above Avg,7.18,Average,8.48,Average,8.37,Average,7.71,Average,7.1,Average,13.54,Slightly Above Avg,7.44,Average,6.83,Average,21.21,Slightly Below Avg,25.8,Average,19.47,Average,29.81,Average,43.74,Way Above Avg,9.88,Slightly Below Avg,51.78,Way Above Avg,20.63,Average,66.59,Way Above Avg,51.65,Average,7.73,Slightly Below Avg,5.27,Way Below Avg,26,Slightly Below Avg,1,1,21,No,No,No,No,No,Meeting Class Benchmarks,Good,Meeting Class Benchmarks,Good,No
987633,,2,TNS DHA,1,0,1,0,1,0,1,0,1,0,1,0,1,0,1,0,0,0,1,0,1,0,0,0,0,0,1,0,1,-1,1,0,1,0,0,0,1,0,1,0,0,0,0,0,0,0,1,0,11.4,Slightly Below Avg,32.14,Average,9.42,Average,10.57,Average,9.61,Average,10.63,Average,10.12,Average,6.64,Average,11.36,Slightly Above Avg,15.07,Slightly Above Avg,14.14,Slightly Above Avg,31.79,Average,15.12,Slightly Below Avg,60.46,Slightly Above Avg,152.75,Way Above Avg,25.61,Slightly Above Avg,19.69,Average,9.61,Slightly Below Avg,20.01,Slightly Below Avg,25.7,Average,22.71,Slightly Below Avg,6.01,Way Below Avg,12.15,Average,32.65,Average,2,2,16,,,,,,A,Good,B,Above Average,No
987634,,2,TNS DHA,1,0,1,0,1,0,1,0,1,0,1,0,1,0,1,0,1,0,1,0,1,0,1,0,1,0,1,0,1,0,0,0,1,0,1,0,1,0,1,0,0,0,1,0,1,0,1,0,13.48,Slightly Below Avg,10.63,Slightly Below Avg,8.82,Average,8.35,Average,12.53,Average,9.22,Average,6.38,Slightly Below Avg,10.03,Slightly Above Avg,5.14,Slightly Below Avg,7.57,Average,6.04,Average,32.78,Average,27.81,Average,19.59,Average,42.98,Slightly Above Avg,25.84,Slightly Above Avg,29.36,Slightly Above Avg,9.31,Slightly Below Avg,24.42,Average,38.63,Slightly Above Avg,59.83,Average,15,Average,15.56,Slightly Above Avg,63.75,Slightly Above Avg,2,2,22,,,,,,A,Good,A,Good,No
987635,,2,TNS DHA,1,0,1,0,1,0,1,0,1,0,1,0,1,0,1,0,1,0,1,0,1,0,1,0,1,-1,1,0,1,0,1,-1,0,0,0,0,1,0,1,0,1,0,1,0,1,0,1,0,16.75,Average,13.23,Slightly Below Avg,9.75,Average,5.33,Slightly Below Avg,13.61,Average,11.9,Average,11.52,Average,6.91,Average,10.49,Slightly Above Avg,8.91,Average,9.55,Slightly Above Avg,29.73,Average,87.48,Way Above Avg,42.28,Average,14.03,Slightly Below Avg,55.96,Way Above Avg,12,Slightly Below Avg,37.95,Slightly Above Avg,27.84,Average,24.49,Average,98.35,Slightly Above Avg,14.88,Average,9.43,Average,20.57,Slightly Below Avg,3,2,20,No,No,No,No,No,Meeting Class Benchmarks,Good,Meeting Class Benchmarks,Good,No
999909,9,2,NEWLANDS,1,0,1,0,1,0,1,0,1,0,0,0,1,0,1,0,0,0,0,0,1,0,0,0,0,0,0,0,0,0,0,0,0,0,0,0,0,0,0,0,0,0,0,0,1,1,1,0,33.03,Average,26.75,Average,7.94,Average,7.94,Average,5.65,Slightly Below Avg,6.06,Slightly Below Avg,11.64,Average,7.16,Average,4.58,Slightly Below Avg,7.17,Average,4.12,Slightly Below Avg,13.75,Slightly Below Avg,7.3,Way Below Avg,14.45,Slightly Below Avg,11.06,Way Below Avg,15.44,Average,4.22,Way Below Avg,26.06,Slightly Above Avg,22.97,Average,16.23,Slightly Below Avg,25.58,Slightly Below Avg,17.18,Slightly Above Avg,3.1,Way Below Avg,25.57,Slightly Below Avg,1,1,11,No,No,No,No,No,Meeting Class Benchmarks,Good,Meeting Class Benchmarks,Good,No
aahil-2,,2,NEWLANDS,1,0,1,0,1,0,1,0,1,0,1,0,1,0,1,0,0,-1,1,0,1,0,1,0,1,0,1,0,1,1,0,0,1,0,1,0,1,1,0,0,1,0,1,0,1,0,1,1,39.46,Average,37.68,Slightly Above Avg,7.29,Average,9.42,Average,11.71,Average,17.61,Slightly Above Avg,11.78,Average,6.48,Average,17.94,Way Above Avg,6.46,Slightly Below Avg,6.87,Average,26.11,Average,15.23,Slightly Below Avg,22.53,Average,7.23,Way Below Avg,28.75,Slightly Above Avg,37.03,Slightly Above Avg,27.66,Slightly Above Avg,10.81,Way Below Avg,11.47,Way Below Avg,28.1,Average,13.55,Average,9.94,Average,14.64,Way Below Avg,1,1,23,,,,,,,,,,
AAQIB-3,,3,NEWLANDS,1,0,1,0,1,0,1,0,1,0,1,0,1,0,1,0,1,0,1,0,1,0,1,0,1,0,1,1,0,0,0,0,1,0,1,0,1,0,1,0,1,0,1,1,1,0,1,1,11.53,Average,9.88,Slightly Below Avg,7.41,Average,10.15,Slightly Above Avg,4.21,Slightly Below Avg,4.38,Slightly Below Avg,5.44,Average,4.02,Slightly Below Avg,3.32,Slightly Below Avg,4.41,Slightly Below Avg,4.06,Slightly Below Avg,21.95,Average,25.26,Average,7.98,Way Below Avg,8.59,Slightly Below Avg,4.14,Way Below Avg,25.38,Average,27.04,Slightly Above Avg,11.3,Slightly Below Avg,16.94,Average,25.32,Average,4.18,Way Below Avg,5.69,Slightly Below Avg,10.42,Way Below Avg,1,1,25,,,,,,,,,,
aashir-1,,1,NEWLANDS,0,0,1,0,1,0,1,0,1,0,0,-1,0,0,0,0,1,0,0,0,1,0,0,0,0,0,1,0,0,0,0,0,0,0,0,0,0,0,0,0,0,0,0,0,1,1,1,0,32.01,Average,22.48,Average,11.21,Average,6.86,Slightly Below Avg,6.66,Slightly Below Avg,37.31,Way Above Avg,20.99,Slightly Above Avg,8,Average,5.3,Slightly Below Avg,4.59,Slightly Below Avg,5.31,Slightly Below Avg,27.52,Average,70.11,Slightly Above Avg,19.46,Slightly Below Avg,18.45,Slightly Below Avg,6.59,Way Below Avg,9.43,Slightly Below Avg,4.57,Way Below Avg,41.91,Average,14.07,Way Below Avg,14.78,Way Below Avg,4.54,Way Below Avg,4.3,Way Below Avg,31.59,Average,1,1,9,,,,,,,,,,
abdullah-2-2013,,2,NEWLANDS,1,0,0,0,1,0,1,0,1,1,0,0,1,-1,1,0,1,0,1,0,1,0,0,0,0,0,1,0,1,0,0,0,0,0,0,0,1,0,1,0,0,0,1,0,1,-1,1,0,14.94,Slightly Below Avg,14.06,Slightly Below Avg,6.27,Slightly Below Avg,8.73,Average,4.78,Way Below Avg,11.04,Average,20.9,Slightly Above Avg,7.54,Average,7.57,Average,6.14,Slightly Below Avg,15.58,Slightly Above Avg,58.75,Slightly Above Avg,8.27,Way Below Avg,30.16,Average,35.63,Slightly Above Avg,9.74,Average,51.82,Way Above Avg,8.05,Slightly Below Avg,14.11,Slightly Below Avg,27.51,Average,88.16,Slightly Above Avg,10.02,Average,19.26,Way Above Avg,28.5,Average,1,1,15,,,,,,,,,,
Abdullah-2201,,2,NEWLANDS,1,0,1,0,1,0,1,0,1,0,1,0,1,0,1,0,1,0,1,0,1,0,1,0,0.5,0,1,0,0,0,0,0,1,0,0,0,1,0,1,0,1,0,1,0,1,-1,1,0,12.83,Slightly Below Avg,21.51,Average,12.32,Slightly Above Avg,8.9,Average,9.02,Average,8.43,Average,6.54,Slightly Below Avg,5.13,Slightly Below Avg,6.49,Average,13.39,Average,7.98,Average,21.64,Slightly Below Avg,48.66,Slightly Above Avg,24.44,Average,17.09,Average,5.17,Way Below Avg,17.91,Average,17.98,Average,14.9,Slightly Below Avg,35.16,Average,32.45,Average,14.94,Average,15.85,Slightly Above Avg,28.26,Average,1,1,19.5,,,,,,,,,,
abdullah]-1,,1,NEWLANDS,1,0,0,0,1,0,1,1,1,-1,1,0,0,0,0,0,1,0,1,0,0,0,1,0,0,0,1,0,1,0,0,0,1,0,1,0,0,0,1,0,0,0,1,0,1,0,1,1,64.82,Slightly Above Avg,24.26,Average,12.76,Average,5.58,Way Below Avg,44.39,Way Above Avg,9.37,Average,4.82,Way Below Avg,22.66,Slightly Above Avg,10.93,Slightly Above Avg,8.24,Average,6.21,Average,60.78,Average,26.25,Average,59.94,Average,27.91,Average,10.22,Average,22.32,Average,6.18,Slightly Below Avg,39.04,Average,35.06,Average,107.26,Slightly Above Avg,23.67,Slightly Above Avg,6.51,Slightly Below Avg,17.31,Way Below Avg,1,1,17,,,,,,,,,,
abdulrafay-3,,3,NEWLANDS,0,0,1,0,1,1,1,0,1,0,1,0,1,0,1,0,1,1,0,0,1,0,1,0,0,0,1,0,0,0,1,0,1,1,1,0,1,0,1,0,0,0,1,1,1,0,1,0,8.61,Slightly Below Avg,10.23,Slightly Below Avg,3.61,Way Below Avg,4.61,Slightly Below Avg,11.61,Average,15.75,Slightly Above Avg,4.87,Slightly Below Avg,6.48,Average,2.87,Way Below Avg,7.12,Average,3.29,Slightly Below Avg,22.06,Average,22.53,Average,15.58,Average,14,Average,12.75,Average,8.66,Way Below Avg,21.55,Slightly Above Avg,15.66,Average,13.62,Slightly Below Avg,17.26,Slightly Below Avg,4.16,Way Below Avg,6.27,Slightly Below Avg,20.64,Average,2,2,23,,,,,,,,,,
Abeer-3,,3,NEWLANDS,1,0,0,0,1,0,1,0,1,0,1,0,1,0,1,-1,1,0,1,0,1,0,1,0,0,0,1,0,1,0,0,-1,1,0,1,0,1,0,1,0,0,0,1,-1,1,-1,1,0,15.46,Average,18.98,Slightly Above Avg,13.46,Slightly Above Avg,7.62,Average,16.25,Slightly Above Avg,11.86,Slightly Above Avg,4.23,Slightly Below Avg,14.19,Way Above Avg,4.01,Slightly Below Avg,5.66,Average,6.23,Average,21.35,Average,29.61,Slightly Above Avg,34.6,Slightly Above Avg,20.33,Average,28.93,Way Above Avg,18.17,Average,30.47,Slightly Above Avg,31.39,Slightly Above Avg,34.91,Slightly Above Avg,16.52,Slightly Below Avg,28.14,Way Above Avg,19.52,Way Above Avg,21.6,Average,1,1,16,,,,,,,,,,
adam-2,,2,NEWLANDS,1,0,1,0,1,0,1,0,1,0,0,0,1,-1,0,0,1,1,0,0,1,0,1,0,1,0,1,-1,0,0,0,0,0,0,1,0,1,0,1,0,1,0,1,0,1,0,1,0,24.85,Average,55.07,Slightly Above Avg,9.31,Average,9.9,Average,25.69,Slightly Above Avg,5.55,Slightly Below Avg,25.4,Way Above Avg,3.14,Way Below Avg,3.9,Way Below Avg,3.63,Way Below Avg,5.23,Slightly Below Avg,44.2,Average,20.8,Average,101.37,Way Above Avg,14.52,Slightly Below Avg,7.04,Slightly Below Avg,9.21,Slightly Below Avg,6.78,Slightly Below Avg,60.48,Slightly Above Avg,29.04,Average,26.58,Slightly Below Avg,9.43,Average,7.14,Slightly Below Avg,30.32,Average,1,1,17,,,,,,,,,,
adan-1,,1,NEWLANDS,1,0,1,0,1,0,1,0,0,0,1,0,1,0,0,0,1,0,0,0,1,0,1,0,0.5,0,1,0,0,0,0,0,0,0,1,0,0,0,0,0,0,0,1,0,1,0,1,0,36.9,Average,38.9,Average,12.42,Average,22.01,Slightly Above Avg,14.83,Average,16.41,Slightly Above Avg,9.07,Average,20.47,Slightly Above Avg,9.13,Average,3.95,Way Below Avg,9.85,Average,31.17,Average,81.9,Slightly Above Avg,30.45,Average,18.87,Slightly Below Avg,5.1,Way Below Avg,23.57,Average,15.26,Average,32.47,Average,67.58,Slightly Above Avg,26.38,Slightly Below Avg,10.87,Slightly Below Avg,10.82,Average,35.78,Average,1,1,14.5,,,,,,,,,,
Afan-3,,3,NEWLANDS,1,0,1,0,1,0,1,0,1,0,1,0,1,0,1,0,1,0,1,0,1,0,1,0,1,0,1,0,0,0,0,0,1,0,1,0,1,0,1,0,0,0,1,0,1,0,1,0,9.4,Slightly Below Avg,20.49,Slightly Above Avg,5.77,Average,9.43,Slightly Above Avg,6.05,Average,6.25,Average,6.99,Average,4.49,Average,4.79,Average,4.81,Average,6.21,Average,33.34,Average,15.09,Average,9.13,Slightly Below Avg,6.92,Way Below Avg,18.46,Slightly Above Avg,33.66,Slightly Above Avg,6.16,Slightly Below Avg,12.34,Slightly Below Avg,19.49,Average,18.14,Slightly Below Avg,6.82,Slightly Below Avg,8.62,Average,17.17,Slightly Below Avg,1,1,21,,,,,,,,,,
ahmad-2,,2,NEWLANDS,1,0,1,-1,1,0,1,0,1,-1,0,0,1,-1,0,0,1,0,0,0,1,0,1,0,1,-1,1,0,1,0,0,0,1,0,1,1,1,0,1,0,0,0,1,0,1,0,1,0,28.19,Average,62.7,Way Above Avg,8.04,Average,15.75,Slightly Above Avg,45.41,Way Above Avg,10.29,Average,44.6,Way Above Avg,8.78,Average,14.62,Slightly Above Avg,9.57,Average,4.35,Slightly Below Avg,38.9,Average,70.33,Way Above Avg,31.2,Average,50.14,Slightly Above Avg,7.46,Slightly Below Avg,12,Slightly Below Avg,5.9,Way Below Avg,32.38,Average,29.49,Average,20.61,Slightly Below Avg,14.27,Average,13.35,Slightly Above Avg,29.82,Average,4,3,16,,,,,,,,,,
ahmed-2-58,,2,NEWLANDS,1,0,1,-1,1,0,1,0,1,0,1,0,1,0,1,0,1,0,1,0,1,0,1,0,1,-1,1,-1,0,0,0,0,1,0,0,0,0,0,1,-1,1,0,1,0,1,0,1,0,28.8,Average,41.1,Slightly Above Avg,6.79,Average,5.79,Slightly Below Avg,14.66,Average,8.8,Average,11.1,Average,6.47,Average,7.1,Average,10.24,Average,6.75,Average,36.33,Average,196.7,Way Above Avg,60.41,Slightly Above Avg,40.52,Slightly Above Avg,22.19,Slightly Above Avg,75.2,Way Above Avg,11.03,Average,47.15,Slightly Above Avg,59.7,Slightly Above Avg,54.1,Average,8.02,Slightly Below Avg,12.21,Average,27.36,Average,1,1,16,,,,,,,,,,
ahmed-2-59,,2,NEWLANDS,1,0,1,0,1,1,1,1,1,0,1,0,1,0,1,0,1,0,1,0,1,0,1,0,1,0,1,0,1,0,0,-1,1,0,0,-1,1,0,1,1,1,0,1,0,1,0,1,0,20.54,Average,20.14,Average,3.9,Way Below Avg,3.47,Way Below Avg,20.06,Slightly Above Avg,7.08,Average,10.17,Average,6.61,Average,5.3,Slightly Below Avg,16.65,Slightly Above Avg,5.98,Average,56.5,Slightly Above Avg,22.45,Average,19.82,Average,13.13,Slightly Below Avg,36.49,Slightly Above Avg,9.92,Slightly Below Avg,34.94,Slightly Above Avg,25.4,Average,11.63,Way Below Avg,19.42,Slightly Below Avg,13.99,Average,6.98,Slightly Below Avg,31.6,Average,1,3,23,,,,,,,,,,
aiman-2,,2,NEWLANDS,1,0,1,0,1,0,1,0,1,0,1,1,1,0,1,0,1,0,1,0,1,1,1,0,1,0,1,1,1,0,0,0,0,0,1,0,1,1,1,0,1,0,1,0,1,0,1,1,15.68,Average,11.46,Slightly Below Avg,5.03,Slightly Below Avg,5.57,Slightly Below Avg,6.01,Slightly Below Avg,4.44,Way Below Avg,5.69,Slightly Below Avg,4.42,Slightly Below Avg,4.62,Slightly Below Avg,4.56,Slightly Below Avg,3.56,Way Below Avg,17.46,Slightly Below Avg,28.47,Average,10.49,Way Below Avg,15.15,Slightly Below Avg,3.86,Way Below Avg,8.72,Way Below Avg,8.44,Slightly Below Avg,8.97,Way Below Avg,19.3,Slightly Below Avg,29.56,Average,8.14,Slightly Below Avg,16.78,Slightly Above Avg,17.04,Way Below Avg,1,1,27,,,,,,,,,,
aisha-1,,1,NEWLANDS,1,0,1,0,1,0,1,0,1,0,1,0,1,0,1,0,1,0,1,0,1,0,0.5,0,0.5,0,1,0,0,0,0,0,0,0,1,0,0,0,1,-1,1,1,1,0,1,0,1,0,19.78,Slightly Below Avg,18.2,Average,11.49,Average,8.94,Average,7.7,Slightly Below Avg,9.25,Average,12.94,Average,7.82,Average,10.33,Average,10.92,Average,8.6,Average,101.41,Slightly Above Avg,92.6,Slightly Above Avg,47.78,Average,32.34,Average,7.3,Slightly Below Avg,39.15,Slightly Above Avg,43.64,Slightly Above Avg,24.77,Slightly Below Avg,201.19,Way Above Avg,14.95,Way Below Avg,12.68,Average,10.21,Average,29.71,Average,2,3,19,,,,,,,,,,
aiza-2,,2,NEWLANDS,1,0,0,0,1,0,1,0,1,-1,1,0,1,0,1,0,0,0,0,0,1,0,1,0,1,-1,1,0,0,0,0,0,1,0,0,0,1,0,0,0,0,0,1,-1,0,0,1,0,76.97,Slightly Above Avg,57.45,Slightly Above Avg,6.5,Slightly Below Avg,6.02,Slightly Below Avg,60.74,Way Above Avg,9.1,Average,19.14,Slightly Above Avg,9.69,Slightly Above Avg,7.95,Average,8.17,Average,15.78,Slightly Above Avg,80.64,Slightly Above Avg,101.94,Way Above Avg,55.11,Slightly Above Avg,30.74,Average,17.83,Average,17.71,Average,21.14,Average,49.25,Slightly Above Avg,46.38,Slightly Above Avg,32.24,Average,40.67,Way Above Avg,16.94,Slightly Above Avg,64.7,Slightly Above Avg,1,1,12,,,,,,,,,,
ALAYA-3,,3,NEWLANDS,0,0,1,-1,1,-1,1,0,1,-1,0,0,1,-1,0,0,1,0,0,0,1,0,1,-1,1,-1,1,-1,0,0,1,0,1,1,1,0,1,-1,0,-1,0,0,0,0,1,1,1,0,13.88,Average,65.38,Way Above Avg,41.99,Way Above Avg,11.93,Slightly Above Avg,33.01,Way Above Avg,4.66,Slightly Below Avg,26.58,Way Above Avg,8.29,Slightly Above Avg,5.22,Average,9.12,Slightly Above Avg,5.36,Average,70.67,Way Above Avg,160.23,Way Above Avg,136.17,Way Above Avg,15.27,Average,7.93,Slightly Below Avg,8.17,Way Below Avg,6.07,Slightly Below Avg,68.69,Way Above Avg,50.44,Way Above Avg,17.45,Slightly Below Avg,4.46,Way Below Avg,4.06,Way Below Avg,49.39,Slightly Above Avg,1,1,9,,,,,,,,,,
ali babar-1,,1,NEWLANDS,1,1,1,0,1,1,1,0,1,0,1,1,0,0,1,0,0,0,0,0,1,0,0,0,0,0,1,0,0,0,0,0,0,0,1,1,0,0,0,0,1,0,0,0,1,1,1,0,9.68,Way Below Avg,35.42,Average,6.34,Way Below Avg,8.18,Average,13.39,Average,4.45,Way Below Avg,10.87,Average,6.78,Average,8.78,Average,4.42,Slightly Below Avg,4.55,Slightly Below Avg,26.52,Slightly Below Avg,16.08,Average,18.36,Slightly Below Avg,10.42,Way Below Avg,11.1,Average,6.9,Way Below Avg,2.89,Way Below Avg,9.18,Way Below Avg,17.9,Slightly Below Avg,32.78,Slightly Below Avg,13.3,Average,2.42,Way Below Avg,25.43,Slightly Below Avg,4,1,18,,,,,,,,,,
ali-1,,1,NEWLANDS,0,0,0,0,1,0,1,0,0,0,0,0,1,0,0,0,0,0,0,0,1,0,0,0,0,0,1,-1,1,-1,0,0,0,0,0,0,0,0,0,0,0,0,1,0,1,0,1,0,45.49,Average,19.02,Average,10.7,Average,12.79,Average,22.61,Average,14.94,Slightly Above Avg,13.56,Average,12.76,Slightly Above Avg,11.3,Slightly Above Avg,20.86,Slightly Above Avg,7.02,Average,61.08,Slightly Above Avg,46.4,Slightly Above Avg,110.34,Way Above Avg,176.74,Way Above Avg,14.61,Average,16.04,Average,10.03,Average,40.4,Average,19.06,Slightly Below Avg,43.13,Average,26.58,Slightly Above Avg,16.44,Slightly Above Avg,36.5,Average,1,1,7,,,,,,,,,,
ali-2,,2,NEWLANDS,1,0,1,0,1,0,1,0,1,0,1,0,1,0,1,0,1,-1,1,0,1,0,1,0,1,-1,1,0,0,0,0,0,0,0,1,0,1,0,1,0,0,0,1,0,1,0,1,0,13.75,Slightly Below Avg,13.52,Slightly Below Avg,5.34,Slightly Below Avg,4.72,Slightly Below Avg,7.9,Average,6.7,Slightly Below Avg,12.5,Slightly Above Avg,7.9,Average,16.18,Way Above Avg,5.96,Slightly Below Avg,7.82,Average,44.86,Average,99.03,Way Above Avg,48.88,Slightly Above Avg,51.53,Slightly Above Avg,27.98,Slightly Above Avg,32.38,Slightly Above Avg,8.61,Slightly Below Avg,34.46,Average,30.45,Average,44.94,Average,11.3,Average,8.05,Average,30.43,Average,1,1,18,,,,,,,,,,
ALLAYA-3,,3,NEWLANDS,1,0,1,0,1,0,0,0,1,0,1,0,1,0,1,0,1,0,1,0,1,0,1,0,1,0,1,0,1,0,0,0,1,1,0,0,1,0,0,0,0,0,1,0,1,0,1,1,16.62,Average,21.1,Slightly Above Avg,5.7,Average,7.78,Average,8.68,Average,6.26,Average,8.33,Average,10.04,Slightly Above Avg,8.26,Slightly Above Avg,5.04,Average,9.14,Slightly Above Avg,28.77,Average,22.3,Average,12.31,Average,16.39,Average,8.22,Slightly Below Avg,6.03,Way Below Avg,17.44,Average,29.37,Slightly Above Avg,19.73,Average,22.26,Average,7.83,Average,9.82,Average,13.22,Way Below Avg,1,1,21,,,,,,,,,,
amal-3-85,,3,NEWLANDS,1,0,1,0,1,1,1,1,1,0,0,0,1,0,1,0,1,0,1,0,1,0,0,0,1,0,1,0,1,0,0,0,0,0,0,0,1,0,1,0,0,-1,1,0,1,0,1,0,17.91,Average,10.93,Average,3.97,Way Below Avg,3.3,Way Below Avg,4.08,Slightly Below Avg,4.69,Slightly Below Avg,6.42,Average,6.54,Average,5.07,Average,5.92,Average,3.86,Slightly Below Avg,19.75,Average,21.5,Average,14.34,Average,19.78,Average,20.66,Slightly Above Avg,16.33,Average,16.63,Average,12.64,Slightly Below Avg,16.34,Average,86.04,Way Above Avg,5.3,Slightly Below Avg,4.95,Way Below Avg,19.69,Average,1,1,19,,,,,,,,,,
amal-3-86,,3,NEWLANDS,1,0,1,0,1,0,1,0,1,0,1,-1,1,0,1,0,1,0,1,-1,1,0,1,1,1,-1,1,0,1,-1,0,0,1,1,1,0,1,0,1,0,1,0,1,0,1,1,1,0,13.22,Average,10.25,Slightly Below Avg,5.96,Average,4.87,Slightly Below Avg,5.79,Average,19.3,Way Above Avg,5.46,Average,8.89,Slightly Above Avg,4.06,Slightly Below Avg,18.08,Way Above Avg,4.54,Average,11.56,Slightly Below Avg,61.07,Way Above Avg,14.27,Average,92.43,Way Above Avg,12.82,Average,10.96,Slightly Below Avg,28.84,Slightly Above Avg,11.22,Slightly Below Avg,20.7,Average,27.74,Average,4.91,Slightly Below Avg,4.52,Way Below Avg,37.14,Slightly Above Avg,1,1,22,,,,,,,,,,
ANAM-3,,3,NEWLANDS,1,0,1,0,1,0,1,0,1,0,1,0,1,0,1,0,1,0,1,0,1,0,1,0,1,0,1,0,0,0,1,0,1,0,1,0,1,0,1,0,0,0,1,0,1,0,1,0,10.62,Slightly Below Avg,9.78,Slightly Below Avg,4.58,Slightly Below Avg,13.02,Slightly Above Avg,10.73,Average,11.78,Slightly Above Avg,5.03,Slightly Below Avg,5.69,Average,6.01,Average,5.4,Average,4.51,Average,36.02,Slightly Above Avg,22.29,Average,17.41,Average,15.08,Average,15.65,Average,11.7,Slightly Below Avg,14.4,Average,16.32,Average,34.34,Slightly Above Avg,67.88,Slightly Above Avg,6.19,Slightly Below Avg,6.83,Average,16.51,Slightly Below Avg,1,2,22,,,,,,,,,,
anayah-2,,2,NEWLANDS,1,0,1,0,1,0,1,0,1,0,1,-1,1,0,1,0,1,-1,1,0,1,0,1,0,0.5,0,0,0,1,0,0,0,1,0,1,0,1,0,1,0,0,0,1,0,1,0,1,0,66.59,Slightly Above Avg,52.27,Slightly Above Avg,17.82,Slightly Above Avg,9.26,Average,28.66,Slightly Above Avg,37.62,Way Above Avg,21.95,Slightly Above Avg,10.66,Slightly Above Avg,24.38,Way Above Avg,11.67,Average,12.38,Slightly Above Avg,79.17,Slightly Above Avg,20.86,Average,16.57,Slightly Below Avg,19.85,Average,15.18,Average,18.12,Average,7.83,Slightly Below Avg,49.23,Slightly Above Avg,38.02,Slightly Above Avg,110.34,Slightly Above Avg,16.25,Average,15.53,Slightly Above Avg,25.3,Slightly Below Avg,1,2,18.5,,,,,,,,,,
aniyah-1,,1,NEWLANDS,1,0,1,0,1,0,1,0,1,1,0,0,0,0,0,0,1,0,0,0,1,0,0.5,-1,1,0,1,0,0,0,0,0,0,0,1,0,0,0,0,0,0,0,1,0,1,0,1,0,16.42,Slightly Below Avg,37.85,Average,7.26,Slightly Below Avg,7.17,Slightly Below Avg,5.04,Way Below Avg,4.67,Way Below Avg,24.63,Slightly Above Avg,12.19,Slightly Above Avg,7.89,Average,14.49,Average,10.67,Average,120.13,Way Above Avg,41.17,Average,22.59,Slightly Below Avg,23.01,Slightly Below Avg,16.97,Average,10.32,Slightly Below Avg,22.37,Slightly Above Avg,32.56,Average,20.92,Slightly Below Avg,13.57,Way Below Avg,13.57,Average,8.04,Slightly Below Avg,40.4,Average,1,1,13.5,,,,,,,,,,
arhammm-3,,3,NEWLANDS,1,1,0,0,1,1,0,0,1,0,1,1,1,1,1,0,0,0,1,0,1,0,0.5,0,0.5,0,1,1,1,0,0,0,0,0,0,0,0,0,0,0,0,0,1,1,1,0,1,1,8.02,Way Below Avg,4.84,Way Below Avg,3.5,Way Below Avg,5.04,Slightly Below Avg,4.03,Slightly Below Avg,3.78,Way Below Avg,3.44,Way Below Avg,3.71,Slightly Below Avg,3.08,Way Below Avg,4.78,Average,3.49,Slightly Below Avg,24.2,Average,13.33,Average,6.52,Way Below Avg,26.79,Slightly Above Avg,2.65,Way Below Avg,3.62,Way Below Avg,3.58,Way Below Avg,6.68,Way Below Avg,5.2,Way Below Avg,6.91,Way Below Avg,2.96,Way Below Avg,10.35,Average,12.64,Way Below Avg,2,1,21,,,,,,,,,,
arish wasif-2,,2,NEWLANDS,1,0,1,0,1,0,1,0,1,0,0,0,1,-1,1,-1,1,0,1,-1,1,0,0,0,0,0,1,0,0,0,0,0,1,0,0,0,1,0,0,0,0,0,0,0,0,0,1,0,13.29,Slightly Below Avg,26.22,Average,12.76,Slightly Above Avg,10.06,Average,18.5,Average,19.6,Slightly Above Avg,37.69,Way Above Avg,20.18,Way Above Avg,11.39,Slightly Above Avg,53.54,Way Above Avg,6.79,Average,28.28,Average,10.98,Slightly Below Avg,17.05,Average,16.41,Slightly Below Avg,32.83,Slightly Above Avg,51.47,Slightly Above Avg,15.42,Average,23.58,Average,33.27,Average,55.6,Average,27.94,Slightly Above Avg,18.42,Slightly Above Avg,40.31,Average,1,1,11,,,,,,,,,,
asher-2,,2,NEWLANDS,1,0,1,0,1,-1,1,0,1,-1,0,-1,1,-1,1,0,1,0,0,-1,1,0,0,0,0,0,1,0,0,0,0,0,1,0,0,0,1,0,0,0,0,0,1,0,1,0,1,0,55.13,Slightly Above Avg,12.21,Slightly Below Avg,90.07,Way Above Avg,4.72,Slightly Below Avg,47.21,Way Above Avg,44.94,Way Above Avg,28.07,Way Above Avg,13.36,Slightly Above Avg,10.02,Slightly Above Avg,34.14,Way Above Avg,5.98,Average,68.77,Slightly Above Avg,11.11,Slightly Below Avg,14.34,Slightly Below Avg,17.3,Average,7.5,Slightly Below Avg,16.06,Average,5,Way Below Avg,23.21,Average,28.34,Average,42.77,Average,9.31,Average,11.94,Average,31.12,Average,1,1,10,,,,,,,,,,
aun-2,,2,NEWLANDS,1,0,1,0,1,0,1,0,1,0,1,0,1,0,1,0,1,0,1,1,1,0,1,0,0.5,0,1,0,1,0,0,0,1,0,0,0,1,0,1,0,1,0,1,0,1,0,1,0,12.53,Slightly Below Avg,10.19,Slightly Below Avg,11.32,Average,4.94,Slightly Below Avg,8.71,Average,6.87,Slightly Below Avg,6.34,Slightly Below Avg,5.55,Slightly Below Avg,5.18,Slightly Below Avg,3.92,Way Below Avg,3.96,Slightly Below Avg,17.52,Slightly Below Avg,56.65,Slightly Above Avg,23.15,Average,14.42,Slightly Below Avg,8.16,Slightly Below Avg,21.39,Average,17,Average,17.07,Slightly Below Avg,15.14,Slightly Below Avg,19.91,Slightly Below Avg,25.68,Slightly Above Avg,8.58,Average,48.58,Average,1,1,22.5,,,,,,,,,,
ava-2,,2,NEWLANDS,1,0,1,0,1,0,1,0,0,0,0,0,1,0,1,-1,1,0,1,0,1,1,0,0,0,0,1,0,1,0,0,0,1,0,0,0,1,0,1,0,0,0,1,0,1,0,1,0,23.52,Average,16.85,Average,7.13,Average,8.49,Average,19.24,Slightly Above Avg,11.87,Average,7.67,Average,16.65,Way Above Avg,6.57,Average,7.45,Average,3.33,Way Below Avg,36.26,Average,37.72,Average,26.86,Average,24.46,Average,27.28,Slightly Above Avg,26.44,Average,16.86,Average,35.44,Average,59.59,Slightly Above Avg,45.66,Average,10.1,Average,13.33,Slightly Above Avg,22.74,Slightly Below Avg,1,1,17,,,,,,,,,,
ayat-2-138,,2,NEWLANDS,1,0,1,0,1,0,1,0,1,-1,0,-1,1,-1,1,-1,1,0,1,-1,1,0,1,-1,1,0,1,0,0,0,0,-1,0,-1,1,0,1,-1,1,0,0,-1,1,-1,0,0,1,0,13.97,Slightly Below Avg,33.26,Average,4.79,Way Below Avg,6.23,Slightly Below Avg,26.28,Slightly Above Avg,23.65,Slightly Above Avg,39.38,Way Above Avg,26.53,Way Above Avg,11.59,Slightly Above Avg,71.43,Way Above Avg,10.86,Slightly Above Avg,73.55,Slightly Above Avg,32.56,Average,19.62,Average,12.74,Slightly Below Avg,43.02,Way Above Avg,83.02,Way Above Avg,26.93,Slightly Above Avg,101.33,Way Above Avg,49.67,Slightly Above Avg,159.93,Way Above Avg,28.93,Slightly Above Avg,12.11,Average,24.8,Slightly Below Avg,1,1,7,,,,,,,,,,
ayat-2-139,,2,NEWLANDS,1,0,1,0,1,0,1,0,1,0,1,0,1,0,1,0,0,0,1,0,1,0,1,0,1,0,1,0,0,0,1,0,1,0,0,0,1,0,0,0,0,0,0,0,1,0,1,-1,53.79,Slightly Above Avg,14.1,Average,6.86,Average,7.26,Average,8.86,Average,8.55,Average,10.38,Average,4.69,Slightly Below Avg,3.67,Way Below Avg,6.15,Slightly Below Avg,6.36,Average,63.58,Slightly Above Avg,11.76,Slightly Below Avg,39.88,Average,24.98,Average,23.91,Slightly Above Avg,16.18,Average,24.5,Slightly Above Avg,23.63,Average,42.92,Slightly Above Avg,21.76,Slightly Below Avg,25.24,Slightly Above Avg,8.87,Average,54.86,Slightly Above Avg,3,2,17,,,,,,,,,,
ayat-3,,3,NEWLANDS,1,0,1,0,1,-1,1,0,1,0,0,0,1,0,1,0,1,0,0,-1,1,0,0,0,0,0,1,0,0,0,1,0,1,0,0,0,1,0,1,0,0,-1,0,-1,0,0,1,0,10.81,Average,18.76,Slightly Above Avg,17.41,Way Above Avg,9.62,Slightly Above Avg,10.9,Average,8.65,Average,11.06,Slightly Above Avg,5.67,Average,5.25,Average,18.6,Way Above Avg,8.14,Slightly Above Avg,20.59,Average,9.88,Slightly Below Avg,34.44,Slightly Above Avg,30.83,Slightly Above Avg,7.31,Slightly Below Avg,9.95,Slightly Below Avg,18.91,Average,21.95,Average,17.78,Average,88.89,Way Above Avg,25.31,Way Above Avg,5.75,Slightly Below Avg,26.29,Average,2,1,11,,,,,,,,,,
ayesha-2,,2,NEWLANDS,1,0,1,0,1,0,1,0,1,0,0,0,1,-1,1,-1,0,-1,0,-1,1,0,1,0,1,-1,1,0,1,-1,0,0,0,0,0,0,1,-1,1,0,0,-1,1,0,1,-1,1,0,16.86,Average,35.34,Average,7.47,Average,6.98,Average,22.98,Slightly Above Avg,14.35,Slightly Above Avg,41.64,Way Above Avg,37.02,Way Above Avg,17.47,Way Above Avg,60.96,Way Above Avg,9.44,Slightly Above Avg,24.95,Average,82.74,Way Above Avg,16.78,Slightly Below Avg,96.73,Way Above Avg,6.67,Slightly Below Avg,25.63,Average,21.18,Average,109.99,Way Above Avg,48.22,Slightly Above Avg,154.86,Way Above Avg,25.31,Slightly Above Avg,28.55,Way Above Avg,27.98,Average,4,1,8,,,,,,,,,,
ayma-2,,2,NEWLANDS,1,0,1,0,1,0,1,0,1,0,0,0,1,0,1,0,1,0,1,-1,1,0,1,0,1,0,1,0,1,0,0,0,1,0,1,-1,1,0,1,0,0,0,1,0,1,0,1,0,14.35,Slightly Below Avg,15.59,Average,9.42,Average,15.95,Slightly Above Avg,27.31,Slightly Above Avg,7.74,Average,6.07,Slightly Below Avg,7.21,Average,5.41,Slightly Below Avg,32.95,Way Above Avg,9.7,Slightly Above Avg,43.87,Average,13.16,Slightly Below Avg,22.12,Average,19.75,Average,20.7,Average,25.25,Average,48.37,Way Above Avg,29.35,Average,57.17,Slightly Above Avg,30.22,Average,14.53,Average,11.86,Average,44.28,Average,1,1,19,,,,,,,,,,
ayra-3-146,,3,NEWLANDS,1,0,1,0,1,-1,1,-1,1,0,1,0,1,0,1,0,1,0,1,0,1,1,1,-1,1,1,1,0,0,0,1,-1,0,0,1,0,1,-1,1,-1,1,-1,1,0,1,0,1,0,12.62,Average,14.48,Average,19.25,Way Above Avg,10.97,Slightly Above Avg,16.5,Slightly Above Avg,5.72,Average,6.86,Average,4.11,Slightly Below Avg,3.65,Slightly Below Avg,4.78,Average,3.45,Slightly Below Avg,56.48,Slightly Above Avg,12.7,Slightly Below Avg,35.23,Slightly Above Avg,8.5,Way Below Avg,31.67,Way Above Avg,20.7,Average,16.88,Average,65.41,Way Above Avg,100.14,Way Above Avg,88.55,Way Above Avg,9.27,Average,8.89,Average,14.54,Slightly Below Avg,2,2,17,,,,,,,,,,
ayra-3-148,,3,NEWLANDS,1,-1,1,0,1,0,1,0,0,-1,0,0,1,0,1,-1,0,-1,1,0,1,-1,0,0,0,0,1,0,0,-1,0,-1,1,0,0,0,1,-1,1,0,0,0,0,0,1,-1,1,0,26.08,Slightly Above Avg,19.12,Slightly Above Avg,8.57,Average,10.25,Slightly Above Avg,21.05,Way Above Avg,8.5,Average,12.46,Slightly Above Avg,30.19,Way Above Avg,7.58,Slightly Above Avg,9.87,Slightly Above Avg,38.52,Way Above Avg,21.37,Average,34.45,Slightly Above Avg,21.69,Average,73.66,Way Above Avg,35,Way Above Avg,13.26,Average,10.72,Average,37.11,Slightly Above Avg,45.59,Way Above Avg,29.84,Average,8.99,Average,19,Way Above Avg,38.45,Slightly Above Avg,3,3,5,,,,,,,,,,
aysel-3,,3,TNS DHA,1,0,1,0,1,0,1,0,0,-1,1,0,1,0,1,0,1,1,0,0,0,0,0.5,0,1,0,1,0,0,0,1,-1,0,0,0,0,1,0,1,0,1,0,1,0,1,0,1,0,22.59,Slightly Above Avg,12.44,Average,4.17,Slightly Below Avg,6.71,Average,31.02,Way Above Avg,8.84,Average,11.31,Slightly Above Avg,3.25,Slightly Below Avg,2.98,Way Below Avg,6.13,Average,4.26,Average,24.39,Average,19.95,Average,18.16,Average,7.85,Way Below Avg,33.65,Way Above Avg,21.84,Average,12.28,Average,35.63,Slightly Above Avg,18.9,Average,35.62,Average,13.82,Slightly Above Avg,11.32,Slightly Above Avg,41.7,Slightly Above Avg,2,1,16.5,,,,,,,,,,
azlaan-1,,1,NEWLANDS,0,0,1,-1,1,0,1,1,1,0,0,0,1,1,0,0,1,0,0,0,1,1,0,0,0,0,1,0,1,0,0,0,1,1,1,1,0,0,0,0,0,0,0,0,0,0,0,0,16.83,Slightly Below Avg,85.31,Way Above Avg,7.58,Slightly Below Avg,5.27,Way Below Avg,6.87,Slightly Below Avg,5.76,Slightly Below Avg,5.65,Way Below Avg,5.34,Slightly Below Avg,12.18,Slightly Above Avg,3.72,Way Below Avg,3.8,Way Below Avg,79.3,Slightly Above Avg,6.76,Way Below Avg,26.05,Slightly Below Avg,27.52,Average,12.38,Average,7.73,Way Below Avg,4.71,Way Below Avg,10.83,Way Below Avg,31.66,Average,79.32,Slightly Above Avg,5.29,Way Below Avg,4.11,Way Below Avg,17.94,Way Below Avg,2,2,15,,,,,,,,,,
azlaan-3,,3,NEWLANDS,1,0,1,0,1,0,1,0,1,0,1,0,1,0,1,0,1,0,1,0,1,0,1,0,1,0,1,0,0,0,0,0,1,0,0,0,1,0,1,-1,1,-1,1,1,1,0,1,0,12.78,Average,18.32,Average,13.87,Slightly Above Avg,12.13,Slightly Above Avg,14.23,Slightly Above Avg,5.38,Average,5.63,Average,3.27,Slightly Below Avg,4.95,Average,4.26,Slightly Below Avg,5.73,Average,11.68,Slightly Below Avg,8.8,Slightly Below Avg,15.75,Average,23.33,Average,11.4,Average,23.53,Average,11.71,Average,26.94,Slightly Above Avg,43.97,Way Above Avg,98.92,Way Above Avg,4.55,Way Below Avg,7.27,Average,27.78,Average,2,2,20,,,,,,,,,,
eesa-2,,2,NEWLANDS,1,0,1,0,1,1,1,1,1,1,1,0,1,0,1,0,1,0,1,0,1,0,1,0,1,0,1,0,0,0,0,0,1,0,1,0,1,0,1,0,1,0,1,0,1,0,1,0,10.59,Slightly Below Avg,12.52,Slightly Below Avg,4.37,Way Below Avg,4.69,Way Below Avg,4.58,Way Below Avg,4.9,Slightly Below Avg,5.79,Slightly Below Avg,6.42,Average,6.1,Average,5.18,Slightly Below Avg,5.1,Slightly Below Avg,19.66,Slightly Below Avg,23.14,Average,21.11,Average,13.8,Slightly Below Avg,6.27,Slightly Below Avg,43.54,Slightly Above Avg,15.26,Average,15.77,Slightly Below Avg,32.89,Average,19.64,Slightly Below Avg,9.51,Average,10.46,Average,32.68,Average,2,3,25,,,,,,,,,,
eesa-3,,3,NEWLANDS,1,0,1,0,1,-1,1,0,1,0,1,0,1,1,1,0,1,0,1,0,1,0,1,0,1,0,1,0,1,0,1,0,1,-1,1,0,1,0,1,0,1,0,1,0,1,0,1,0,11.78,Average,10.52,Average,14.95,Way Above Avg,7.23,Average,6.02,Average,3.87,Slightly Below Avg,3.88,Way Below Avg,9.99,Slightly Above Avg,5.77,Average,5.36,Average,7.14,Slightly Above Avg,20.02,Average,38.66,Slightly Above Avg,24.23,Slightly Above Avg,15.59,Average,14.56,Average,67.28,Way Above Avg,10.06,Average,18.39,Average,12.36,Slightly Below Avg,14.5,Slightly Below Avg,8.79,Average,12.65,Slightly Above Avg,17.7,Slightly Below Avg,3,3,23,,,,,,,,,,
ehab-3,,3,NEWLANDS,1,0,1,-1,1,1,1,0,1,0,1,0,1,0,1,0,1,0,1,0,1,-1,1,0,1,0,1,0,1,0,0,0,1,0,1,-1,1,0,1,-1,1,0,1,0,1,0,1,0,11.63,Average,32.13,Way Above Avg,3.74,Way Below Avg,9.26,Slightly Above Avg,6.22,Average,12.68,Slightly Above Avg,6.62,Average,8.13,Slightly Above Avg,8.1,Slightly Above Avg,10.88,Slightly Above Avg,26.96,Way Above Avg,37.31,Slightly Above Avg,15.45,Average,14.5,Average,28.18,Slightly Above Avg,13.43,Average,13.2,Slightly Below Avg,56.34,Way Above Avg,26.09,Slightly Above Avg,57.22,Way Above Avg,18.84,Average,15.5,Slightly Above Avg,12.09,Slightly Above Avg,15.05,Slightly Below Avg,1,3,20,,,,,,,,,,
emaan-1,,1,NEWLANDS,1,0,1,1,1,0,1,0,0,-1,1,0,0,0,0,0,0,0,0,0,1,1,0,0,0,0,1,0,0,0,0,0,0,0,1,0,1,0,0,0,0,0,1,0,1,0,1,0,21.11,Slightly Below Avg,11.27,Way Below Avg,17.34,Slightly Above Avg,9.06,Average,44.22,Way Above Avg,9.07,Average,14.55,Average,4.29,Way Below Avg,3.56,Way Below Avg,2.71,Way Below Avg,3.19,Way Below Avg,27.54,Average,12.64,Slightly Below Avg,46.44,Average,15.37,Slightly Below Avg,15.04,Average,29.49,Slightly Above Avg,9.49,Average,31.02,Average,36.03,Average,104.5,Slightly Above Avg,18.93,Average,11.26,Average,57.26,Average,2,3,13,,,,,,,,,,
eshaal fatima-3,,3,NEWLANDS,1,0,1,0,1,0,1,0,1,0,1,0,1,0,1,-1,1,0,1,0,1,0,1,0,1,-1,1,0,1,0,1,-1,0,0,0,0,1,0,1,0,0,-1,1,0,1,0,1,0,21.98,Slightly Above Avg,14.24,Average,8.29,Average,8.64,Average,14.96,Slightly Above Avg,8.16,Average,8.42,Slightly Above Avg,12.9,Way Above Avg,6.74,Average,9.02,Slightly Above Avg,5.61,Average,32.39,Average,110.84,Way Above Avg,23.18,Average,25.6,Average,35.1,Way Above Avg,28.4,Slightly Above Avg,17.47,Average,16.18,Average,26.83,Slightly Above Avg,87.38,Way Above Avg,6.75,Slightly Below Avg,5.98,Slightly Below Avg,28.97,Average,2,2,17,,,,,,,,,,
eshaal-3,,3,NEWLANDS,1,0,1,0,1,0,1,0,1,0,1,0,1,0,1,0,1,-1,1,0,1,-1,1,0,1,0,1,0,1,0,0,-1,1,0,0,-1,1,0,1,0,0,-1,1,0,1,0,1,0,24.46,Slightly Above Avg,18.56,Average,7.21,Average,6.77,Average,17.38,Slightly Above Avg,9.84,Average,11.53,Slightly Above Avg,9.76,Slightly Above Avg,14.31,Way Above Avg,11.5,Slightly Above Avg,14.01,Way Above Avg,44.64,Slightly Above Avg,24.48,Average,23.8,Slightly Above Avg,17.21,Average,53.02,Way Above Avg,13.03,Slightly Below Avg,62.1,Way Above Avg,15.5,Average,25.26,Slightly Above Avg,122.46,Way Above Avg,18.43,Slightly Above Avg,9,Average,27.06,Average,1,1,16,,,,,,,,,,
essa-2-188,,2,NEWLANDS,1,0,0,0,1,0,1,1,1,0,1,0,1,0,1,0,1,0,0,0,1,0,1,0,0,0,1,0,0,-1,0,0,0,0,0,0,1,-1,1,-1,0,0,0,0,1,1,1,0,12.79,Slightly Below Avg,22.57,Average,6.68,Average,4.78,Slightly Below Avg,8.69,Average,6.26,Slightly Below Avg,5.82,Slightly Below Avg,7.78,Average,5.84,Average,3.94,Way Below Avg,5.28,Slightly Below Avg,60.95,Slightly Above Avg,38.92,Slightly Above Avg,45.44,Slightly Above Avg,86.6,Way Above Avg,5.86,Slightly Below Avg,13.4,Average,5.56,Way Below Avg,47.54,Slightly Above Avg,74.81,Way Above Avg,56.38,Average,6.5,Slightly Below Avg,3.91,Way Below Avg,20.33,Slightly Below Avg,1,1,14,,,,,,,,,,
essa-2-189,,2,NEWLANDS,1,0,0,0,1,0,1,-1,1,0,1,0,1,0,1,0,0,0,1,0,1,0,1,0,0.5,0,0,0,1,0,0,0,1,0,0,0,1,0,1,0,0,0,1,0,1,0,1,0,16.78,Average,14.3,Average,7.71,Average,11.78,Slightly Above Avg,7.31,Slightly Below Avg,18.24,Slightly Above Avg,14.75,Slightly Above Avg,10.51,Slightly Above Avg,9.58,Slightly Above Avg,9.84,Average,6.48,Average,38.02,Average,44.64,Slightly Above Avg,12.35,Slightly Below Avg,21.82,Average,4.3,Way Below Avg,20.14,Average,9.66,Slightly Below Avg,23.48,Average,19.42,Slightly Below Avg,88.5,Slightly Above Avg,11.54,Average,7.1,Slightly Below Avg,24.06,Slightly Below Avg,2,2,16.5,,,,,,,,,,
eva-2,,2,NEWLANDS,1,0,1,0,1,0,1,0,1,0,1,0,1,0,1,0,1,0,1,0,1,0,0,0,0,0,1,0,1,0,0,0,1,0,0,0,1,0,1,0,0,0,1,0,1,0,0,0,18.77,Average,15.3,Average,9.58,Average,10.53,Average,8.14,Average,6.81,Slightly Below Avg,8.43,Average,6.38,Average,7.94,Average,8.52,Average,6.98,Average,13.7,Slightly Below Avg,15.87,Slightly Below Avg,29.38,Average,18.14,Average,6.89,Slightly Below Avg,13.9,Average,11.62,Average,22.83,Average,29.37,Average,75.4,Slightly Above Avg,13.14,Average,9.5,Average,65.3,Slightly Above Avg,1,1,18,,,,,,,,,,
fajar-2,,2,NEWLANDS,1,0,1,0,1,0,1,0,1,0,1,0,1,0,1,0,1,1,1,0,1,0,0,0,0,0,1,0,0,0,1,0,0,0,1,0,1,0,0,0,0,0,1,0,1,0,1,0,13.54,Slightly Below Avg,13.28,Slightly Below Avg,8.45,Average,11.17,Slightly Above Avg,19.08,Slightly Above Avg,7.76,Average,9.11,Average,6.11,Average,3.02,Way Below Avg,6.93,Average,8.29,Average,7.9,Way Below Avg,6.84,Way Below Avg,19.35,Average,21.11,Average,24.46,Slightly Above Avg,10.04,Slightly Below Avg,29.03,Slightly Above Avg,57.36,Slightly Above Avg,25.83,Average,78.21,Slightly Above Avg,6.66,Slightly Below Avg,14.68,Slightly Above Avg,23.27,Slightly Below Avg,3,3,19,,,,,,,,,,
faryal-3,,3,NEWLANDS,1,0,1,0,1,0,1,0,1,0,1,-1,1,0,1,0,1,0,1,0,1,0,0.5,0,1,-1,1,0,1,0,0,0,1,0,0,0,1,0,1,-1,0,0,1,0,1,0,1,0,25.9,Slightly Above Avg,21.98,Slightly Above Avg,7.62,Average,8.58,Average,8.3,Average,20.67,Way Above Avg,7.02,Average,5.09,Average,9.78,Slightly Above Avg,7.52,Average,5.11,Average,30.46,Average,122.98,Way Above Avg,8.86,Slightly Below Avg,32.38,Slightly Above Avg,25.06,Slightly Above Avg,23.68,Average,19.02,Average,24.06,Average,71.42,Way Above Avg,38.61,Slightly Above Avg,12.99,Slightly Above Avg,7.98,Average,15.16,Slightly Below Avg,1,1,17.5,,,,,,,,,,
fatema.-3,,3,NEWLANDS,1,0,1,0,1,0,1,0,1,0,1,0,1,0,1,0,1,0,1,0,1,0,1,0,1,0,1,0,1,0,0,0,1,0,1,0,1,0,1,0,1,0,1,0,1,0,1,0,9.87,Slightly Below Avg,13.18,Average,5.52,Average,5.71,Average,6.1,Average,6.45,Average,6.27,Average,5.73,Average,4.38,Average,5.7,Average,5.87,Average,12.86,Slightly Below Avg,41.91,Slightly Above Avg,20.08,Average,24.8,Average,6.87,Slightly Below Avg,13.86,Average,11.19,Average,10.76,Slightly Below Avg,21.05,Average,22.71,Average,11.38,Average,10.04,Average,18.5,Slightly Below Avg,2,2,23,,,,,,,,,,
fatima-2-204,,2,NEWLANDS,1,0,0,0,1,1,1,0,1,0,1,-1,1,0,1,0,1,0,1,0,1,-1,0,0,1,-1,1,0,1,0,1,0,0,0,0,0,1,0,0,0,0,0,1,0,1,0,1,0,23.66,Average,19.15,Average,3.94,Way Below Avg,6.92,Average,11.2,Average,19.11,Slightly Above Avg,11.7,Average,6.52,Average,9.61,Slightly Above Avg,12.87,Average,17.99,Slightly Above Avg,56.76,Slightly Above Avg,49.15,Slightly Above Avg,22.66,Average,32.04,Average,27.59,Slightly Above Avg,35.9,Slightly Above Avg,12.66,Average,30.63,Average,43.93,Slightly Above Avg,57.34,Average,9.84,Average,7.81,Average,29.71,Average,1,1,16,,,,,,,,,,
fatima-2-205,,2,NEWLANDS,1,0,1,0,1,-1,1,-1,1,0,1,0,1,0,1,0,1,-1,1,0,1,-1,0,0,0,0,1,0,1,-1,0,0,1,0,0,0,1,0,1,0,0,-1,1,0,1,0,1,-1,24.86,Average,11.89,Slightly Below Avg,16.83,Slightly Above Avg,13.03,Slightly Above Avg,14.56,Average,9.5,Average,7.71,Average,14.1,Slightly Above Avg,13.13,Slightly Above Avg,9.73,Average,20.08,Way Above Avg,51.89,Average,11.61,Slightly Below Avg,19.9,Average,57.48,Slightly Above Avg,21.61,Slightly Above Avg,30.29,Slightly Above Avg,25,Slightly Above Avg,20.83,Average,37.89,Slightly Above Avg,113.78,Way Above Avg,9.01,Average,7.25,Slightly Below Avg,63.79,Slightly Above Avg,2,2,12,,,,,,,,,,
gulejannat-1,,1,NEWLANDS,1,0,1,0,1,0,1,0,1,0,0,0,1,1,0,0,1,1,0,0,1,0,0,0,0,0,1,0,0,0,0,0,0,0,0,0,1,0,1,0,0,0,1,0,1,0,1,0,18.42,Slightly Below Avg,14.13,Slightly Below Avg,12.47,Average,7.49,Slightly Below Avg,11.24,Average,3.61,Way Below Avg,4.18,Way Below Avg,5.18,Slightly Below Avg,3.74,Way Below Avg,3.13,Way Below Avg,4.52,Slightly Below Avg,7.73,Way Below Avg,4.36,Way Below Avg,28.05,Average,15.04,Way Below Avg,6.19,Way Below Avg,3.9,Way Below Avg,3.94,Way Below Avg,54.28,Average,30.54,Average,81.81,Slightly Above Avg,14.17,Average,11.8,Average,27.83,Slightly Below Avg,1,2,16,,,,,,,,,,
haadi-2,,2,NEWLANDS,1,0,1,0,1,-1,1,-1,1,0,0,0,1,0,1,0,0,0,0,0,1,1,1,0,0,0,1,0,0,0,0,0,0,0,0,0,0,0,0,0,0,0,0,0,1,1,1,-1,34.22,Average,16.83,Average,31.95,Way Above Avg,19.32,Way Above Avg,13.38,Average,13.92,Slightly Above Avg,10.26,Average,8.67,Average,6.25,Average,21.78,Slightly Above Avg,3.66,Way Below Avg,28.5,Average,21.43,Average,68.3,Slightly Above Avg,19.06,Average,19.63,Average,3.75,Way Below Avg,6.07,Way Below Avg,20.64,Average,19.15,Slightly Below Avg,15.8,Way Below Avg,12.65,Average,5.34,Way Below Avg,115.27,Way Above Avg,1,1,11,,,,,,,,,,
haashim-2,,2,NEWLANDS,1,0,1,1,1,0,1,0,1,0,1,0,1,0,1,0,1,0,1,0,1,0,1,0,1,0,1,0,1,0,0,0,1,0,0,0,1,0,1,0,0,0,1,0,1,0,1,0,12.89,Slightly Below Avg,8.38,Way Below Avg,7.23,Average,7.53,Average,8.22,Average,20.86,Slightly Above Avg,9.23,Average,7.68,Average,10.63,Slightly Above Avg,17.87,Slightly Above Avg,10.74,Slightly Above Avg,26.28,Average,29.98,Average,22.51,Average,11.77,Slightly Below Avg,32.76,Slightly Above Avg,30.95,Slightly Above Avg,27.19,Slightly Above Avg,37.08,Average,24.77,Average,35.96,Average,9.01,Average,6.48,Slightly Below Avg,34.55,Average,1,1,22,,,,,,,,,,
hamdan-2,,2,NEWLANDS,1,0,1,0,1,0,1,0,1,0,0,0,1,0,1,0,1,0,0,-1,1,0,1,0,0.5,0,1,0,1,0,0,0,1,0,0,0,0,0,0,0,0,0,1,0,1,1,1,0,18.34,Average,31.75,Average,7.97,Average,7.74,Average,11.24,Average,10.17,Average,13.42,Slightly Above Avg,11.57,Slightly Above Avg,6.54,Average,30.03,Way Above Avg,6.49,Average,24.34,Average,24.47,Average,12.88,Slightly Below Avg,28.27,Average,9.98,Average,14.16,Average,19.14,Average,23.04,Average,15.1,Slightly Below Avg,40.66,Average,6.53,Slightly Below Avg,4.43,Way Below Avg,30.5,Average,1,2,16.5,,,,,,,,,,
hamza-1,,1,NEWLANDS,1,0,1,0,1,0,1,0,1,0,1,0,1,0,1,-1,1,0,1,0,1,0,0.5,0,1,-1,0,0,1,0,1,0,0,0,0,0,1,0,0,0,0,0,0,0,1,0,1,0,22.42,Average,22.36,Average,9.52,Average,9.1,Average,33.16,Slightly Above Avg,12.89,Average,14.41,Average,29.48,Way Above Avg,7.17,Average,12.15,Average,15.47,Slightly Above Avg,104.14,Slightly Above Avg,93.37,Way Above Avg,22.95,Slightly Below Avg,38.82,Average,27.69,Slightly Above Avg,8.74,Slightly Below Avg,7.71,Slightly Below Avg,59.48,Slightly Above Avg,29.71,Average,134.53,Slightly Above Avg,7.11,Slightly Below Avg,7.57,Slightly Below Avg,22.08,Slightly Below Avg,3,3,15.5,,,,,,,,,,
hamza-3,,3,NEWLANDS,1,0,1,0,1,0,1,0,0,0,0,0,1,0,1,0,1,0,1,0,1,0,1,0,1,0,1,0,1,0,1,0,1,0,0,0,1,0,1,0,0,0,1,0,1,-1,1,0,15.02,Average,30.33,Slightly Above Avg,6.66,Average,5.5,Average,16.69,Slightly Above Avg,12.74,Slightly Above Avg,7.09,Average,7.34,Slightly Above Avg,4.24,Slightly Below Avg,4.77,Slightly Below Avg,7.31,Slightly Above Avg,12.34,Slightly Below Avg,34.8,Slightly Above Avg,23.57,Average,25.27,Average,18.99,Slightly Above Avg,34.91,Slightly Above Avg,18.61,Average,25.7,Slightly Above Avg,19.86,Average,39.93,Slightly Above Avg,12.09,Slightly Above Avg,17.48,Way Above Avg,14.89,Slightly Below Avg,2,2,19,,,,,,,,,,
hania-3-240,,3,NEWLANDS,1,0,0,0,1,0,1,0,0,-1,0,0,0,0,1,0,1,0,1,0,1,0,1,0,1,0,1,0,1,0,1,0,0,0,1,0,1,0,1,0,0,0,1,0,1,0,1,0,21.3,Average,14.41,Average,13.71,Slightly Above Avg,5.18,Slightly Below Avg,27.78,Way Above Avg,10.47,Slightly Above Avg,6.78,Average,11.66,Slightly Above Avg,4.97,Average,7.3,Average,3.64,Slightly Below Avg,47.62,Slightly Above Avg,20.84,Average,21.65,Average,15.67,Average,13.86,Average,21.27,Average,27.49,Slightly Above Avg,18.22,Average,28.37,Slightly Above Avg,31.53,Average,14.55,Slightly Above Avg,8.14,Average,15.58,Slightly Below Avg,1,5,17,,,,,,,,,,
Hania-3-241,,3,NEWLANDS,1,0,1,1,1,0,1,0,1,0,1,0,1,1,1,0,1,1,1,0,1,0,1,0,1,0,1,0,1,0,0,0,1,0,0,0,1,0,1,0,1,1,1,-1,1,0,1,0,10.11,Slightly Below Avg,9.43,Slightly Below Avg,5.38,Average,7.67,Average,7.74,Average,11.11,Slightly Above Avg,4.3,Slightly Below Avg,4.48,Slightly Below Avg,3.14,Way Below Avg,3.86,Slightly Below Avg,6.78,Average,14.45,Slightly Below Avg,14.82,Average,25.12,Slightly Above Avg,30.27,Slightly Above Avg,17.01,Average,23.66,Average,23.74,Slightly Above Avg,23.74,Average,11.06,Slightly Below Avg,21.31,Average,18.24,Slightly Above Avg,6.72,Average,29.82,Average,2,3,25,,,,,,,,,,
haris-3,,3,NEWLANDS,1,0,1,0,1,0,1,0,1,0,1,0,1,0,1,0,1,0,1,0,1,0,1,0,1,0,1,0,1,0,1,0,1,0,1,0,1,0,1,0,0,0,1,-1,1,0,1,0,15.16,Average,27.32,Slightly Above Avg,6.48,Average,9.9,Slightly Above Avg,12.86,Slightly Above Avg,9.62,Average,7.05,Average,4.18,Slightly Below Avg,5.02,Average,5.66,Average,3.62,Slightly Below Avg,19.81,Average,23.44,Average,20.14,Average,32.39,Slightly Above Avg,18.8,Slightly Above Avg,13.05,Slightly Below Avg,31.41,Slightly Above Avg,20.02,Average,13.67,Slightly Below Avg,19.21,Average,20.46,Way Above Avg,11,Slightly Above Avg,28.18,Average,2,1,22,,,,,,,,,,
Hasan Osman-3,,3,NEWLANDS,1,0,1,0,1,1,1,0,1,0,1,1,1,1,1,0,1,0,1,0,1,0,1,0,1,0,1,0,1,0,0,0,1,0,1,0,1,0,1,-1,1,0,1,0,1,1,1,1,11.31,Average,7.82,Slightly Below Avg,3.94,Way Below Avg,6.72,Average,5.65,Average,3.74,Way Below Avg,3.59,Way Below Avg,3.4,Slightly Below Avg,4.47,Average,10.8,Slightly Above Avg,3.37,Slightly Below Avg,25.66,Average,15.38,Average,20.35,Average,14.09,Average,21.65,Slightly Above Avg,18.45,Average,11.22,Average,14.66,Average,43.57,Way Above Avg,13.54,Slightly Below Avg,6.42,Slightly Below Avg,4.8,Way Below Avg,12.34,Way Below Avg,1,2,27,,,,,,,,,,
haziq-3,,3,NEWLANDS,1,0,1,0,1,0,1,1,1,1,1,0,1,0,1,0,1,0,1,1,1,0,1,1,1,0,1,0,1,0,0,0,1,-1,1,0,1,0,1,0,0,0,1,0,1,0,1,0,12.07,Average,23.72,Slightly Above Avg,5.15,Slightly Below Avg,3.8,Way Below Avg,3.41,Way Below Avg,9.9,Average,5.31,Average,4.3,Slightly Below Avg,4.37,Average,3.58,Way Below Avg,4.33,Average,8.98,Way Below Avg,10.42,Slightly Below Avg,11.36,Slightly Below Avg,19.6,Average,8.89,Slightly Below Avg,64.59,Way Above Avg,7.26,Slightly Below Avg,17.06,Average,14.41,Slightly Below Avg,45.9,Slightly Above Avg,7.4,Average,8.54,Average,30.72,Average,1,1,25,,,,,,,,,,
hiader-3,,3,NEWLANDS,1,0,1,-1,1,0,1,0,1,0,1,0,1,0,1,0,1,0,1,0,1,-1,1,0,0,-1,1,0,1,0,0,0,0,0,0,0,1,0,1,0,0,0,1,0,1,0,1,0,17.02,Average,55.29,Way Above Avg,6.16,Average,7.63,Average,16.48,Slightly Above Avg,7.29,Average,10.09,Slightly Above Avg,5.24,Average,6.6,Average,6,Average,25.14,Way Above Avg,32.34,Average,118.82,Way Above Avg,10.2,Slightly Below Avg,30.6,Slightly Above Avg,15.77,Average,39.97,Slightly Above Avg,10.5,Average,22.27,Average,22.45,Average,53.87,Slightly Above Avg,11.62,Slightly Above Avg,14.06,Slightly Above Avg,27.26,Average,1,1,16,,,,,,,,,,
hoorain-1,,1,NEWLANDS,0,0,0,0,1,0,1,0,1,0,1,-1,1,0,1,0,1,0,1,0,0,0,0,0,0,0,1,0,1,0,0,0,1,0,0,0,0,0,0,0,0,0,0,0,1,0,1,0,74.87,Slightly Above Avg,30.76,Average,13.95,Average,10.62,Average,9.9,Slightly Below Avg,60.57,Way Above Avg,17.23,Slightly Above Avg,16.46,Slightly Above Avg,11.67,Slightly Above Avg,20.7,Slightly Above Avg,8.43,Average,20.88,Slightly Below Avg,11.18,Slightly Below Avg,37.22,Average,31.63,Average,10.67,Average,11.94,Slightly Below Avg,22.15,Slightly Above Avg,46.5,Average,46.39,Average,78.24,Average,17.15,Average,15.82,Slightly Above Avg,44.05,Average,2,2,12,,,,,,,,,,
hoorain-3,,3,NEWLANDS,1,0,1,0,1,-1,1,0,1,0,1,0,1,-1,0,0,1,0,0,0,1,0,0,0,0,0,1,0,1,0,0,0,0,0,0,0,0,0,0,0,0,0,0,-1,1,-1,1,0,43.07,Slightly Above Avg,18.62,Average,22.55,Way Above Avg,13.26,Slightly Above Avg,16.09,Slightly Above Avg,14.75,Slightly Above Avg,23.26,Way Above Avg,7.95,Slightly Above Avg,5.07,Average,5.14,Average,4.34,Average,26.72,Average,6.86,Way Below Avg,19.92,Average,18.42,Average,13.61,Average,16.86,Average,34.31,Slightly Above Avg,16.66,Average,37.48,Slightly Above Avg,19.58,Average,20.18,Way Above Avg,41.38,Way Above Avg,44.62,Slightly Above Avg,4,1,9,,,,,,,,,,
hurrem-3,,3,NEWLANDS,1,0,1,0,1,0,1,0,1,0,1,0,1,0,1,0,1,0,1,0,1,0,1,0,1,0,1,0,1,0,0,0,1,-1,0,0,1,0,1,0,0,0,1,0,1,-1,1,0,30.24,Slightly Above Avg,15.74,Average,8.97,Average,8.01,Average,8.4,Average,12.1,Slightly Above Avg,7.73,Average,7.06,Average,5.26,Average,4.85,Average,4.19,Average,39.52,Slightly Above Avg,21.95,Average,15.88,Average,22.74,Average,13.65,Average,41.19,Way Above Avg,20.79,Slightly Above Avg,11.03,Slightly Below Avg,27.19,Slightly Above Avg,38.96,Slightly Above Avg,8.31,Average,43.5,Way Above Avg,51.53,Slightly Above Avg,1,1,19,,,,,,,,,,
ibraheem-2,,2,NEWLANDS,1,0,1,1,1,1,1,1,1,0,1,0,1,0,1,0,1,0,1,0,1,0,1,1,1,0,1,1,1,0,0,0,1,0,0,0,1,0,1,1,0,0,1,0,1,0,1,1,13.7,Slightly Below Avg,8.78,Way Below Avg,4.23,Way Below Avg,2.9,Way Below Avg,7.48,Slightly Below Avg,5.94,Slightly Below Avg,6.66,Slightly Below Avg,8.9,Average,6.28,Average,4.44,Slightly Below Avg,5.28,Slightly Below Avg,9.79,Way Below Avg,11.22,Slightly Below Avg,7.74,Way Below Avg,13.97,Slightly Below Avg,4.27,Way Below Avg,16.25,Average,13.27,Average,14.29,Slightly Below Avg,10.42,Way Below Avg,19.84,Slightly Below Avg,9.45,Average,8.5,Average,14.54,Way Below Avg,2,3,28,,,,,,,,,,
ibrahim ali-2,,2,NEWLANDS,1,0,1,1,1,0,1,-1,1,0,1,0,1,0,1,0,1,0,1,0,1,0,0.5,0,0,0,1,0,1,0,0,0,1,1,0,0,0,-1,0,-1,0,0,1,0,1,0,1,0,11.55,Slightly Below Avg,7.91,Way Below Avg,10.71,Average,18.78,Way Above Avg,19.9,Slightly Above Avg,12.4,Average,10.49,Average,7.62,Average,6.67,Average,11.36,Average,12.13,Slightly Above Avg,55.88,Slightly Above Avg,19.96,Average,86.61,Slightly Above Avg,16.79,Average,5.93,Slightly Below Avg,6.68,Way Below Avg,9.13,Slightly Below Avg,169.87,Way Above Avg,62.34,Way Above Avg,77.39,Slightly Above Avg,13.49,Average,9.02,Average,22.15,Slightly Below Avg,1,2,16.5,,,,,,,,,,
ibrahim-2-290,,2,NEWLANDS,1,0,1,0,1,0,1,0,1,1,0,0,1,0,0,0,1,0,0,0,1,1,1,0,0.5,0,1,-1,1,0,0,0,0,0,1,0,0,0,0,0,0,0,1,0,0,0,1,0,18.81,Average,29.05,Average,6.24,Slightly Below Avg,8.02,Average,5.42,Slightly Below Avg,5.68,Slightly Below Avg,6.01,Slightly Below Avg,4.18,Slightly Below Avg,6.95,Average,4.93,Slightly Below Avg,4.09,Slightly Below Avg,61.82,Slightly Above Avg,8.92,Way Below Avg,257.67,Way Above Avg,30.76,Average,11.61,Average,36.3,Slightly Above Avg,6.57,Slightly Below Avg,12.44,Way Below Avg,16.83,Slightly Below Avg,18.52,Slightly Below Avg,8.42,Slightly Below Avg,6.93,Slightly Below Avg,27.17,Average,1,1,15.5,,,,,,,,,,
ibrahim-2-291,,2,NEWLANDS,0,-1,1,-1,1,0,1,0,0,-1,1,0,1,0,1,0,1,0,1,-1,1,0,0,0,0,0,1,0,1,0,0,0,0,0,0,0,0,0,1,0,1,0,0,0,1,0,1,0,62.74,Slightly Above Avg,35.86,Slightly Above Avg,9.59,Average,10.01,Average,34.44,Slightly Above Avg,5.49,Slightly Below Avg,18.65,Slightly Above Avg,23.01,Way Above Avg,9.94,Slightly Above Avg,44.76,Way Above Avg,14.34,Slightly Above Avg,29.78,Average,16.61,Average,48.78,Slightly Above Avg,26.36,Average,23.66,Slightly Above Avg,23.89,Average,7.21,Slightly Below Avg,18.65,Slightly Below Avg,27.7,Average,51.85,Average,6.02,Way Below Avg,4.62,Way Below Avg,29.17,Average,1,1,11,,,,,,,,,,
ibrahim-3-292,,3,NEWLANDS,1,0,1,-1,1,0,1,0,1,0,1,0,1,0,1,1,1,0,1,1,1,0,1,0,1,0,1,1,0,0,0,0,0,0,1,-1,1,0,1,0,1,0,1,0,1,0,1,-1,11.7,Average,30.62,Slightly Above Avg,4.55,Slightly Below Avg,4.05,Slightly Below Avg,7.91,Average,5.28,Slightly Below Avg,5.74,Average,3.81,Slightly Below Avg,3.85,Slightly Below Avg,3.82,Slightly Below Avg,7.32,Slightly Above Avg,14.02,Slightly Below Avg,22.1,Average,11.22,Slightly Below Avg,16.78,Average,19.68,Slightly Above Avg,19.17,Average,106.88,Way Above Avg,15.9,Average,26.93,Slightly Above Avg,43.19,Slightly Above Avg,14.6,Slightly Above Avg,11.09,Slightly Above Avg,45.28,Slightly Above Avg,3,2,21,,,,,,,,,,
ibrahim-3-293,,3,NEWLANDS,1,0,1,0,1,0,1,0,1,0,1,0,1,-1,1,0,1,0,1,0,1,0,1,-1,1,0,1,-1,1,0,1,0,1,-1,0,0,1,0,1,0,0,0,1,0,1,0,1,-1,16.82,Average,14.36,Average,15.27,Way Above Avg,6.73,Average,10.74,Average,6.1,Average,18.95,Way Above Avg,5.23,Average,6.25,Average,4.49,Slightly Below Avg,4.38,Average,63.75,Way Above Avg,16.34,Average,47.5,Way Above Avg,12.58,Slightly Below Avg,22.62,Slightly Above Avg,27.4,Slightly Above Avg,12.5,Average,14.23,Slightly Below Avg,14.34,Slightly Below Avg,48.07,Slightly Above Avg,10.5,Average,12.31,Slightly Above Avg,51.27,Slightly Above Avg,1,1,17,,,,,,,,,,
ilma-2,,2,NEWLANDS,1,0,1,0,1,0,1,0,1,0,1,0,1,0,1,0,1,-1,1,0,0,0,1,-1,1,0,1,0,1,-1,0,0,1,0,1,0,1,-1,1,0,1,0,1,0,1,0,1,0,15.56,Slightly Below Avg,13.92,Slightly Below Avg,10.92,Average,8.82,Average,11.26,Average,15.06,Slightly Above Avg,9.19,Average,12.54,Slightly Above Avg,15.71,Way Above Avg,17.06,Slightly Above Avg,8.37,Average,304.71,Way Above Avg,45.19,Slightly Above Avg,16.98,Slightly Below Avg,83.79,Way Above Avg,9.1,Slightly Below Avg,21.28,Average,18.87,Average,83.25,Way Above Avg,50.16,Slightly Above Avg,30.16,Average,24.42,Slightly Above Avg,13.62,Slightly Above Avg,27.04,Average,3,3,18,,,,,,,,,,
Iman-2,,2,NEWLANDS,1,0,0,-1,1,0,1,0,1,0,0,0,1,0,1,0,1,0,1,0,0,0,1,0,0.5,0,1,0,1,0,0,0,1,0,1,0,1,-1,1,0,0,0,1,0,1,0,1,0,15.78,Average,66.31,Way Above Avg,10.78,Average,8.34,Average,14.27,Average,6.08,Slightly Below Avg,13.16,Slightly Above Avg,10.37,Slightly Above Avg,6.98,Average,17.54,Slightly Above Avg,5.15,Slightly Below Avg,70.51,Slightly Above Avg,27.86,Average,41,Average,25.54,Average,17.42,Average,12.76,Slightly Below Avg,7.6,Slightly Below Avg,74.28,Way Above Avg,30.56,Average,24.42,Slightly Below Avg,19.74,Slightly Above Avg,11.13,Average,44.18,Average,1,1,16.5,,,,,,,,,,
irhaa-3,,3,NEWLANDS,1,0,1,0,1,0,1,0,1,0,1,0,1,0,1,0,1,0,1,0,1,0,1,-1,0.5,0,1,0,0,0,0,0,1,0,0,0,1,0,0,-1,0,0,1,0,1,0,1,0,11.15,Average,11.29,Average,7.91,Average,6.36,Average,9.36,Average,7.21,Average,12.79,Slightly Above Avg,5.98,Average,9,Slightly Above Avg,10.77,Slightly Above Avg,9.22,Slightly Above Avg,63.94,Way Above Avg,30.05,Slightly Above Avg,33.17,Slightly Above Avg,24.02,Average,18.17,Average,20.86,Average,14.84,Average,23.62,Average,64.88,Way Above Avg,13.24,Slightly Below Avg,6.1,Slightly Below Avg,16.31,Slightly Above Avg,35.75,Average,1,1,16.5,,,,,,,,,,
jehan-2,,2,NEWLANDS,1,0,0,0,1,0,1,0,1,0,1,0,1,0,1,0,0,-1,1,1,1,0,0.5,0,0.5,-1,1,0,0,0,1,0,1,0,1,0,1,0,0,0,0,-1,1,0,1,-1,1,0,24.74,Average,7.96,Way Below Avg,12.22,Slightly Above Avg,8.57,Average,14.93,Average,6.2,Slightly Below Avg,20.01,Slightly Above Avg,7.48,Average,16.97,Way Above Avg,4.37,Way Below Avg,6.13,Average,31.54,Average,74.37,Way Above Avg,21.36,Average,9.55,Way Below Avg,31.17,Slightly Above Avg,28.06,Average,25.44,Slightly Above Avg,19.74,Slightly Below Avg,22.33,Average,126.2,Way Above Avg,14.1,Average,27.53,Way Above Avg,41.19,Average,1,1,15,,,,,,,,,,
jennah-2,,2,NEWLANDS,1,1,1,1,1,1,1,1,1,1,0,0,1,1,1,1,1,0,1,1,1,1,1,0,1,0,1,0,0,0,0,0,0,0,0,0,1,1,1,0,1,0,1,1,1,1,1,1,5.58,Way Below Avg,9.43,Way Below Avg,4.02,Way Below Avg,3.24,Way Below Avg,4.57,Way Below Avg,2.84,Way Below Avg,3.14,Way Below Avg,4.17,Way Below Avg,4.26,Slightly Below Avg,3.51,Way Below Avg,3.02,Way Below Avg,13.9,Slightly Below Avg,24.68,Average,14.02,Slightly Below Avg,12.87,Slightly Below Avg,18.29,Average,5.82,Way Below Avg,15.01,Average,9.55,Way Below Avg,13.46,Slightly Below Avg,38.53,Average,4.68,Way Below Avg,4.7,Way Below Avg,10.14,Way Below Avg,1,2,32,,,,,,,,,,
kabir-3,,3,NEWLANDS,1,0,1,0,1,0,1,-1,1,0,0,-1,1,0,1,0,1,0,1,0,1,0,1,-1,1,-1,1,0,1,0,1,0,1,0,0,0,1,0,1,-1,0,0,1,-1,1,0,0,0,26.36,Slightly Above Avg,17.65,Average,9.43,Slightly Above Avg,17.22,Way Above Avg,9.7,Average,23.8,Way Above Avg,7.9,Average,7.47,Slightly Above Avg,6.45,Average,11.46,Slightly Above Avg,6.09,Average,71.73,Way Above Avg,69.3,Way Above Avg,23.01,Average,18.18,Average,6.2,Slightly Below Avg,15.04,Average,28.79,Slightly Above Avg,29.16,Slightly Above Avg,45.26,Way Above Avg,46.76,Slightly Above Avg,20.18,Way Above Avg,11.26,Slightly Above Avg,47.26,Slightly Above Avg,1,1,14,,,,,,,,,,
keyaan-3,,3,NEWLANDS,1,1,1,0,1,1,1,1,1,0,1,0,1,0,1,0,1,1,1,0,1,0,1,1,1,0,1,0,0,0,0,0,1,-1,1,0,1,0,1,0,0,0,1,0,1,0,1,1,5.92,Way Below Avg,10.28,Slightly Below Avg,3.79,Way Below Avg,3.38,Way Below Avg,4.29,Slightly Below Avg,4.01,Slightly Below Avg,4.15,Slightly Below Avg,3.87,Slightly Below Avg,2.82,Way Below Avg,4.13,Slightly Below Avg,4.38,Average,5.46,Way Below Avg,39.38,Slightly Above Avg,21.1,Average,9.52,Slightly Below Avg,10.08,Average,50.99,Way Above Avg,8.88,Slightly Below Avg,17.28,Average,23.02,Average,8.29,Way Below Avg,8.17,Average,6.1,Slightly Below Avg,8.14,Way Below Avg,1,1,26,,,,,,,,,,
maaez-1,,1,NEWLANDS,1,1,1,0,1,1,1,0,0,0,1,1,1,0,1,0,1,-1,0,0,1,0,1,0,1,0,0,0,1,0,1,0,0,0,1,1,1,0,1,0,0,0,0,0,0,0,1,1,9.78,Way Below Avg,47.09,Slightly Above Avg,5.18,Way Below Avg,9.53,Average,8.6,Slightly Below Avg,5.24,Way Below Avg,6.12,Slightly Below Avg,8.58,Average,18.63,Way Above Avg,15.01,Slightly Above Avg,4.94,Slightly Below Avg,26.62,Average,13.14,Slightly Below Avg,9.74,Way Below Avg,18.05,Slightly Below Avg,16.58,Average,25.3,Average,5.41,Way Below Avg,16.54,Slightly Below Avg,19.88,Slightly Below Avg,26.13,Slightly Below Avg,3.85,Way Below Avg,11.18,Average,16.46,Way Below Avg,1,2,21,,,,,,,,,,
MAHAD-3,,3,NEWLANDS,1,0,1,0,1,0,1,0,1,0,1,0,1,0,1,0,1,0,1,0,1,0,1,0,1,0,1,0,0,0,0,0,1,-1,1,-1,1,0,1,0,0,0,1,0,0,0,1,0,13.85,Average,13.34,Average,8.78,Average,6.24,Average,5.7,Average,6.14,Average,4.93,Slightly Below Avg,4.31,Slightly Below Avg,4.17,Slightly Below Avg,4.84,Average,4.61,Average,22.99,Average,9.85,Slightly Below Avg,10.75,Slightly Below Avg,27.73,Slightly Above Avg,17.88,Average,48.09,Way Above Avg,45.02,Way Above Avg,25.12,Average,16.43,Average,21.62,Average,13.69,Slightly Above Avg,7.07,Average,23.78,Average,1,3,18,,,,,,,,,,
mahnoor-2,,2,NEWLANDS,0,0,0,0,1,0,1,0,1,0,1,0,1,0,1,0,1,0,1,0,1,0,1,0,1,0,1,0,1,0,0,0,1,0,0,0,0,0,1,0,0,0,1,0,1,0,1,0,13.16,Slightly Below Avg,18.11,Average,8.18,Average,11.82,Slightly Above Avg,12.57,Average,12.05,Average,15.53,Slightly Above Avg,10.02,Slightly Above Avg,11.3,Slightly Above Avg,10.7,Average,9.46,Slightly Above Avg,78.06,Slightly Above Avg,23.17,Average,32.14,Average,38.86,Slightly Above Avg,12.82,Average,16.99,Average,10.27,Average,24.87,Average,31.43,Average,63.09,Slightly Above Avg,19.19,Slightly Above Avg,13.58,Slightly Above Avg,68.08,Slightly Above Avg,1,1,18,,,,,,,,,,
mahnoor-3,,3,NEWLANDS,1,0,1,0,1,0,1,0,1,1,1,0,1,0,1,0,1,0,1,1,1,0,1,0,1,0,1,0,0,0,1,0,1,0,0,0,1,0,1,0,0,0,1,1,1,0,1,0,10.54,Slightly Below Avg,12.92,Average,5.11,Slightly Below Avg,9.22,Slightly Above Avg,3.9,Way Below Avg,8.27,Average,6.53,Average,5.32,Average,3.55,Slightly Below Avg,3.08,Way Below Avg,5.9,Average,19.41,Average,24.53,Average,10.79,Slightly Below Avg,20.32,Average,10.71,Average,23.68,Average,14.53,Average,13.86,Slightly Below Avg,26.94,Slightly Above Avg,75.18,Slightly Above Avg,4.65,Way Below Avg,12.41,Slightly Above Avg,16.05,Slightly Below Avg,1,1,24,,,,,,,,,,
maneeha-1,,1,NEWLANDS,0,0,1,0,1,0,1,0,1,0,0,0,0,-1,1,-1,1,0,1,0,1,0,0,0,0,0,1,0,0,-1,0,0,0,0,1,0,0,0,0,0,0,0,1,0,1,1,1,0,52.51,Average,22.29,Average,10.89,Average,13.26,Average,8.34,Slightly Below Avg,15.97,Slightly Above Avg,56.46,Way Above Avg,24.49,Way Above Avg,10.76,Slightly Above Avg,6.95,Average,19.49,Slightly Above Avg,20.48,Slightly Below Avg,49.09,Slightly Above Avg,23.33,Slightly Below Avg,108.46,Way Above Avg,30.32,Slightly Above Avg,52.27,Slightly Above Avg,39.29,Slightly Above Avg,42.89,Average,24.22,Slightly Below Avg,36.9,Average,26.74,Slightly Above Avg,5.74,Way Below Avg,56.5,Average,5,1,11,,,,,,,,,,
manha-2,,2,NEWLANDS,1,0,1,0,1,0,1,0,1,1,1,0,1,0,1,0,1,0,1,0,1,0,0,0,0,0,1,0,1,0,0,0,1,0,0,0,1,0,1,0,0,0,1,0,1,0,1,1,21.81,Average,14.69,Average,12.14,Slightly Above Avg,9.65,Average,4.11,Way Below Avg,9.41,Average,7.23,Average,5.82,Slightly Below Avg,6.45,Average,4.9,Slightly Below Avg,8.82,Average,33.59,Average,30.69,Average,24.92,Average,39.94,Slightly Above Avg,14.26,Average,36.58,Slightly Above Avg,35.14,Slightly Above Avg,20.7,Average,55.48,Slightly Above Avg,62.02,Average,12.34,Average,8.63,Average,16.54,Way Below Avg,1,1,21,,,,,,,,,,
maryam-3,,3,NEWLANDS,1,0,1,1,1,1,1,1,1,0,1,0,1,0,1,0,1,0,1,0,1,0,1,0,1,0,1,0,1,0,0,0,1,0,0,0,1,0,1,0,0,0,1,0,1,0,1,0,11.39,Average,7.22,Way Below Avg,3.98,Way Below Avg,3.59,Way Below Avg,5.58,Average,5.42,Average,4.99,Slightly Below Avg,3.96,Slightly Below Avg,3.57,Slightly Below Avg,4.14,Slightly Below Avg,5.7,Average,15.36,Average,18.25,Average,28.07,Slightly Above Avg,33.74,Slightly Above Avg,7.54,Slightly Below Avg,11.14,Slightly Below Avg,30.61,Slightly Above Avg,13.94,Slightly Below Avg,27.26,Slightly Above Avg,53.42,Slightly Above Avg,4.81,Slightly Below Avg,11,Slightly Above Avg,32.75,Average,1,1,24,,,,,,,,,,
meeral-2,,2,NEWLANDS,1,0,1,0,1,0,1,0,1,0,0,0,1,0,0,-1,0,0,0,0,1,0,0.5,0,0,0,1,-1,0,0,0,0,0,0,0,0,0,0,0,0,0,0,1,0,0,0,1,0,41.13,Average,32.88,Average,6.72,Average,6.29,Slightly Below Avg,6.87,Slightly Below Avg,6.02,Slightly Below Avg,10.43,Average,20.66,Way Above Avg,5.74,Average,3.34,Way Below Avg,4.28,Slightly Below Avg,38.82,Average,13.78,Slightly Below Avg,104.98,Way Above Avg,12.17,Slightly Below Avg,8.59,Slightly Below Avg,18.62,Average,21.73,Average,53.58,Slightly Above Avg,55,Slightly Above Avg,56.36,Average,10.74,Average,8.23,Average,23.62,Slightly Below Avg,4,5,8.5,,,,,,,,,,
Meeru-1,,1,NEWLANDS,1,0,1,0,1,0,1,0,1,0,1,-1,1,0,1,0,1,0,1,0,1,0,0,0,0.5,-1,0,0,1,0,1,-1,1,-1,1,-1,1,0,0,0,0,0,1,0,1,1,1,0,21.03,Slightly Below Avg,28.65,Average,11.63,Average,16.13,Slightly Above Avg,37.75,Slightly Above Avg,34.9,Way Above Avg,6.91,Slightly Below Avg,7.46,Average,9.1,Average,17.45,Slightly Above Avg,15.69,Slightly Above Avg,47.6,Average,168.95,Way Above Avg,88.34,Slightly Above Avg,37.78,Average,40.29,Way Above Avg,73.39,Way Above Avg,61.29,Way Above Avg,92.25,Slightly Above Avg,67.47,Slightly Above Avg,56.73,Average,10.53,Slightly Below Avg,3.17,Way Below Avg,30.55,Average,1,2,15.5,,,,,,,,,,
meharu-1,,1,NEWLANDS,0,0,1,0,1,0,1,0,1,0,0,0,1,0,0,0,0,0,0,0,1,0,0,0,0,0,0,0,0,0,0,0,1,0,0,0,0,0,0,-1,0,0,0,0,0,0,1,0,37.06,Average,28.6,Average,16.35,Slightly Above Avg,7.25,Slightly Below Avg,15.68,Average,7.91,Average,6.27,Slightly Below Avg,8.13,Average,11.14,Slightly Above Avg,5.8,Slightly Below Avg,11.39,Slightly Above Avg,17.14,Slightly Below Avg,11.1,Slightly Below Avg,39.14,Average,27.97,Average,7.1,Slightly Below Avg,11.47,Slightly Below Avg,5.75,Way Below Avg,35.03,Average,121.82,Way Above Avg,34.41,Average,27.84,Slightly Above Avg,8.11,Slightly Below Avg,27,Slightly Below Avg,1,1,7,,,,,,,,,,
mikael-3,,3,NEWLANDS,1,0,1,0,1,0,1,0,1,0,1,0,1,1,1,1,1,0,1,1,1,1,1,0,1,0,1,1,0,0,0,0,0,0,0,0,1,0,1,0,0,0,1,0,1,0,1,1,8.46,Slightly Below Avg,18.06,Average,9.12,Average,7.14,Average,6.63,Average,9.63,Average,2.94,Way Below Avg,2.37,Way Below Avg,3.47,Slightly Below Avg,3.13,Way Below Avg,3.12,Way Below Avg,25.71,Average,14.68,Average,7.11,Way Below Avg,8.99,Slightly Below Avg,17.86,Average,5.5,Way Below Avg,14.66,Average,12.67,Slightly Below Avg,11.12,Slightly Below Avg,12.18,Way Below Avg,15.62,Slightly Above Avg,8.31,Average,8.64,Way Below Avg,1,1,25,,,,,,,,,,
mina-3,,3,NEWLANDS,1,0,1,0,1,0,1,0,1,0,0,0,1,0,1,0,1,-1,1,-1,1,0,1,0,1,-1,1,0,1,0,0,0,1,0,0,0,1,0,1,0,0,0,1,0,1,0,1,0,16.91,Average,16.17,Average,9.63,Slightly Above Avg,8.94,Average,12.54,Slightly Above Avg,9.11,Average,12.65,Slightly Above Avg,7.46,Slightly Above Avg,25.21,Way Above Avg,29.44,Way Above Avg,8.88,Slightly Above Avg,61.9,Slightly Above Avg,59.36,Way Above Avg,18.64,Average,24.42,Average,23.81,Slightly Above Avg,26.18,Slightly Above Avg,28,Slightly Above Avg,25.85,Slightly Above Avg,26.79,Slightly Above Avg,77.16,Slightly Above Avg,16.25,Slightly Above Avg,15.96,Slightly Above Avg,23.9,Average,1,1,17,,,,,,,,,,
minahil-3,,3,NEWLANDS,1,0,1,0,1,0,1,0,1,1,1,0,1,1,1,1,1,0,1,1,1,0,0,0,1,0,1,0,0,0,1,1,0,0,0,0,1,0,1,0,0,0,1,0,1,0,1,0,15.81,Average,8.28,Slightly Below Avg,10.16,Slightly Above Avg,6.08,Average,3.48,Way Below Avg,4.2,Slightly Below Avg,3.96,Way Below Avg,2.9,Way Below Avg,3.3,Slightly Below Avg,3.51,Way Below Avg,3.43,Slightly Below Avg,19.52,Average,23.89,Average,13.45,Average,13.11,Slightly Below Avg,4.55,Way Below Avg,5.56,Way Below Avg,7.4,Slightly Below Avg,12.96,Slightly Below Avg,15.91,Average,10.8,Way Below Avg,12.02,Slightly Above Avg,7.1,Average,23.67,Average,1,1,24,,,,,,,,,,
minna-3,,3,NEWLANDS,1,0,1,0,1,0,1,0,1,0,1,0,1,0,1,0,1,0,1,0,1,0,1,0,1,-1,1,0,1,0,0,0,1,-1,1,0,1,0,1,0,1,0,1,-1,1,0,1,0,10.38,Slightly Below Avg,10.2,Slightly Below Avg,12.16,Slightly Above Avg,8.23,Average,5.38,Slightly Below Avg,5.2,Slightly Below Avg,5.2,Slightly Below Avg,4.84,Average,6.5,Average,6.13,Average,4.72,Average,47.06,Slightly Above Avg,49.06,Way Above Avg,17.14,Average,16.7,Average,19.16,Slightly Above Avg,85.9,Way Above Avg,17.73,Average,26.52,Slightly Above Avg,14.66,Slightly Below Avg,35.11,Average,18.66,Way Above Avg,8.21,Average,27.53,Average,2,2,20,,,,,,,,,,
mirrha-3,,3,NEWLANDS,1,0,1,0,1,0,1,-1,1,0,1,0,1,0,1,0,1,0,1,0,1,0,1,0,1,0,1,0,0,0,0,0,1,0,0,0,1,0,0,0,0,0,1,0,1,0,1,1,8.53,Slightly Below Avg,15.24,Average,7.78,Average,13.92,Way Above Avg,4.65,Slightly Below Avg,4.5,Slightly Below Avg,3.98,Slightly Below Avg,3.41,Slightly Below Avg,3.58,Slightly Below Avg,4.38,Slightly Below Avg,3.43,Slightly Below Avg,26.12,Average,11.05,Slightly Below Avg,38.15,Slightly Above Avg,27.38,Slightly Above Avg,11.22,Average,16.29,Average,16.74,Average,29.68,Slightly Above Avg,16.3,Average,25.62,Average,11.59,Slightly Above Avg,8.77,Average,11.7,Way Below Avg,1,1,19,,,,,,,,,,
mo hib-2,,2,NEWLANDS,1,0,0,0,1,0,1,0,1,0,0,0,1,0,1,0,1,0,1,0,1,0,1,-1,1,0,1,0,0,0,1,0,1,0,0,0,0,0,0,0,0,0,1,0,0,0,1,0,27.18,Average,43.41,Slightly Above Avg,8.28,Average,6.86,Average,7.31,Slightly Below Avg,5.13,Slightly Below Avg,14.96,Slightly Above Avg,5.58,Slightly Below Avg,10.94,Slightly Above Avg,9.26,Average,8.99,Average,110.34,Way Above Avg,66.86,Slightly Above Avg,27.82,Average,41.82,Slightly Above Avg,10.95,Average,15.32,Average,7.31,Slightly Below Avg,24.68,Average,46.01,Slightly Above Avg,53.9,Average,29.89,Slightly Above Avg,12.08,Average,38.11,Average,1,1,15,,,,,,,,,,
mohan-3,,3,NEWLANDS,1,1,1,0,1,1,1,1,1,0,1,0,1,1,1,0,1,1,1,0,1,0,0.5,0,1,0,1,0,1,0,0,0,1,0,0,0,1,0,1,0,1,0,1,0,1,1,1,0,8.2,Way Below Avg,19.97,Slightly Above Avg,3.51,Way Below Avg,3.3,Way Below Avg,5.04,Slightly Below Avg,5.9,Average,3.09,Way Below Avg,4.9,Average,2.86,Way Below Avg,3.9,Slightly Below Avg,3.59,Slightly Below Avg,16.52,Average,11.08,Slightly Below Avg,14.61,Average,17.29,Average,4.32,Way Below Avg,14.62,Average,14.42,Average,12.6,Slightly Below Avg,18.56,Average,13.73,Slightly Below Avg,10.06,Average,4.37,Way Below Avg,15.21,Slightly Below Avg,1,1,27.5,,,,,,,,,,
muahid-2,,2,NEWLANDS,1,1,1,0,1,1,1,1,1,1,1,0,1,0,1,0,1,0,1,0,1,0,1,0,1,0,1,1,1,0,0,0,1,0,0,0,1,0,1,1,1,0,1,0,1,0,1,1,8.55,Way Below Avg,16.66,Average,3.17,Way Below Avg,3.31,Way Below Avg,5.04,Way Below Avg,5.32,Slightly Below Avg,8.21,Average,4.43,Slightly Below Avg,4.48,Slightly Below Avg,4.73,Slightly Below Avg,3.9,Slightly Below Avg,19.76,Slightly Below Avg,14.59,Slightly Below Avg,9.21,Way Below Avg,13,Slightly Below Avg,2.56,Way Below Avg,17.41,Average,12.88,Average,15.38,Slightly Below Avg,11.26,Way Below Avg,18.52,Slightly Below Avg,7.9,Slightly Below Avg,7.09,Slightly Below Avg,13.42,Way Below Avg,2,2,29,,,,,,,,,,
muhammad-2,,2,NEWLANDS,1,0,1,0,1,0,1,0,1,0,0,0,1,-1,1,0,1,0,1,-1,1,0,1,0,1,0,1,0,1,0,0,0,1,0,0,-1,1,0,1,0,1,0,1,0,1,0,1,0,21.4,Average,43.57,Slightly Above Avg,10.84,Average,9.88,Average,6.93,Slightly Below Avg,10.9,Average,26.74,Way Above Avg,15.25,Slightly Above Avg,6.48,Average,38.22,Way Above Avg,16.94,Slightly Above Avg,32.7,Average,32.5,Average,19.91,Average,22.93,Average,6.06,Slightly Below Avg,32.48,Slightly Above Avg,51.91,Way Above Avg,20.42,Average,23.34,Average,48.32,Average,11.68,Average,11.58,Average,36.13,Average,1,1,18,,,,,,,,,,
muhammad-3,,3,NEWLANDS,1,0,1,0,1,0,1,0,1,0,1,0,1,0,1,0,1,0,1,0,1,0,1,1,1,0,1,0,1,0,1,0,1,1,1,0,1,0,1,0,1,0,1,1,1,0,1,1,9.86,Slightly Below Avg,9.08,Slightly Below Avg,4.54,Slightly Below Avg,7.9,Average,6.65,Average,4.79,Slightly Below Avg,7.46,Average,6.87,Average,4.82,Average,5.25,Average,5.09,Average,7.44,Way Below Avg,12.33,Slightly Below Avg,9.72,Slightly Below Avg,19.39,Average,12.67,Average,8.75,Way Below Avg,10.21,Average,16.98,Average,17.18,Average,15.4,Slightly Below Avg,4.25,Way Below Avg,9.49,Average,11.59,Way Below Avg,1,1,28,,,,,,,,,,
musa-1,,1,NEWLANDS,1,0,1,0,1,0,1,0,1,0,1,0,1,0,1,0,1,0,1,0,1,-1,0,0,1,0,1,-1,1,-1,0,0,0,-1,1,0,1,0,1,0,0,0,1,0,1,0,1,0,13.63,Slightly Below Avg,20.89,Average,8.85,Slightly Below Avg,9.17,Average,17.22,Average,11.43,Average,28.01,Slightly Above Avg,21.07,Slightly Above Avg,8.93,Average,22.19,Slightly Above Avg,27.31,Way Above Avg,55.6,Average,70.38,Slightly Above Avg,137.57,Way Above Avg,95.64,Way Above Avg,23.93,Slightly Above Avg,57.62,Way Above Avg,12.94,Average,83.03,Slightly Above Avg,63.18,Slightly Above Avg,66.5,Average,9.78,Slightly Below Avg,11.3,Average,27.83,Slightly Below Avg,2,2,16,,,,,,,,,,
musa-2-456,,2,NEWLANDS,1,1,1,0,1,0,1,0,1,0,1,0,1,0,1,1,1,0,1,0,1,0,1,0,1,0,1,1,1,0,0,0,0,0,0,-1,1,0,1,0,1,0,1,0,1,0,1,1,10.91,Slightly Below Avg,9.7,Slightly Below Avg,5.46,Slightly Below Avg,6.14,Slightly Below Avg,5.5,Slightly Below Avg,5.53,Slightly Below Avg,6.29,Slightly Below Avg,3.87,Way Below Avg,4.45,Slightly Below Avg,6.62,Average,6.55,Average,14.72,Slightly Below Avg,21.98,Average,7.37,Way Below Avg,21.2,Average,24.44,Slightly Above Avg,27.04,Average,28.5,Slightly Above Avg,15.33,Slightly Below Avg,14.58,Slightly Below Avg,33.23,Average,12.63,Average,11.06,Average,14.13,Way Below Avg,2,2,24,,,,,,,,,,
musa-2-457,,2,NEWLANDS,1,1,1,1,1,0,1,0,1,0,1,0,1,1,1,0,1,0,1,0,1,0,1,0,1,0,1,0,1,0,0,0,1,-1,0,0,1,0,1,0,1,1,1,0,1,0,1,0,9.27,Way Below Avg,8.74,Way Below Avg,9.12,Average,10.59,Average,6.42,Slightly Below Avg,5.2,Slightly Below Avg,5.58,Slightly Below Avg,6.04,Average,5.2,Slightly Below Avg,5.45,Slightly Below Avg,5.78,Average,56.19,Slightly Above Avg,48.81,Slightly Above Avg,21.07,Average,26.31,Average,12.4,Average,80.38,Way Above Avg,23.32,Slightly Above Avg,40.36,Slightly Above Avg,30.76,Average,17.05,Way Below Avg,10.99,Average,10.93,Average,18.94,Slightly Below Avg,1,1,25,,,,,,,,,,
musa-2-458,,2,NEWLANDS,1,0,0,0,1,0,1,0,1,0,1,0,0,0,1,0,0,0,1,0,1,0,0.5,0,0,0,1,0,1,0,1,0,0,0,1,0,1,0,1,0,0,0,1,0,1,0,1,0,12.05,Slightly Below Avg,30.23,Average,5.09,Slightly Below Avg,5.35,Slightly Below Avg,6.58,Slightly Below Avg,6.15,Slightly Below Avg,5.71,Slightly Below Avg,4.7,Slightly Below Avg,3.44,Way Below Avg,4.65,Slightly Below Avg,6.29,Average,65.92,Slightly Above Avg,42.97,Slightly Above Avg,13.92,Slightly Below Avg,13.1,Slightly Below Avg,12.5,Average,9.68,Slightly Below Avg,9.39,Slightly Below Avg,13.74,Way Below Avg,19.83,Average,43.9,Average,6.74,Slightly Below Avg,6.38,Slightly Below Avg,21.14,Slightly Below Avg,1,1,17.5,,,,,,,,,,
musa-3,,3,NEWLANDS,1,0,1,0,1,0,1,0,1,0,1,0,1,0,1,0,1,0,1,0,1,0,1,0,1,0,1,0,0,0,0,0,1,0,0,0,1,0,1,0,1,0,1,0,1,0,1,0,9.39,Slightly Below Avg,11.9,Average,6.05,Average,13.1,Slightly Above Avg,9.99,Average,8.93,Average,5.14,Slightly Below Avg,4.17,Slightly Below Avg,5.49,Average,4.02,Slightly Below Avg,3.33,Slightly Below Avg,18.27,Average,18.86,Average,14.41,Average,11.97,Slightly Below Avg,4.82,Way Below Avg,14.12,Average,25.05,Slightly Above Avg,19.07,Average,14.02,Slightly Below Avg,38.27,Slightly Above Avg,9.1,Average,5.13,Slightly Below Avg,15.86,Slightly Below Avg,1,1,21,,,,,,,,,,
mustafa amin-3,,3,NEWLANDS,1,0,1,0,1,0,1,0,1,0,1,0,1,0,1,0,1,0,1,0,1,0,1,0,1,-1,1,0,0,0,0,0,1,0,0,0,1,0,1,0,1,0,1,0,1,0,1,0,12.45,Average,16.22,Average,7.26,Average,7.98,Average,7.35,Average,6.44,Average,7.92,Average,7.03,Average,4.9,Average,5.26,Average,5.02,Average,19.82,Average,71.25,Way Above Avg,11.7,Slightly Below Avg,10.69,Slightly Below Avg,17.62,Average,28.88,Slightly Above Avg,32.28,Slightly Above Avg,17.52,Average,14.02,Slightly Below Avg,26.19,Average,7.18,Average,8.94,Average,21.64,Average,1,2,20,,,,,,,,,,
mustafa-1,,1,NEWLANDS,1,1,1,1,1,1,1,0,1,0,1,1,1,0,1,0,0,0,0,0,1,0,0,0,0,0,1,0,1,0,1,0,0,0,0,0,0,0,0,0,0,0,1,1,1,0,1,0,12.89,Way Below Avg,9.67,Way Below Avg,4.27,Way Below Avg,6.75,Slightly Below Avg,7.83,Slightly Below Avg,5.09,Way Below Avg,6.01,Slightly Below Avg,6.42,Average,6.55,Average,6.76,Average,5.72,Slightly Below Avg,11.11,Way Below Avg,16.3,Average,27.62,Average,32.8,Average,11.66,Average,27.91,Average,7.55,Slightly Below Avg,25.88,Slightly Below Avg,35.1,Average,55.6,Average,4.91,Way Below Avg,19.02,Slightly Above Avg,34.38,Average,1,2,20,,,,,,,,,,
mustafa-2,,2,NEWLANDS,1,0,1,0,1,0,1,0,1,0,1,0,1,0,1,0,1,0,1,0,1,0,0,0,1,0,1,0,0,0,1,0,1,0,1,0,1,0,1,0,0,0,1,0,1,0,1,0,12.41,Slightly Below Avg,9.9,Slightly Below Avg,6.75,Average,7.17,Average,10.32,Average,9.43,Average,7.14,Slightly Below Avg,7.97,Average,8.23,Average,9.31,Average,10.95,Slightly Above Avg,42.52,Average,45.58,Slightly Above Avg,29.54,Average,16.36,Slightly Below Avg,31,Slightly Above Avg,13.33,Slightly Below Avg,12.94,Average,24.38,Average,28.86,Average,61.7,Average,10.47,Average,8.13,Average,31.38,Average,2,2,21,,,,,,,,,,
Mustafa-3,,3,NEWLANDS,0,-1,0,0,1,0,1,0,1,-1,0,0,1,0,0,0,0,0,0,0,0,0,0,0,0,0,1,0,1,0,0,0,0,0,0,0,0,0,0,0,0,0,1,0,1,0,1,0,63.38,Way Above Avg,13.08,Average,5.47,Average,5.9,Average,21.27,Way Above Avg,11.69,Slightly Above Avg,5.02,Slightly Below Avg,3.9,Slightly Below Avg,6.3,Average,5.99,Average,7.5,Slightly Above Avg,14.8,Slightly Below Avg,7.84,Way Below Avg,18.6,Average,11.91,Slightly Below Avg,24.86,Slightly Above Avg,16.1,Average,7.94,Slightly Below Avg,11.22,Slightly Below Avg,21.94,Average,18.74,Average,9.65,Average,10.15,Average,17.4,Slightly Below Avg,1,2,7,,,,,,,,,,
mustahsan-3,,3,NEWLANDS,1,0,1,0,1,0,1,0,1,1,1,0,1,0,1,0,1,0,1,0,1,1,1,0,1,1,1,1,1,0,0,0,1,0,1,0,1,0,0,0,1,0,1,0,1,0,1,1,8.26,Slightly Below Avg,13.78,Average,14,Slightly Above Avg,6.87,Average,3.82,Way Below Avg,4.44,Slightly Below Avg,5.75,Average,5.53,Average,9.24,Slightly Above Avg,5.25,Average,3.14,Way Below Avg,11.74,Slightly Below Avg,5.86,Way Below Avg,8.18,Way Below Avg,11.94,Slightly Below Avg,5.58,Way Below Avg,21.5,Average,6.77,Slightly Below Avg,16.93,Average,15.54,Average,26.83,Average,5.52,Slightly Below Avg,6.34,Slightly Below Avg,12.9,Way Below Avg,3,3,27,,,,,,,,,,
myra-3,,3,NEWLANDS,1,0,1,0,1,0,1,0,1,0,1,0,1,0,1,0,1,0,1,0,1,0,1,0,1,0,1,0,0,0,0,0,1,0,0,-1,1,0,1,0,1,0,1,0,1,0,1,0,12.7,Average,16.8,Average,5.42,Average,6.63,Average,10.34,Average,7.21,Average,5.43,Average,6.79,Average,4.24,Slightly Below Avg,7.36,Average,5.2,Average,32.06,Average,40.96,Slightly Above Avg,23.24,Average,9.5,Slightly Below Avg,5.1,Way Below Avg,33.22,Slightly Above Avg,48.45,Way Above Avg,24.67,Average,15.94,Average,38.17,Average,11.6,Slightly Above Avg,7.6,Average,22.77,Average,1,1,20,,,,,,,,,,
nael-3,,3,NEWLANDS,1,1,1,0,1,1,1,-1,1,1,1,0,1,0,1,0,1,1,1,0,1,0,1,0,1,0,1,0,1,1,0,0,1,0,1,1,1,1,1,0,1,0,1,0,1,0,1,1,6.83,Way Below Avg,16.68,Average,3.24,Way Below Avg,22.65,Way Above Avg,3.85,Way Below Avg,5.3,Slightly Below Avg,8.68,Slightly Above Avg,5.7,Average,3.15,Way Below Avg,3.66,Slightly Below Avg,4.08,Slightly Below Avg,17.35,Average,10.56,Slightly Below Avg,11.46,Slightly Below Avg,8.32,Way Below Avg,10.86,Average,10.95,Slightly Below Avg,5.8,Way Below Avg,8.04,Way Below Avg,10.71,Slightly Below Avg,15.4,Slightly Below Avg,7.83,Average,7.26,Average,11.88,Way Below Avg,1,1,30,,,,,,,,,,
nahyan javed-2,,2,NEWLANDS,1,0,0,0,1,0,1,0,1,0,0,0,1,0,0,0,1,0,0,0,1,0,0,0,0,0,1,0,0,0,0,0,0,0,1,1,0,0,0,0,0,0,1,0,0,0,1,0,19.69,Average,14.14,Average,6.39,Slightly Below Avg,7,Average,5.45,Slightly Below Avg,5.69,Slightly Below Avg,18.56,Slightly Above Avg,4.88,Slightly Below Avg,7.09,Average,3.04,Way Below Avg,5.17,Slightly Below Avg,11.14,Way Below Avg,11.92,Slightly Below Avg,27.98,Average,63.79,Slightly Above Avg,7.26,Slightly Below Avg,12.6,Slightly Below Avg,5.99,Way Below Avg,20.25,Average,13.67,Slightly Below Avg,22.58,Slightly Below Avg,14.86,Average,3.2,Way Below Avg,24.73,Slightly Below Avg,2,5,12,,,,,,,,,,
Narjis-2,,2,NEWLANDS,0,0,0,0,1,0,1,-1,1,0,1,0,1,0,1,0,1,0,1,0,1,0,1,0,0,0,1,0,1,0,0,0,1,0,1,0,1,0,1,0,0,0,1,0,1,0,1,0,9.43,Way Below Avg,36.83,Slightly Above Avg,8.8,Average,25.09,Way Above Avg,29.3,Slightly Above Avg,16.44,Slightly Above Avg,14.05,Slightly Above Avg,6,Average,6.97,Average,10.37,Average,11.01,Slightly Above Avg,70.22,Slightly Above Avg,26.01,Average,26.23,Average,44.42,Slightly Above Avg,14.63,Average,17.53,Average,7.74,Slightly Below Avg,17.86,Slightly Below Avg,52.34,Slightly Above Avg,40.98,Average,15.36,Average,12.49,Slightly Above Avg,31.43,Average,1,2,18,,,,,,,,,,
noor-2,,2,NEWLANDS,1,0,1,0,1,0,1,0,1,0,1,1,1,0,1,0,1,0,1,0,1,1,1,0,0.5,0,1,0,1,0,0,0,0,0,0,0,0,0,0,0,0,0,1,1,1,0,1,1,14.3,Slightly Below Avg,9.46,Slightly Below Avg,7.14,Average,6.46,Average,5.45,Slightly Below Avg,4.03,Way Below Avg,6.68,Slightly Below Avg,5.33,Slightly Below Avg,5.49,Average,4.38,Slightly Below Avg,3.55,Way Below Avg,23.91,Slightly Below Avg,37.14,Average,11.06,Slightly Below Avg,27.47,Average,10.51,Average,19.66,Average,13.26,Average,34.47,Average,14.28,Slightly Below Avg,11.92,Way Below Avg,5.29,Way Below Avg,6.38,Slightly Below Avg,17.53,Way Below Avg,3,2,21.5,,,,,,,,,,
nuha-1,,1,NEWLANDS,1,0,1,0,1,0,1,0,1,0,0,0,1,0,0,0,1,0,0,0,1,1,0,0,0,0,1,0,0,0,0,0,0,0,0,0,0,0,0,0,0,0,0,0,1,0,1,0,44.63,Average,23.5,Average,9.63,Average,7.74,Slightly Below Avg,10.7,Average,7.14,Slightly Below Avg,6.39,Slightly Below Avg,5.44,Slightly Below Avg,4.4,Slightly Below Avg,5.15,Slightly Below Avg,4.25,Way Below Avg,5.79,Way Below Avg,6,Way Below Avg,85.51,Slightly Above Avg,43.18,Slightly Above Avg,33.29,Slightly Above Avg,15.69,Average,19.15,Average,39.29,Average,25.25,Slightly Below Avg,33.31,Slightly Below Avg,17.69,Average,18.32,Slightly Above Avg,26.58,Slightly Below Avg,1,1,12,,,,,,,,,,
nusaybah-2,,2,NEWLANDS,1,0,1,0,1,0,1,-1,1,0,1,0,1,0,1,0,1,0,1,0,1,-1,1,-1,1,0,1,0,1,-1,0,0,1,0,0,0,1,0,1,0,0,0,1,0,1,0,1,0,24.97,Average,26.79,Average,23.98,Slightly Above Avg,18.24,Way Above Avg,11.71,Average,9.56,Average,15.9,Slightly Above Avg,8.82,Average,5.84,Average,18.86,Slightly Above Avg,18.89,Way Above Avg,91.75,Way Above Avg,19.12,Average,84.3,Slightly Above Avg,101.06,Way Above Avg,25.03,Slightly Above Avg,16.18,Average,22.89,Average,38.82,Average,36.9,Slightly Above Avg,67.22,Slightly Above Avg,10.92,Average,9.43,Average,33.06,Average,1,1,17,,,,,,,,,,
palwasha-3,,3,NEWLANDS,1,0,1,0,1,0,1,0,1,-1,1,0,1,0,1,0,1,0,1,0,1,0,1,0,1,0,1,0,1,0,0,0,1,0,1,0,1,0,1,0,0,0,1,0,1,0,1,0,11.81,Average,31.8,Slightly Above Avg,6.64,Average,4.37,Slightly Below Avg,27.32,Way Above Avg,6.23,Average,5.13,Slightly Below Avg,11.02,Slightly Above Avg,4.54,Average,4.46,Slightly Below Avg,5.37,Average,51.5,Slightly Above Avg,41.73,Slightly Above Avg,15.51,Average,24.03,Average,20.58,Slightly Above Avg,19.09,Average,8.75,Slightly Below Avg,13.55,Slightly Below Avg,34.47,Slightly Above Avg,16.74,Slightly Below Avg,7.48,Average,10.37,Average,48.17,Slightly Above Avg,1,1,21,,,,,,,,,,
raahim-2,,2,NEWLANDS,1,0,1,0,1,0,1,0,1,0,1,0,1,0,1,0,1,1,0,0,1,0,1,0,1,-1,1,0,0,0,0,-1,1,1,0,0,1,0,0,0,1,0,1,0,0,0,1,0,53.65,Slightly Above Avg,32.85,Average,16.93,Slightly Above Avg,6.36,Average,13.45,Average,9.52,Average,9.02,Average,6.2,Average,3.61,Way Below Avg,5.23,Slightly Below Avg,9.95,Slightly Above Avg,26.54,Average,135.05,Way Above Avg,13.67,Slightly Below Avg,66.69,Slightly Above Avg,44.49,Way Above Avg,8.43,Way Below Avg,10.98,Average,39.84,Slightly Above Avg,42.81,Slightly Above Avg,44.14,Average,14,Average,5.06,Way Below Avg,33.37,Average,1,1,18,,,,,,,,,,
rabdah-2,,2,NEWLANDS,1,0,1,0,1,0,1,0,1,0,0,0,0,0,0,0,1,0,0,0,1,0,0,0,0,0,0,0,0,0,0,0,0,0,1,0,0,0,0,0,0,0,0,0,0,0,1,0,81.56,Slightly Above Avg,23.34,Average,7.48,Average,6.78,Average,18.59,Slightly Above Avg,6.88,Average,7.87,Average,5.28,Slightly Below Avg,6.39,Average,3.87,Way Below Avg,5.14,Slightly Below Avg,10.86,Way Below Avg,5.09,Way Below Avg,23.36,Average,31.48,Average,8.03,Slightly Below Avg,11.68,Slightly Below Avg,7.73,Slightly Below Avg,23.04,Average,22.44,Average,21.15,Slightly Below Avg,21.94,Slightly Above Avg,4.38,Way Below Avg,33.75,Average,1,1,9,,,,,,,,,,
rafay asif-3,,3,NEWLANDS,1,0,1,-1,1,0,1,0,1,0,0,0,1,0,1,1,1,0,1,0,1,1,0,0,0,0,1,0,1,0,0,0,0,0,0,0,1,0,1,0,0,-1,1,0,1,0,1,0,9.92,Slightly Below Avg,41.46,Way Above Avg,5.65,Average,6.77,Average,4.12,Slightly Below Avg,4.66,Slightly Below Avg,11.27,Slightly Above Avg,3,Way Below Avg,8.29,Slightly Above Avg,8.99,Slightly Above Avg,2.7,Way Below Avg,8.97,Way Below Avg,8.56,Way Below Avg,22.46,Average,13.38,Average,8.92,Slightly Below Avg,12.46,Slightly Below Avg,8.08,Slightly Below Avg,15.54,Average,20.34,Average,83.17,Way Above Avg,10.8,Average,15.84,Slightly Above Avg,16.11,Slightly Below Avg,5,3,17,,,,,,,,,,
rahhim-3,,3,NEWLANDS,1,1,0,0,1,0,1,0,1,0,1,0,1,-1,1,-1,1,0,1,0,1,0,1,-1,1,0,1,0,0,0,0,0,0,0,0,0,1,0,1,0,0,0,1,0,1,0,1,0,7.65,Way Below Avg,17.29,Average,5.57,Average,4.34,Slightly Below Avg,5.96,Average,14.72,Slightly Above Avg,15.91,Way Above Avg,11.98,Way Above Avg,7.24,Slightly Above Avg,6.14,Average,5.42,Average,70.81,Way Above Avg,38.79,Slightly Above Avg,12.83,Average,6.98,Way Below Avg,3.34,Way Below Avg,16.87,Average,14.27,Average,12.28,Slightly Below Avg,15.87,Average,22.8,Average,7.77,Average,6.81,Average,13.56,Slightly Below Avg,1,2,16,,,,,,,,,,
rahim-2,,2,NEWLANDS,1,1,1,0,1,1,1,1,1,1,1,0,1,0,1,0,1,0,1,1,1,0,1,0,0.5,0,1,1,0,0,0,0,1,0,0,0,0,0,0,0,0,0,1,0,1,0,1,0,8.99,Way Below Avg,13.07,Slightly Below Avg,4.22,Way Below Avg,4.46,Way Below Avg,4.81,Way Below Avg,5.49,Slightly Below Avg,5.32,Slightly Below Avg,4.26,Slightly Below Avg,4.63,Slightly Below Avg,4.12,Way Below Avg,4.28,Slightly Below Avg,14.13,Slightly Below Avg,31.5,Average,10.24,Way Below Avg,9.18,Way Below Avg,5.74,Slightly Below Avg,11.82,Slightly Below Avg,8.02,Slightly Below Avg,22.44,Average,25.63,Average,20.81,Slightly Below Avg,9.77,Average,6.64,Slightly Below Avg,19.59,Slightly Below Avg,1,1,23.5,,,,,,,,,,
Rahim-3,,3,NEWLANDS,1,0,1,0,1,0,1,1,1,0,1,0,1,0,1,0,1,0,1,0,1,0,1,0,0.5,0,1,1,0,0,1,0,1,0,0,0,1,0,1,0,1,0,1,0,1,0,1,0,13.17,Average,10.88,Average,6.5,Average,3.09,Way Below Avg,4.79,Slightly Below Avg,9.03,Average,5.9,Average,6.76,Average,5.42,Average,4.57,Slightly Below Avg,3.62,Slightly Below Avg,22.98,Average,18.83,Average,8.39,Way Below Avg,19.47,Average,6.06,Slightly Below Avg,12.68,Slightly Below Avg,20.97,Slightly Above Avg,15.56,Average,12.01,Slightly Below Avg,32.77,Average,11.51,Slightly Above Avg,8.63,Average,19.38,Average,1,1,23.5,,,,,,,,,,
rahma-1,,1,NEWLANDS,1,0,1,0,1,0,1,-1,1,0,0,0,1,0,1,0,1,0,1,0,1,0,1,0,1,0,1,0,1,0,0,0,0,-1,1,-1,1,0,1,0,0,0,1,0,1,0,1,0,47.1,Average,32.54,Average,11.44,Average,29.76,Way Above Avg,12.51,Average,5.71,Slightly Below Avg,24.17,Slightly Above Avg,10.57,Average,8.99,Average,23.45,Slightly Above Avg,9.29,Average,49.06,Average,25,Average,28.36,Average,51.74,Slightly Above Avg,14.91,Average,68.65,Way Above Avg,74.94,Way Above Avg,73.99,Slightly Above Avg,45.76,Average,40.59,Average,12.62,Average,11.23,Average,29.37,Average,2,1,17,,,,,,,,,,
rameen-3,,3,NEWLANDS,1,0,1,0,1,0,1,0,1,0,1,1,1,0,1,1,1,1,1,1,1,0,1,0,1,0,1,0,0,0,1,0,1,0,1,0,1,0,1,0,0,0,1,0,1,0,1,0,15.99,Average,13.06,Average,5.11,Slightly Below Avg,7.5,Average,4.22,Slightly Below Avg,3.33,Way Below Avg,4.31,Slightly Below Avg,2.78,Way Below Avg,2.74,Way Below Avg,3.61,Way Below Avg,3.34,Slightly Below Avg,29.46,Average,14.7,Average,23.46,Average,15.31,Average,13.15,Average,20.37,Average,6.85,Slightly Below Avg,18.85,Average,18.77,Average,12.38,Way Below Avg,7.33,Average,6.04,Slightly Below Avg,33.54,Average,1,1,26,,,,,,,,,,
random-3,,3,NEWLANDS,1,0,1,1,1,0,1,1,1,0,1,1,1,1,1,0,1,1,1,0,1,1,1,1,1,0,1,1,1,0,0,0,1,1,1,0,1,0,1,0,1,0,1,1,1,0,1,1,10.64,Slightly Below Avg,6.77,Way Below Avg,4.33,Slightly Below Avg,3.38,Way Below Avg,4.11,Slightly Below Avg,3.77,Way Below Avg,3.44,Way Below Avg,3.48,Slightly Below Avg,2.88,Way Below Avg,5,Average,2.82,Way Below Avg,10.05,Way Below Avg,18.19,Average,8.09,Way Below Avg,12.35,Slightly Below Avg,15.72,Average,6.88,Way Below Avg,6.5,Slightly Below Avg,14.71,Average,24.79,Slightly Above Avg,18.09,Slightly Below Avg,4.71,Way Below Avg,5.92,Slightly Below Avg,13.38,Way Below Avg,5,5,34,,,,,,,,,,
rania-1,,1,NEWLANDS,1,0,1,1,1,1,1,0,0,0,0,0,0,0,0,0,0,0,0,0,0,0,0,0,0,0,1,0,0,0,0,0,0,0,1,0,0,0,0,0,0,0,1,0,1,0,1,0,19.65,Slightly Below Avg,7.3,Way Below Avg,6.58,Way Below Avg,7.98,Slightly Below Avg,6.1,Way Below Avg,5.51,Slightly Below Avg,5,Way Below Avg,3.5,Way Below Avg,3.62,Way Below Avg,4.17,Way Below Avg,7.22,Average,69.52,Slightly Above Avg,9.45,Slightly Below Avg,43.88,Average,57.77,Slightly Above Avg,5.98,Way Below Avg,6.05,Way Below Avg,7.14,Slightly Below Avg,62.19,Slightly Above Avg,12.62,Way Below Avg,20.29,Slightly Below Avg,13.6,Average,8.08,Slightly Below Avg,50.99,Average,1,1,11,,,,,,,,,,
Rania-3,,3,NEWLANDS,1,1,1,0,1,0,1,0,1,0,1,1,1,1,1,1,1,0,1,0,1,1,1,0,1,0,1,0,1,0,0,0,1,-1,0,0,1,1,1,0,0,-1,1,0,1,0,1,1,7.28,Way Below Avg,15.26,Average,4.63,Slightly Below Avg,9.4,Slightly Above Avg,4.66,Slightly Below Avg,2.98,Way Below Avg,3.87,Way Below Avg,2.26,Way Below Avg,4.38,Average,5.76,Average,2.55,Way Below Avg,14.66,Slightly Below Avg,16.25,Average,10.76,Slightly Below Avg,18.12,Average,14.44,Average,40.78,Way Above Avg,29.83,Slightly Above Avg,10.53,Way Below Avg,14.34,Slightly Below Avg,104.22,Way Above Avg,7.62,Average,5.94,Slightly Below Avg,12.86,Way Below Avg,1,1,26,,,,,,,,,,
raniya-3,,3,NEWLANDS,1,-1,1,0,1,0,1,-1,1,0,1,-1,1,0,1,-1,1,0,1,-1,1,0,1,0,1,0,1,0,0,-1,0,0,0,0,0,0,1,0,1,0,0,-1,1,0,1,0,1,0,59.33,Way Above Avg,31.7,Slightly Above Avg,6.5,Average,28.18,Way Above Avg,16.48,Slightly Above Avg,17.98,Way Above Avg,8.6,Slightly Above Avg,13.26,Way Above Avg,7.04,Slightly Above Avg,17.01,Way Above Avg,10.68,Slightly Above Avg,48.14,Slightly Above Avg,37.24,Slightly Above Avg,25.99,Slightly Above Avg,77.31,Way Above Avg,15.89,Average,35.45,Slightly Above Avg,24.41,Slightly Above Avg,40.37,Slightly Above Avg,30.46,Slightly Above Avg,124.59,Way Above Avg,14.33,Slightly Above Avg,11.13,Slightly Above Avg,25.12,Average,1,1,12,,,,,,,,,,
rayan-3-520,,3,NEWLANDS,1,1,1,0,1,0,1,0,1,1,1,1,1,0,0,0,1,0,1,0,1,0,1,1,1,0,1,0,0,0,0,0,1,1,0,0,1,1,1,1,1,0,1,1,1,0,1,1,6.4,Way Below Avg,10.94,Average,5.33,Slightly Below Avg,3.82,Slightly Below Avg,2.75,Way Below Avg,3.58,Way Below Avg,6.52,Average,5.65,Average,4.1,Slightly Below Avg,7.33,Average,4.84,Average,8.51,Way Below Avg,16.49,Average,11.27,Slightly Below Avg,23.67,Average,8.84,Slightly Below Avg,10.27,Slightly Below Avg,8.33,Slightly Below Avg,10.96,Slightly Below Avg,9.46,Way Below Avg,22.31,Average,4.27,Way Below Avg,10.57,Slightly Above Avg,12.51,Way Below Avg,1,1,29,,,,,,,,,,
Rayan-3-521,,3,NEWLANDS,1,1,1,1,1,1,1,1,1,1,1,1,0,0,1,1,1,1,1,1,1,1,1,0,1,0,1,1,1,1,0,0,1,0,1,0,1,1,1,1,0,0,1,1,1,0,1,1,8.06,Way Below Avg,5.42,Way Below Avg,4.15,Slightly Below Avg,2.28,Way Below Avg,3.27,Way Below Avg,3.11,Way Below Avg,4.02,Slightly Below Avg,2.86,Way Below Avg,3.21,Slightly Below Avg,2.72,Way Below Avg,3.26,Slightly Below Avg,12.56,Slightly Below Avg,26.19,Slightly Above Avg,6.6,Way Below Avg,10.42,Slightly Below Avg,10.27,Average,20.35,Average,15.36,Average,7.39,Way Below Avg,7.44,Way Below Avg,18.17,Slightly Below Avg,3.44,Way Below Avg,4.76,Way Below Avg,14.23,Slightly Below Avg,2,1,37,,,,,,,,,,
rayyan-3,,3,NEWLANDS,1,0,1,-1,1,0,1,0,1,0,0,0,1,0,0,0,1,0,0,0,1,0,0,0,1,-1,0,0,1,-1,0,-1,1,-1,0,0,1,-1,1,0,1,-1,1,0,1,0,1,0,40.97,Slightly Above Avg,53.98,Way Above Avg,8.96,Average,7.86,Average,7.98,Average,4.06,Slightly Below Avg,7.42,Average,3.67,Slightly Below Avg,7.74,Slightly Above Avg,5.09,Average,5.18,Average,48.03,Slightly Above Avg,87.31,Way Above Avg,25.25,Slightly Above Avg,275.55,Way Above Avg,30.55,Way Above Avg,42.9,Way Above Avg,14.59,Average,47.73,Way Above Avg,30.26,Slightly Above Avg,162.96,Way Above Avg,9.75,Average,12.68,Slightly Above Avg,38.67,Slightly Above Avg,1,1,10,,,,,,,,,,
reyyan-2,,2,NEWLANDS,1,0,1,0,1,0,1,0,1,0,1,0,1,0,1,0,1,0,1,0,1,0,1,0,1,0,1,0,1,0,0,0,1,0,1,0,1,0,1,-1,0,0,1,0,1,0,1,0,26.07,Average,23.52,Average,11.97,Slightly Above Avg,7.38,Average,6.02,Slightly Below Avg,8.78,Average,9.8,Average,7.51,Average,5.59,Average,8.45,Average,6.74,Average,43.04,Average,16.98,Average,33.61,Average,63.45,Slightly Above Avg,26.41,Slightly Above Avg,37.12,Slightly Above Avg,17.54,Average,22.78,Average,116.82,Way Above Avg,109.99,Slightly Above Avg,14.95,Average,7.44,Slightly Below Avg,48.83,Average,2,2,21,,,,,,,,,,
rida-3,,3,NEWLANDS,1,0,1,-1,1,0,1,0,1,1,0,0,1,1,1,1,1,0,0,0,1,1,0,0,0,0,0,0,0,0,0,0,1,0,0,0,0,0,0,0,0,0,1,0,1,0,1,0,16.86,Average,35.06,Way Above Avg,4.43,Slightly Below Avg,3.97,Slightly Below Avg,3.68,Way Below Avg,5.58,Average,3.81,Way Below Avg,2.95,Way Below Avg,3.41,Slightly Below Avg,3.09,Way Below Avg,2.81,Way Below Avg,6.12,Way Below Avg,7.36,Way Below Avg,6.78,Way Below Avg,8.35,Way Below Avg,4.16,Way Below Avg,15.09,Average,4.8,Way Below Avg,12.97,Slightly Below Avg,17.02,Average,8.92,Way Below Avg,6.46,Slightly Below Avg,9.04,Average,22.38,Average,1,4,16,,,,,,,,,,
Rohaan-2,,2,NEWLANDS,1,0,1,0,1,0,1,0,1,0,1,0,1,0,1,0,1,0,1,0,1,0,1,0,1,0,1,1,1,0,1,0,1,0,0,0,1,0,1,0,0,0,1,1,1,0,1,0,14.34,Slightly Below Avg,12.56,Slightly Below Avg,7.98,Average,9.68,Average,11.56,Average,6.05,Slightly Below Avg,8.21,Average,5.42,Slightly Below Avg,5.6,Average,6.8,Average,8.26,Average,47.42,Average,22.59,Average,10.2,Way Below Avg,42.94,Slightly Above Avg,27.02,Slightly Above Avg,20.92,Average,32.98,Slightly Above Avg,14.83,Slightly Below Avg,28.98,Average,24.33,Slightly Below Avg,5.7,Way Below Avg,10.36,Average,28.33,Average,1,1,24,,,,,,,,,,
rohaan-3,,3,NEWLANDS,1,0,1,0,1,0,1,0,1,0,1,0,1,0,1,0,1,0,1,0,0,0,1,0,1,0,1,0,1,0,1,0,0,0,0,0,0,0,0,0,0,0,1,0,1,0,1,0,12.14,Average,7.97,Slightly Below Avg,4.22,Slightly Below Avg,7.31,Average,8.15,Average,7.78,Average,5.1,Slightly Below Avg,6.88,Average,10.26,Slightly Above Avg,5.69,Average,3.69,Slightly Below Avg,35.39,Slightly Above Avg,20.37,Average,14.08,Average,18.16,Average,5.78,Slightly Below Avg,9.76,Slightly Below Avg,10.38,Average,15.46,Average,6.23,Way Below Avg,12.11,Way Below Avg,7.56,Average,8.56,Average,14.77,Slightly Below Avg,1,1,18,,,,,,,,,,
rohan.@7244 ed.pk-3,,3,NEWLANDS,1,-1,1,0,1,0,1,0,1,0,1,0,1,-1,1,0,0,0,0,0,1,-1,0,0,1,-1,1,-1,0,0,0,0,0,0,0,0,1,0,1,0,0,0,1,-1,1,0,1,-1,72.46,Way Above Avg,11.62,Average,12.27,Slightly Above Avg,6.78,Average,5.32,Slightly Below Avg,9.28,Average,16.74,Way Above Avg,9.99,Slightly Above Avg,8.39,Slightly Above Avg,10.25,Slightly Above Avg,16.89,Way Above Avg,38.71,Slightly Above Avg,102.21,Way Above Avg,50.19,Way Above Avg,21.43,Average,10.94,Average,13.09,Slightly Below Avg,8.45,Slightly Below Avg,38.54,Slightly Above Avg,18.54,Average,39.98,Slightly Above Avg,22.43,Way Above Avg,12.32,Slightly Above Avg,62.47,Way Above Avg,1,1,9,,,,,,,,,,
sarah-2,,2,NEWLANDS,1,1,1,1,1,0,1,0,1,1,1,0,1,0,1,0,1,0,1,0,1,0,1,0,1,0,1,0,1,0,0,0,1,0,0,0,1,0,1,0,1,0,1,0,1,0,1,1,10.28,Way Below Avg,8.33,Way Below Avg,6.7,Average,7.11,Average,5.34,Way Below Avg,8.15,Average,5.18,Slightly Below Avg,7.63,Average,5.83,Average,6.96,Average,7.7,Average,33.06,Average,46.26,Slightly Above Avg,16.33,Slightly Below Avg,24.57,Average,20.97,Average,17.15,Average,21.52,Average,17.86,Slightly Below Avg,15.71,Slightly Below Avg,63.78,Slightly Above Avg,10.16,Average,10,Average,14.27,Way Below Avg,1,1,26,,,,,,,,,,
shahbano-3,,3,NEWLANDS,1,0,1,0,1,0,1,0,1,0,1,0,1,0,1,0,1,1,1,0,1,0,1,0,1,0,1,0,1,0,0,0,1,0,0,-1,1,0,1,0,0,0,1,0,1,0,1,0,10.16,Slightly Below Avg,15.9,Average,6.25,Average,7.06,Average,8.3,Average,4.43,Slightly Below Avg,5.17,Slightly Below Avg,5.28,Average,2.62,Way Below Avg,5.19,Average,4.61,Average,19.43,Average,32.7,Slightly Above Avg,19.5,Average,13.33,Average,25.21,Slightly Above Avg,13.94,Average,41.48,Way Above Avg,20.3,Average,18.26,Average,46.66,Slightly Above Avg,12.86,Slightly Above Avg,8.28,Average,25.6,Average,2,2,21,,,,,,,,,,
shahzaib-3,,3,NEWLANDS,1,1,1,1,1,0,1,1,1,0,1,1,1,1,1,0,1,0,1,1,1,1,1,1,1,0,1,1,1,0,0,0,1,0,0,0,1,1,1,0,1,0,1,1,1,0,1,0,7.8,Way Below Avg,6.55,Way Below Avg,6.6,Average,3.02,Way Below Avg,4.03,Slightly Below Avg,3.16,Way Below Avg,3.56,Way Below Avg,3.26,Slightly Below Avg,4.03,Slightly Below Avg,3.54,Way Below Avg,2.91,Way Below Avg,8.12,Way Below Avg,10.13,Slightly Below Avg,6.76,Way Below Avg,11.01,Slightly Below Avg,3.05,Way Below Avg,26.22,Slightly Above Avg,6.95,Slightly Below Avg,7.45,Way Below Avg,12.75,Slightly Below Avg,15.94,Slightly Below Avg,4.49,Way Below Avg,7.58,Average,18.69,Slightly Below Avg,3,3,33,,,,,,,,,,
shahzil-3,,3,NEWLANDS,0,-1,0,0,1,0,1,0,1,0,0,0,1,0,1,0,1,0,0,0,1,1,0,0,1,0,1,0,0,0,0,0,0,0,0,0,1,0,1,0,0,0,1,0,1,0,1,0,71.22,Way Above Avg,15.34,Average,4.47,Slightly Below Avg,4.82,Slightly Below Avg,11.78,Average,12.62,Slightly Above Avg,7.38,Average,8.04,Slightly Above Avg,4.03,Slightly Below Avg,5.68,Average,2.68,Way Below Avg,21.69,Average,10.65,Slightly Below Avg,13.14,Average,7.91,Way Below Avg,18.75,Slightly Above Avg,14.18,Average,10.1,Average,23.27,Average,20.72,Average,24.62,Average,9.38,Average,11.83,Slightly Above Avg,19.93,Average,1,1,14,,,,,,,,,,
shazil-3,,3,NEWLANDS,1,1,1,0,1,1,1,0,1,-1,0,0,1,0,1,0,1,0,1,0,1,0,1,0,1,0,1,0,1,0,0,0,1,0,0,0,1,-1,1,0,1,0,1,0,1,0,1,1,8.07,Way Below Avg,8.5,Slightly Below Avg,3.32,Way Below Avg,5.23,Slightly Below Avg,20.98,Way Above Avg,12.09,Slightly Above Avg,4.16,Slightly Below Avg,9.26,Slightly Above Avg,5.07,Average,5.26,Average,12.47,Slightly Above Avg,18.82,Average,9.23,Slightly Below Avg,8.82,Slightly Below Avg,30.66,Slightly Above Avg,4.29,Way Below Avg,15.9,Average,27.3,Slightly Above Avg,48.76,Way Above Avg,14.72,Slightly Below Avg,30.68,Average,6.98,Average,7.99,Average,11.82,Way Below Avg,1,1,22,,,,,,,,,,
shehroz-2,,2,NEWLANDS,1,0,1,0,1,0,1,0,1,0,0,0,1,0,1,-1,0,-1,1,-1,0,-1,0,-1,0,0,1,0,1,0,1,0,0,0,1,0,1,0,1,0,0,-1,0,0,1,1,0,0,107.79,Slightly Above Avg,17.31,Average,5.14,Slightly Below Avg,9,Average,25.7,Slightly Above Avg,24.43,Slightly Above Avg,9.82,Average,51.14,Way Above Avg,16.1,Way Above Avg,48.79,Way Above Avg,63.38,Way Above Avg,87.86,Way Above Avg,25.97,Average,19.84,Average,19.12,Average,31.16,Slightly Above Avg,13.4,Average,33.47,Slightly Above Avg,39.3,Slightly Above Avg,30.22,Average,139.91,Way Above Avg,1.3,Way Below Avg,1.83,Way Below Avg,3.43,Way Below Avg,5,5,10,,,,,,,,,,
sher-3,,3,NEWLANDS,1,0,1,-1,1,0,1,0,0,0,0,0,1,0,1,0,1,0,1,0,1,0,0,0,0,-1,1,0,1,0,1,0,1,0,1,0,1,0,1,0,0,0,1,0,1,0,1,0,16.86,Average,56,Way Above Avg,5.62,Average,4.59,Slightly Below Avg,11.16,Average,7.23,Average,8.28,Average,5.49,Average,4.1,Slightly Below Avg,4.7,Slightly Below Avg,3.98,Slightly Below Avg,37.29,Slightly Above Avg,72.75,Way Above Avg,17.74,Average,13.87,Average,27.46,Slightly Above Avg,12.34,Slightly Below Avg,11.64,Average,17.34,Average,29.8,Slightly Above Avg,36.38,Average,6.57,Slightly Below Avg,10.52,Slightly Above Avg,18.06,Slightly Below Avg,1,1,17,,,,,,,,,,
shezre-2,,2,NEWLANDS,1,0,0,0,1,0,1,0,1,0,1,0,0,0,0,0,1,-1,1,0,1,0,0,0,0,0,1,0,1,0,0,0,1,0,0,0,0,0,0,0,0,0,1,0,1,0,1,0,16.5,Average,14.25,Average,9.05,Average,10.23,Average,8.84,Average,10.58,Average,18.17,Slightly Above Avg,10.54,Slightly Above Avg,16.55,Way Above Avg,15.28,Slightly Above Avg,8.55,Average,11.62,Slightly Below Avg,20.3,Average,26.1,Average,16.02,Slightly Below Avg,9.25,Slightly Below Avg,14.58,Average,22.13,Average,23.41,Average,20.36,Average,21.13,Slightly Below Avg,15.8,Average,11.97,Average,41.35,Average,1,1,13,,,,,,,,,,
soban-3,,3,NEWLANDS,1,-1,1,0,1,-1,1,0,1,-1,0,0,1,0,1,0,1,-1,1,-1,1,-1,1,0,1,0,1,0,1,0,0,0,0,0,1,0,1,0,1,0,0,0,1,0,1,-1,1,-1,62.28,Way Above Avg,19.17,Slightly Above Avg,15.04,Way Above Avg,11.25,Slightly Above Avg,31.41,Way Above Avg,16.26,Slightly Above Avg,6.55,Average,6.27,Average,16.24,Way Above Avg,17.39,Way Above Avg,20.97,Way Above Avg,28.01,Average,19.62,Average,39.82,Slightly Above Avg,54.32,Slightly Above Avg,24.55,Slightly Above Avg,19.46,Average,16.43,Average,34.79,Slightly Above Avg,36.44,Slightly Above Avg,21.74,Average,8.26,Average,18.81,Way Above Avg,105.26,Way Above Avg,1,1,12,,,,,,,,,,
subhan-1,,1,NEWLANDS,0,0,1,0,1,0,1,1,0,0,0,0,1,0,0,0,1,0,0,0,1,-1,1,0,0.5,0,1,0,0,0,0,0,1,0,1,0,0,0,0,-1,0,0,0,0,0,0,1,0,38.78,Average,36.83,Average,11.02,Average,5.54,Way Below Avg,29.38,Slightly Above Avg,8.3,Average,18.08,Slightly Above Avg,20.31,Slightly Above Avg,12.1,Slightly Above Avg,5.82,Slightly Below Avg,31.95,Way Above Avg,48.36,Average,42.67,Average,49.78,Average,35.63,Average,21.23,Average,11.42,Slightly Below Avg,18.06,Average,17.75,Slightly Below Avg,155.5,Way Above Avg,69.83,Average,5.09,Way Below Avg,3.81,Way Below Avg,20.7,Slightly Below Avg,1,1,10.5,,,,,,,,,,
suleman-3-587,,3,NEWLANDS,0,0,1,0,1,0,1,0,1,0,1,-1,1,-1,1,-1,0,-1,1,-1,1,0,1,0,1,1,1,0,0,0,0,0,0,0,0,-1,0,0,1,0,1,0,0,-1,1,1,1,0,11.53,Average,21.62,Slightly Above Avg,8.1,Average,6.92,Average,14.21,Slightly Above Avg,25.79,Way Above Avg,50.97,Way Above Avg,11.78,Way Above Avg,16.66,Way Above Avg,10.25,Slightly Above Avg,5.74,Average,24.89,Average,12.69,Slightly Below Avg,20.1,Average,17.33,Average,17,Average,23.06,Average,34.41,Slightly Above Avg,15.85,Average,36.54,Slightly Above Avg,29.66,Average,46.81,Way Above Avg,4.26,Way Below Avg,16.03,Slightly Below Avg,2,1,11,,,,,,,,,,
suleman-3-588,,3,NEWLANDS,1,-1,1,-1,1,-1,1,-1,1,0,1,0,1,0,1,0,1,0,1,0,1,-1,1,0,1,-1,1,-1,1,0,0,0,0,-1,1,0,1,0,1,-1,0,0,1,0,1,-1,1,0,22.86,Slightly Above Avg,47.96,Way Above Avg,19.21,Way Above Avg,14,Way Above Avg,17.37,Slightly Above Avg,10.89,Slightly Above Avg,15.09,Way Above Avg,8.83,Slightly Above Avg,6.53,Average,6.52,Average,13.66,Way Above Avg,42.18,Slightly Above Avg,68.62,Way Above Avg,53.57,Way Above Avg,54.72,Way Above Avg,19.82,Slightly Above Avg,30.38,Slightly Above Avg,33.95,Slightly Above Avg,35.25,Slightly Above Avg,55.65,Way Above Avg,29.22,Average,13,Slightly Above Avg,18.75,Way Above Avg,25.17,Average,5,5,11,,,,,,,,,,
tanishasyde-1,,1,NEWLANDS,0,0,1,0,1,0,1,0,1,0,0,0,1,0,0,0,0,0,0,0,1,0,0,0,0,0,1,0,0,0,0,0,1,0,1,0,0,0,0,0,0,0,1,0,0,0,1,0,40.87,Average,37.11,Average,14.61,Average,13.04,Average,29.39,Slightly Above Avg,8.08,Average,15.37,Average,13.26,Slightly Above Avg,6.78,Average,4.63,Slightly Below Avg,6.74,Average,24.3,Slightly Below Avg,25.54,Average,26.02,Slightly Below Avg,15.44,Slightly Below Avg,21.49,Average,10.36,Slightly Below Avg,13.73,Average,25.74,Slightly Below Avg,38.96,Average,18.95,Slightly Below Avg,18.51,Average,6.92,Slightly Below Avg,49.88,Average,1,1,11,,,,,,,,,,
umaimah-3,,3,NEWLANDS,1,0,1,0,1,1,1,0,1,0,1,0,1,0,1,0,1,0,1,0,1,0,1,0,1,0,1,0,1,0,0,0,1,0,0,0,1,0,1,0,0,-1,1,0,1,0,1,0,9.98,Slightly Below Avg,13.92,Average,3.54,Way Below Avg,7.82,Average,6.01,Average,6.78,Average,7.54,Average,5.3,Average,3.47,Slightly Below Avg,6.34,Average,3.37,Slightly Below Avg,20.34,Average,28.63,Slightly Above Avg,21.44,Average,21.38,Average,14.46,Average,24.76,Average,15.98,Average,26.14,Slightly Above Avg,27.52,Slightly Above Avg,130.67,Way Above Avg,5.28,Slightly Below Avg,9.44,Average,13.59,Slightly Below Avg,1,1,21,,,,,,,,,,
urwah-3,,3,NEWLANDS,0,0,1,0,1,0,1,0,0,-1,1,0,1,0,1,0,0,0,1,0,0,0,0,0,0,0,0,-1,0,0,0,0,0,0,0,0,0,0,0,0,0,0,0,0,0,0,1,0,25.48,Slightly Above Avg,17.4,Average,10.5,Slightly Above Avg,11.57,Slightly Above Avg,22.18,Way Above Avg,5,Slightly Below Avg,5.1,Slightly Below Avg,4.07,Slightly Below Avg,5.3,Average,6.31,Average,5.85,Average,14.56,Slightly Below Avg,8.58,Slightly Below Avg,108.69,Way Above Avg,21.36,Average,5.58,Way Below Avg,7.42,Way Below Avg,5.14,Way Below Avg,20.06,Average,23.92,Average,42.25,Slightly Above Avg,10.23,Average,12.99,Slightly Above Avg,46.73,Slightly Above Avg,1,1,6,,,,,,,,,,
wafa-2,,2,NEWLANDS,1,0,1,0,1,0,1,0,1,1,0,0,1,1,0,0,1,0,0,0,1,1,0,0,0,0,1,0,0,0,0,0,0,0,1,0,1,-1,0,0,0,0,0,0,0,0,1,0,17.68,Average,19.64,Average,6.72,Average,6.55,Average,4.93,Way Below Avg,3.61,Way Below Avg,4.47,Way Below Avg,3.79,Way Below Avg,6.58,Average,3.66,Way Below Avg,3.11,Way Below Avg,9.3,Way Below Avg,6.36,Way Below Avg,16.19,Slightly Below Avg,15.02,Slightly Below Avg,12.96,Average,9.18,Slightly Below Avg,9.82,Slightly Below Avg,119.14,Way Above Avg,9.45,Way Below Avg,96.56,Slightly Above Avg,4.61,Way Below Avg,4.1,Way Below Avg,37.31,Average,5,3,14,,,,,,,,,,
wali sher-2,,2,NEWLANDS,1,0,1,0,1,0,1,0,1,0,1,1,1,0,0,0,1,0,1,0,0,0,0,-1,0,0,1,0,1,0,0,0,0,0,0,0,1,0,0,0,0,0,0,0,1,1,1,0,19.73,Average,26.67,Average,5.88,Slightly Below Avg,5.9,Slightly Below Avg,6.23,Slightly Below Avg,4.62,Way Below Avg,13.07,Slightly Above Avg,8.22,Average,4.83,Slightly Below Avg,15.06,Slightly Above Avg,8.69,Average,120.75,Way Above Avg,19.13,Average,36.61,Average,18.38,Average,7.9,Slightly Below Avg,9.36,Slightly Below Avg,11.67,Average,31.38,Average,42.8,Slightly Above Avg,23.62,Slightly Below Avg,6.86,Slightly Below Avg,3.53,Way Below Avg,22.85,Slightly Below Avg,1,3,15,,,,,,,,,,
wali-2-614,,2,NEWLANDS,0,-1,1,1,1,0,1,0,1,0,0,0,1,1,0,0,1,1,1,1,0,0,0,0,0,0,0,0,1,1,0,0,0,0,0,0,0,0,0,0,0,0,0,0,0,0,1,1,67.59,Slightly Above Avg,6.74,Way Below Avg,6.88,Average,8.97,Average,6.35,Slightly Below Avg,3.33,Way Below Avg,3.14,Way Below Avg,3.14,Way Below Avg,3.43,Way Below Avg,2.67,Way Below Avg,4.11,Slightly Below Avg,9.78,Way Below Avg,11.63,Slightly Below Avg,9.55,Way Below Avg,9.72,Way Below Avg,4.48,Way Below Avg,2.81,Way Below Avg,3.73,Way Below Avg,8.76,Way Below Avg,14.32,Slightly Below Avg,6.12,Way Below Avg,5.22,Way Below Avg,4.45,Way Below Avg,15.45,Way Below Avg,2,5,14,,,,,,,,,,
wali-2-615,,2,NEWLANDS,1,0,1,0,1,0,1,0,1,0,1,1,1,0,0,0,1,0,0,0,1,0,0,0,0,0,1,0,1,0,1,0,1,0,0,0,1,0,1,0,0,0,1,0,1,0,1,0,21.42,Average,18.69,Average,9.94,Average,11.42,Slightly Above Avg,6.94,Slightly Below Avg,4.99,Slightly Below Avg,6.05,Slightly Below Avg,4.49,Slightly Below Avg,5.04,Slightly Below Avg,3.72,Way Below Avg,5.65,Average,8.34,Way Below Avg,19.15,Average,18.57,Average,18.2,Average,12.28,Average,12.56,Slightly Below Avg,7.41,Slightly Below Avg,20.54,Average,19.87,Average,43.08,Average,17.69,Slightly Above Avg,8.58,Average,17.54,Way Below Avg,1,1,19,,,,,,,,,,
wali-2-616,,2,NEWLANDS,1,0,1,0,1,0,1,0,1,0,1,0,1,0,1,0,1,0,1,0,1,0,0.5,-1,1,0,1,0,0,0,0,0,0,0,1,0,1,0,1,0,1,0,1,0,1,0,1,0,15.16,Slightly Below Avg,19.62,Average,5.75,Slightly Below Avg,5.48,Slightly Below Avg,8.32,Average,10.27,Average,9.81,Average,4.58,Slightly Below Avg,4.12,Way Below Avg,4.56,Slightly Below Avg,5.24,Slightly Below Avg,69.44,Slightly Above Avg,10.03,Slightly Below Avg,16.43,Slightly Below Avg,16.56,Slightly Below Avg,5.88,Slightly Below Avg,7.05,Way Below Avg,10.21,Average,26.93,Average,19.23,Slightly Below Avg,50,Average,7.91,Slightly Below Avg,9.91,Average,38.74,Average,1,1,19.5,,,,,,,,,,
wali-2-617,,2,NEWLANDS,1,0,0,0,0,-1,1,0,1,0,1,0,1,0,1,-1,0,-1,1,0,1,0,0,0,0,0,1,0,0,0,0,0,1,0,0,0,0,0,0,0,0,0,0,-1,0,0,1,0,15.79,Average,20.77,Average,15.1,Slightly Above Avg,7.56,Average,10.67,Average,6.98,Average,17.42,Slightly Above Avg,45.69,Way Above Avg,19.57,Way Above Avg,13.28,Average,8.06,Average,6.58,Way Below Avg,16.03,Slightly Below Avg,30.89,Average,34.76,Slightly Above Avg,6.33,Slightly Below Avg,10.15,Slightly Below Avg,5.58,Way Below Avg,20.92,Average,21.62,Average,25.34,Slightly Below Avg,52.09,Way Above Avg,8.15,Average,51.61,Slightly Above Avg,1,1,7,,,,,,,,,,
waniya-3,,3,NEWLANDS,1,0,1,0,1,0,1,0,1,0,1,-1,1,0,1,0,1,0,1,0,1,0,0.5,0,1,-1,1,0,1,0,0,0,1,0,0,0,0,0,1,-1,0,0,1,0,1,0,1,0,13.68,Average,22.94,Slightly Above Avg,11.67,Slightly Above Avg,8.56,Average,17.88,Slightly Above Avg,18.71,Way Above Avg,7.89,Average,8.51,Slightly Above Avg,9.9,Slightly Above Avg,9.86,Slightly Above Avg,4.18,Average,37.01,Slightly Above Avg,88.41,Way Above Avg,34.05,Slightly Above Avg,35.34,Slightly Above Avg,27.52,Slightly Above Avg,17.66,Average,20.95,Slightly Above Avg,28.29,Slightly Above Avg,67.36,Way Above Avg,38.26,Slightly Above Avg,12.72,Slightly Above Avg,7.06,Average,21.77,Average,1,1,16.5,,,,,,,,,,
wasay-3,,3,NEWLANDS,1,0,1,0,1,0,1,-1,1,-1,1,-1,1,0,1,0,1,0,1,0,1,0,1,0,1,0,1,0,1,0,1,0,0,-1,1,0,0,0,1,0,1,0,1,0,1,0,1,1,18.15,Average,16.32,Average,8.09,Average,26.49,Way Above Avg,23.34,Way Above Avg,18.34,Way Above Avg,12.36,Slightly Above Avg,6.7,Average,7.29,Slightly Above Avg,12.58,Slightly Above Avg,11.14,Slightly Above Avg,17.02,Average,13.39,Average,22.83,Average,35.58,Slightly Above Avg,21.66,Slightly Above Avg,45.23,Way Above Avg,19.95,Slightly Above Avg,15.98,Average,17.94,Average,16.24,Slightly Below Avg,7.73,Average,5.37,Slightly Below Avg,13.48,Way Below Avg,2,1,19,,,,,,,,,,
yahya-3,,3,NEWLANDS,1,0,1,1,1,-1,1,0,1,0,1,0,1,1,1,1,1,0,1,0,1,0,1,0,1,0,1,1,1,0,1,0,1,0,1,0,1,1,1,0,1,0,1,1,1,0,1,0,9.28,Slightly Below Avg,5.5,Way Below Avg,15.72,Way Above Avg,4.9,Slightly Below Avg,4.33,Slightly Below Avg,6.75,Average,3.63,Way Below Avg,2.82,Way Below Avg,4.09,Slightly Below Avg,5.56,Average,3.21,Slightly Below Avg,11.22,Slightly Below Avg,19.97,Average,8.16,Way Below Avg,21.41,Average,11.05,Average,22.42,Average,7.46,Slightly Below Avg,10.66,Way Below Avg,17.5,Average,14.82,Slightly Below Avg,4.17,Way Below Avg,11.2,Slightly Above Avg,20.91,Average,1,1,29,,,,,,,,,,
yaqub-3,,3,NEWLANDS,1,0,1,0,1,0,1,0,1,0,1,0,1,0,1,0,1,0,1,0,1,-1,1,-1,1,0,1,0,1,0,0,0,1,0,0,-1,1,0,1,0,0,-1,1,0,1,0,1,0,20.94,Average,18.71,Average,9.76,Slightly Above Avg,10.78,Slightly Above Avg,13.31,Slightly Above Avg,11.62,Slightly Above Avg,13.07,Slightly Above Avg,4.9,Average,5.81,Average,4.86,Average,25.07,Way Above Avg,63.81,Way Above Avg,28.97,Slightly Above Avg,10.42,Slightly Below Avg,26.11,Average,18.6,Slightly Above Avg,20.8,Average,72.26,Way Above Avg,26.03,Slightly Above Avg,41.44,Slightly Above Avg,245.28,Way Above Avg,17.54,Slightly Above Avg,10.9,Slightly Above Avg,15.37,Slightly Below Avg,1,1,17,,,,,,,,,,
yasha-1,,1,NEWLANDS,1,0,1,0,1,0,1,0,1,1,1,0,1,0,1,0,1,0,1,0,1,0,1,0,1,0,1,0,0,0,1,0,0,0,1,0,1,0,1,0,1,0,1,0,1,0,1,0,21.98,Average,12.77,Slightly Below Avg,11.1,Average,8.64,Average,6.14,Way Below Avg,8.56,Average,8.5,Average,6.42,Average,6.51,Average,13.38,Average,6.02,Average,41.9,Average,16.2,Average,35.01,Average,33.35,Average,17.42,Average,18.11,Average,7.38,Slightly Below Avg,28.71,Average,34.55,Average,68.95,Average,9.16,Slightly Below Avg,9.62,Average,35.63,Average,1,2,23,,,,,,,,,,
yousaf-2,,2,NEWLANDS,0,0,1,-1,1,0,1,0,1,0,0,0,1,0,1,0,1,0,0,0,0,0,0,0,0,0,1,0,0,0,0,0,0,0,0,0,1,0,1,0,0,-1,0,-1,0,0,0,0,57.97,Slightly Above Avg,78.3,Way Above Avg,6.67,Average,12.38,Slightly Above Avg,20.44,Slightly Above Avg,13.2,Average,13.54,Slightly Above Avg,13.79,Slightly Above Avg,11.51,Slightly Above Avg,17.78,Slightly Above Avg,12.3,Slightly Above Avg,31.82,Average,24.86,Average,23.68,Average,27.69,Average,12.18,Average,15.9,Average,16.32,Average,28.72,Average,29.36,Average,115.52,Way Above Avg,32.47,Way Above Avg,6.85,Slightly Below Avg,18.94,Slightly Below Avg,2,2,7,,,,,,,,,,
yusuf-2,,2,NEWLANDS,1,0,1,0,1,0,1,0,1,0,1,0,1,0,1,0,1,0,1,0,1,1,0,0,0,0,0,0,0,0,0,0,0,0,0,0,1,0,1,0,1,0,1,0,1,0,1,1,16.77,Average,10.3,Slightly Below Avg,7.46,Average,5.88,Slightly Below Avg,13.32,Average,7.66,Average,6.11,Slightly Below Avg,5.78,Slightly Below Avg,5.05,Slightly Below Avg,5.05,Slightly Below Avg,3.42,Way Below Avg,23.47,Slightly Below Avg,9.17,Way Below Avg,17.12,Average,13.35,Slightly Below Avg,4.72,Way Below Avg,10.9,Slightly Below Avg,8.48,Slightly Below Avg,16.05,Slightly Below Avg,16.78,Slightly Below Avg,18.97,Slightly Below Avg,7.09,Slightly Below Avg,7.17,Slightly Below Avg,17.49,Way Below Avg,2,2,19,,,,,,,,,,
zaviar-3,,3,NEWLANDS,1,0,1,0,1,0,1,0,1,0,1,0,1,0,1,0,1,0,1,0,1,0,1,0,1,0,1,0,1,0,0,0,1,0,1,-1,1,-1,1,0,0,0,1,0,1,0,1,-1,15.91,Average,12.26,Average,5.42,Average,12.93,Slightly Above Avg,4.3,Slightly Below Avg,7.5,Average,7.04,Average,8.23,Slightly Above Avg,6.59,Average,13.15,Slightly Above Avg,6.78,Average,51.66,Slightly Above Avg,23.86,Average,18.95,Average,25.91,Average,8.68,Slightly Below Avg,36.13,Slightly Above Avg,65.8,Way Above Avg,44.81,Way Above Avg,28.8,Slightly Above Avg,28.78,Average,7.17,Average,10.3,Average,83.02,Way Above Avg,3,3,19,,,,,,,,,,
zaviyar-3,,3,NEWLANDS,1,0,1,0,0,0,1,0,1,0,1,0,1,0,1,0,1,0,1,0,1,0,1,0,1,0,1,0,1,0,0,0,1,0,1,0,1,0,1,0,1,0,1,0,1,0,1,0,13.67,Average,11.55,Average,4.46,Slightly Below Avg,5,Slightly Below Avg,5.69,Average,10.05,Slightly Above Avg,5.37,Average,5.69,Average,4.61,Average,4.16,Slightly Below Avg,4.11,Slightly Below Avg,14.52,Slightly Below Avg,21.94,Average,13.85,Average,21.22,Average,8.18,Slightly Below Avg,24.32,Average,20.95,Slightly Above Avg,17.79,Average,17.53,Average,23.55,Average,6.36,Slightly Below Avg,6.3,Slightly Below Avg,20.85,Average,1,1,22,,,,,,,,,,
zayann-2,,2,NEWLANDS,1,0,1,0,1,0,1,0,0,0,1,0,1,0,1,0,1,0,0,0,1,0,0,0,0,0,1,0,1,0,0,0,1,0,1,0,1,0,1,0,1,0,1,0,1,0,1,0,28.28,Average,17.7,Average,6.78,Average,10.63,Slightly Above Avg,6.35,Slightly Below Avg,7.54,Average,21.34,Slightly Above Avg,10.34,Slightly Above Avg,7.74,Average,4.59,Slightly Below Avg,5.46,Slightly Below Avg,14.42,Slightly Below Avg,8.82,Way Below Avg,17.38,Average,18.9,Average,11.86,Average,25.89,Average,13.62,Average,43.91,Slightly Above Avg,32.89,Average,65.9,Slightly Above Avg,8.75,Slightly Below Avg,8.03,Average,32.84,Average,1,3,19,,,,,,,,,,
zayyan-3,,3,NEWLANDS,1,1,1,1,1,0,1,0,1,0,1,0,1,0,1,0,1,0,1,0,1,-1,1,0,1,0,1,1,1,0,1,0,1,0,1,0,1,0,1,0,1,1,1,0,1,0,1,0,6.97,Way Below Avg,6.77,Way Below Avg,4.58,Slightly Below Avg,9.9,Slightly Above Avg,4.22,Slightly Below Avg,6.09,Average,5.15,Slightly Below Avg,5.27,Average,7.86,Slightly Above Avg,6.05,Average,13.98,Way Above Avg,20.04,Average,15.41,Average,8.56,Way Below Avg,21.64,Average,9.63,Average,13.22,Slightly Below Avg,27.95,Slightly Above Avg,18.12,Average,18.1,Average,10.53,Way Below Avg,5.07,Slightly Below Avg,5.29,Slightly Below Avg,19.58,Average,2,2,27,,,,,,,,,,
zeenia-3,,3,NEWLANDS,1,0,1,0,1,0,1,0,1,0,1,0,1,0,1,0,1,0,1,0,1,0,1,0,1,0,1,0,1,0,1,0,0,0,0,0,1,0,1,0,0,0,1,0,1,0,1,0,17.01,Average,9.24,Slightly Below Avg,7.2,Average,10.57,Slightly Above Avg,13.79,Slightly Above Avg,11.13,Slightly Above Avg,10.74,Slightly Above Avg,7.3,Average,7.22,Slightly Above Avg,6.36,Average,7.56,Slightly Above Avg,38.81,Slightly Above Avg,23.65,Average,23.69,Slightly Above Avg,24.76,Average,21.76,Slightly Above Avg,19.65,Average,10.5,Average,18.54,Average,16.5,Average,23.07,Average,9.97,Average,13.58,Slightly Above Avg,56.5,Slightly Above Avg,2,2,21,,,,,,,,,,
zirwah-2,,2,NEWLANDS,1,0,1,0,1,0,1,-1,1,0,1,0,1,0,1,0,1,0,1,0,1,0,0,0,0,0,1,0,1,0,0,0,1,0,0,0,1,0,1,0,1,0,1,0,1,-1,1,0,12.49,Slightly Below Avg,13.81,Slightly Below Avg,5.89,Slightly Below Avg,18.3,Way Above Avg,5.81,Slightly Below Avg,8.24,Average,5.69,Slightly Below Avg,5.07,Slightly Below Avg,5.66,Average,7.38,Average,7.22,Average,12.09,Slightly Below Avg,22.12,Average,36.09,Average,19.79,Average,19.62,Average,17.22,Average,18.74,Average,14.78,Slightly Below Avg,18.1,Slightly Below Avg,29.26,Average,7.22,Slightly Below Avg,20.82,Way Above Avg,24.93,Slightly Below Avg,1,1,18,,,,,,,,,,
zohra-1,,1,NEWLANDS,0,0,0,0,1,0,1,0,0,-1,0,0,0,0,0,0,0,0,1,0,0,0,0,0,0,0,1,-1,1,-1,0,0,0,0,0,0,1,0,1,0,0,-1,1,0,1,0,1,0,38.06,Average,32.29,Average,10.46,Average,16.88,Slightly Above Avg,84.16,Way Above Avg,16.09,Slightly Above Avg,18.19,Slightly Above Avg,12.5,Slightly Above Avg,4.45,Slightly Below Avg,10.73,Average,5.65,Slightly Below Avg,43.3,Average,16.63,Average,124.24,Way Above Avg,117.58,Way Above Avg,7.72,Slightly Below Avg,18.05,Average,7.97,Slightly Below Avg,26.22,Slightly Below Avg,39.35,Average,186.67,Way Above Avg,12.93,Average,6.24,Slightly Below Avg,28.46,Slightly Below Avg,2,2,6,,,,,,,,,,
zoya-1,,1,NEWLANDS,1,0,1,0,1,0,1,0,1,0,0,0,1,0,0,0,1,-1,1,-1,1,-1,1,-1,0.5,-1,1,0,1,0,1,0,1,0,1,0,0,0,1,0,1,1,1,0,1,0,1,0,75.46,Slightly Above Avg,59.58,Slightly Above Avg,11,Average,10.86,Average,34.03,Slightly Above Avg,8.82,Average,15.38,Average,11.5,Slightly Above Avg,20.7,Way Above Avg,46.67,Way Above Avg,42.81,Way Above Avg,107.14,Way Above Avg,103.79,Way Above Avg,44.48,Average,79.23,Slightly Above Avg,30.56,Slightly Above Avg,10.6,Slightly Below Avg,10.37,Average,40.92,Average,53.36,Average,8,Way Below Avg,14.81,Average,11.22,Average,25.33,Slightly Below Avg,2,1,16.5,,,,,,,,,,
